[2026-07-27 22:09:24] [INFO] [server.py:538] - 🧹 用户通过 API 成功清空日志
[2026-07-27 22:09:29] [INFO] [javdb_scraper.py:377] - 📋 [User] 正在拉取用户清单目录 (类型: mine)...
[2026-07-27 22:09:32] [INFO] [javdb_scraper.py:409] - ✅ [User] 成功拉取到 3 个 [mine] 清单
[2026-07-27 22:10:07] [INFO] [javdb_scraper.py:1028] - 📊 [115 Quota] 离线配额 -> 总量: 1500, 已用: 41, 剩余可用: 1459
[2026-07-27 22:10:08] [INFO] [javdb_scraper.py:1028] - 📊 [115 Quota] 离线配额 -> 总量: 1500, 已用: 41, 剩余可用: 1459
[2026-07-27 22:10:11] [INFO] [javdb_scraper.py:1028] - 📊 [115 Quota] 离线配额 -> 总量: 1500, 已用: 41, 剩余可用: 1459
[2026-07-27 22:10:11] [INFO] [javdb_scraper.py:1028] - 📊 [115 Quota] 离线配额 -> 总量: 1500, 已用: 41, 剩余可用: 1459
[2026-07-27 22:10:14] [INFO] [javdb_scraper.py:1028] - 📊 [115 Quota] 离线配额 -> 总量: 1500, 已用: 41, 剩余可用: 1459
[2026-07-27 22:10:15] [INFO] [javdb_scraper.py:1028] - 📊 [115 Quota] 离线配额 -> 总量: 1500, 已用: 41, 剩余可用: 1459
[2026-07-27 22:10:19] [INFO] [javdb_scraper.py:356] - 🎭 [User] 正在拉取用户订阅演员...
[2026-07-27 22:10:22] [INFO] [javdb_scraper.py:372] - ✅ [User] 成功拉取到 5 位已订阅演员
[2026-07-27 22:15:46] [INFO] [javdb_scraper.py:356] - 🎭 [User] 正在拉取用户订阅演员...
[2026-07-27 22:15:49] [INFO] [javdb_scraper.py:372] - ✅ [User] 成功拉取到 5 位已订阅演员
[2026-07-27 22:16:30] [INFO] [server.py:96] - ⏰ APScheduler 定时任务引擎已启动
[2026-07-27 22:16:30] [INFO] [server.py:98] - 📥 异步任务队列 Consumer 已就绪
[2026-07-27 22:16:39] [INFO] [javdb_scraper.py:1028] - 📊 [115 Quota] 离线配额 -> 总量: 1500, 已用: 41, 剩余可用: 1459
[2026-07-27 22:16:40] [INFO] [javdb_scraper.py:1028] - 📊 [115 Quota] 离线配额 -> 总量: 1500, 已用: 41, 剩余可用: 1459
[2026-07-27 22:16:41] [INFO] [javdb_scraper.py:356] - 🎭 [User] 正在拉取用户订阅演员...
[2026-07-27 22:16:43] [INFO] [javdb_scraper.py:372] - ✅ [User] 成功拉取到 5 位已订阅演员
[2026-07-27 22:16:56] [INFO] [javdb_scraper.py:377] - 📋 [User] 正在拉取用户清单目录 (类型: mine)...
[2026-07-27 22:17:00] [INFO] [javdb_scraper.py:409] - ✅ [User] 成功拉取到 3 个 [mine] 清单
[2026-07-27 22:17:24] [INFO] [server.py:43] - ▶️ [Queue] 开始执行队列任务 [1f3e181b] | 类型: auto_scrape
[2026-07-27 22:17:24] [INFO] [javdb_scraper.py:562] - 📄 [Scrape] 正在抓取索引页 [1]: https://javdb.com/actors/zK8rJ
[2026-07-27 22:17:27] [INFO] [javdb_scraper.py:556] - 📥 [DB] 索引记录批量存库成功 (6 条)
[2026-07-27 22:17:27] [INFO] [javdb_scraper.py:572] - ✅ [Scrape] 达到最大指定抓取页数 (1 页)，停止翻页。
[2026-07-27 22:17:27] [INFO] [javdb_scraper.py:592] - 🚀 [Scrape] 开始抓取待更新影片详情，总量: 6
[2026-07-27 22:17:27] [INFO] [javdb_scraper.py:594] - 🔎 [1/6] 抓取详情: FNS-214 (https://javdb.com/v/qA7AND)
[2026-07-27 22:17:31] [INFO] [javdb_scraper.py:594] - 🔎 [2/6] 抓取详情: FNS-187 (https://javdb.com/v/3nNRO9)
[2026-07-27 22:17:33] [INFO] [javdb_scraper.py:594] - 🔎 [3/6] 抓取详情: FNS-174 (https://javdb.com/v/QNrwn9)
[2026-07-27 22:17:37] [INFO] [javdb_scraper.py:594] - 🔎 [4/6] 抓取详情: FNS-160 (https://javdb.com/v/6dWA87)
[2026-07-27 22:17:40] [INFO] [javdb_scraper.py:594] - 🔎 [5/6] 抓取详情: FNS-156 (https://javdb.com/v/kKbere)
[2026-07-27 22:17:43] [INFO] [javdb_scraper.py:594] - 🔎 [6/6] 抓取详情: FNS-155 (https://javdb.com/v/gyW8vQ)
[2026-07-27 22:17:51] [INFO] [javdb_scraper.py:1028] - 📊 [115 Quota] 离线配额 -> 总量: 1500, 已用: 41, 剩余可用: 1459
[2026-07-27 22:17:51] [INFO] [javdb_scraper.py:1028] - 📊 [115 Quota] 离线配额 -> 总量: 1500, 已用: 41, 剩余可用: 1459
[2026-07-27 22:17:58] [INFO] [javdb_scraper.py:377] - 📋 [User] 正在拉取用户清单目录 (类型: mine)...
[2026-07-27 22:18:00] [INFO] [javdb_scraper.py:409] - ✅ [User] 成功拉取到 3 个 [mine] 清单
[2026-07-27 22:20:08] [INFO] [server.py:96] - ⏰ APScheduler 定时任务引擎已启动
[2026-07-27 22:20:08] [INFO] [server.py:98] - 📥 异步任务队列 Consumer 已就绪
[2026-07-27 22:20:23] [INFO] [javdb_scraper.py:1028] - 📊 [115 Quota] 离线配额 -> 总量: 1500, 已用: 41, 剩余可用: 1459
[2026-07-27 22:20:23] [INFO] [javdb_scraper.py:1028] - 📊 [115 Quota] 离线配额 -> 总量: 1500, 已用: 41, 剩余可用: 1459
[2026-07-27 22:20:25] [INFO] [javdb_scraper.py:356] - 🎭 [User] 正在拉取用户订阅演员...
[2026-07-27 22:20:28] [INFO] [javdb_scraper.py:372] - ✅ [User] 成功拉取到 5 位已订阅演员
[2026-07-27 22:23:27] [INFO] [server.py:96] - ⏰ APScheduler 定时任务引擎已启动
[2026-07-27 22:23:27] [INFO] [server.py:98] - 📥 异步任务队列 Consumer 已就绪
[2026-07-27 22:23:44] [INFO] [javdb_scraper.py:1028] - 📊 [115 Quota] 离线配额 -> 总量: 1500, 已用: 41, 剩余可用: 1459
[2026-07-27 22:23:45] [INFO] [javdb_scraper.py:1028] - 📊 [115 Quota] 离线配额 -> 总量: 1500, 已用: 41, 剩余可用: 1459
[2026-07-27 22:26:28] [INFO] [server.py:96] - ⏰ APScheduler 定时任务引擎已启动
[2026-07-27 22:26:28] [INFO] [server.py:98] - 📥 异步任务队列 Consumer 已就绪
[2026-07-27 22:26:36] [INFO] [javdb_scraper.py:1028] - 📊 [115 Quota] 离线配额 -> 总量: 1500, 已用: 41, 剩余可用: 1459
[2026-07-27 22:26:37] [INFO] [javdb_scraper.py:1028] - 📊 [115 Quota] 离线配额 -> 总量: 1500, 已用: 41, 剩余可用: 1459
[2026-07-27 22:28:20] [INFO] [server.py:96] - ⏰ APScheduler 定时任务引擎已启动
[2026-07-27 22:28:20] [INFO] [server.py:98] - 📥 异步任务队列 Consumer 已就绪
[2026-07-27 22:28:38] [INFO] [javdb_scraper.py:1028] - 📊 [115 Quota] 离线配额 -> 总量: 1500, 已用: 41, 剩余可用: 1459
[2026-07-27 22:28:38] [INFO] [javdb_scraper.py:1028] - 📊 [115 Quota] 离线配额 -> 总量: 1500, 已用: 41, 剩余可用: 1459
[2026-07-27 22:28:39] [INFO] [javdb_scraper.py:377] - 📋 [User] 正在拉取用户清单目录 (类型: mine)...
[2026-07-27 22:28:42] [INFO] [javdb_scraper.py:409] - ✅ [User] 成功拉取到 3 个 [mine] 清单
[2026-07-27 22:30:21] [INFO] [server.py:96] - ⏰ APScheduler 定时任务引擎已启动
[2026-07-27 22:30:21] [INFO] [server.py:98] - 📥 异步任务队列 Consumer 已就绪
[2026-07-27 22:30:33] [INFO] [javdb_scraper.py:1028] - 📊 [115 Quota] 离线配额 -> 总量: 1500, 已用: 41, 剩余可用: 1459
[2026-07-27 22:30:34] [INFO] [javdb_scraper.py:1028] - 📊 [115 Quota] 离线配额 -> 总量: 1500, 已用: 41, 剩余可用: 1459
[2026-07-27 22:31:35] [INFO] [server.py:96] - ⏰ APScheduler 定时任务引擎已启动
[2026-07-27 22:31:35] [INFO] [server.py:98] - 📥 异步任务队列 Consumer 已就绪
[2026-07-27 22:31:43] [INFO] [javdb_scraper.py:1028] - 📊 [115 Quota] 离线配额 -> 总量: 1500, 已用: 41, 剩余可用: 1459
[2026-07-27 22:31:44] [INFO] [javdb_scraper.py:1028] - 📊 [115 Quota] 离线配额 -> 总量: 1500, 已用: 41, 剩余可用: 1459
[2026-07-27 22:34:51] [INFO] [server.py:96] - ⏰ APScheduler 定时任务引擎已启动
[2026-07-27 22:34:51] [INFO] [server.py:98] - 📥 异步任务队列 Consumer 已就绪
[2026-07-27 22:35:01] [INFO] [javdb_scraper.py:1028] - 📊 [115 Quota] 离线配额 -> 总量: 1500, 已用: 41, 剩余可用: 1459
[2026-07-27 22:35:02] [INFO] [javdb_scraper.py:1028] - 📊 [115 Quota] 离线配额 -> 总量: 1500, 已用: 41, 剩余可用: 1459
[2026-07-27 22:38:03] [INFO] [server.py:96] - ⏰ APScheduler 定时任务引擎已启动
[2026-07-27 22:38:03] [INFO] [server.py:98] - 📥 异步任务队列 Consumer 已就绪
[2026-07-27 22:38:22] [INFO] [javdb_scraper.py:1028] - 📊 [115 Quota] 离线配额 -> 总量: 1500, 已用: 41, 剩余可用: 1459
[2026-07-27 22:38:23] [INFO] [javdb_scraper.py:1028] - 📊 [115 Quota] 离线配额 -> 总量: 1500, 已用: 41, 剩余可用: 1459
[2026-07-27 22:38:25] [INFO] [javdb_scraper.py:343] - 🔍 [User] 正在请求个人中心校验 Cookie 权限...
[2026-07-27 22:38:28] [INFO] [javdb_scraper.py:351] - ✅ [User] Cookie 验证有效！
[2026-07-27 22:38:37] [INFO] [server.py:43] - ▶️ [Queue] 开始执行队列任务 [21975f10] | 类型: auto_scrape
[2026-07-27 22:38:37] [INFO] [javdb_scraper.py:562] - 📄 [Scrape] 正在抓取索引页 [1]: https://javdb.com/actors/zK8rJ
[2026-07-27 22:38:40] [INFO] [javdb_scraper.py:556] - 📥 [DB] 索引记录批量存库成功 (6 条)
[2026-07-27 22:38:40] [INFO] [javdb_scraper.py:572] - ✅ [Scrape] 达到最大指定抓取页数 (1 页)，停止翻页。
[2026-07-27 22:38:40] [INFO] [javdb_scraper.py:592] - 🚀 [Scrape] 开始抓取待更新影片详情，总量: 0
[2026-07-27 22:38:47] [INFO] [javdb_scraper.py:1028] - 📊 [115 Quota] 离线配额 -> 总量: 1500, 已用: 41, 剩余可用: 1459
[2026-07-27 22:38:48] [INFO] [javdb_scraper.py:1028] - 📊 [115 Quota] 离线配额 -> 总量: 1500, 已用: 41, 剩余可用: 1459
[2026-07-27 22:40:18] [INFO] [javdb_scraper.py:356] - 🎭 [User] 正在拉取用户订阅演员...
[2026-07-27 22:40:21] [INFO] [javdb_scraper.py:372] - ✅ [User] 成功拉取到 5 位已订阅演员
[2026-07-27 22:40:26] [INFO] [javdb_scraper.py:356] - 🎭 [User] 正在拉取用户订阅演员...
[2026-07-27 22:40:29] [INFO] [javdb_scraper.py:372] - ✅ [User] 成功拉取到 5 位已订阅演员
[2026-07-27 22:40:36] [INFO] [javdb_scraper.py:356] - 🎭 [User] 正在拉取用户订阅演员...
[2026-07-27 22:40:39] [INFO] [javdb_scraper.py:372] - ✅ [User] 成功拉取到 5 位已订阅演员
[2026-07-27 22:41:04] [INFO] [server.py:96] - ⏰ APScheduler 定时任务引擎已启动
[2026-07-27 22:41:04] [INFO] [server.py:98] - 📥 异步任务队列 Consumer 已就绪
[2026-07-27 22:41:24] [INFO] [javdb_scraper.py:362] - 🎭 [User] 正在拉取用户订阅演员...
[2026-07-27 22:41:26] [INFO] [javdb_scraper.py:378] - ✅ [User] 成功拉取到 5 位已订阅演员
[2026-07-27 22:41:32] [INFO] [server.py:96] - ⏰ APScheduler 定时任务引擎已启动
[2026-07-27 22:41:32] [INFO] [server.py:98] - 📥 异步任务队列 Consumer 已就绪
[2026-07-27 22:41:37] [INFO] [javdb_scraper.py:362] - 🎭 [User] 正在拉取用户订阅演员...
[2026-07-27 22:41:40] [INFO] [javdb_scraper.py:378] - ✅ [User] 成功拉取到 5 位已订阅演员
[2026-07-27 22:41:58] [INFO] [javdb_scraper.py:1034] - 📊 [115 Quota] 离线配额 -> 总量: 1500, 已用: 41, 剩余可用: 1459
[2026-07-27 22:41:58] [INFO] [javdb_scraper.py:1034] - 📊 [115 Quota] 离线配额 -> 总量: 1500, 已用: 41, 剩余可用: 1459
[2026-07-27 22:42:02] [INFO] [javdb_scraper.py:1034] - 📊 [115 Quota] 离线配额 -> 总量: 1500, 已用: 41, 剩余可用: 1459
[2026-07-27 22:42:02] [INFO] [javdb_scraper.py:1034] - 📊 [115 Quota] 离线配额 -> 总量: 1500, 已用: 41, 剩余可用: 1459
[2026-07-27 22:42:03] [INFO] [javdb_scraper.py:383] - 📋 [User] 正在拉取用户清单目录 (类型: mine)...
[2026-07-27 22:42:06] [INFO] [javdb_scraper.py:362] - 🎭 [User] 正在拉取用户订阅演员...
[2026-07-27 22:42:07] [INFO] [javdb_scraper.py:415] - ✅ [User] 成功拉取到 3 个 [mine] 清单
[2026-07-27 22:42:09] [INFO] [javdb_scraper.py:378] - ✅ [User] 成功拉取到 5 位已订阅演员
[2026-07-27 22:42:35] [INFO] [javdb_scraper.py:1034] - 📊 [115 Quota] 离线配额 -> 总量: 1500, 已用: 41, 剩余可用: 1459
[2026-07-27 22:43:41] [INFO] [javdb_scraper.py:383] - 📋 [User] 正在拉取用户清单目录 (类型: favorite)...
[2026-07-27 22:43:44] [INFO] [javdb_scraper.py:415] - ✅ [User] 成功拉取到 1 个 [favorite] 清单
[2026-07-27 22:43:45] [INFO] [javdb_scraper.py:383] - 📋 [User] 正在拉取用户清单目录 (类型: mine)...
[2026-07-27 22:43:48] [INFO] [javdb_scraper.py:415] - ✅ [User] 成功拉取到 3 个 [mine] 清单
[2026-07-27 22:47:38] [INFO] [javdb_scraper.py:383] - 📋 [User] 正在拉取用户清单目录 (类型: mine)...
[2026-07-27 22:47:41] [INFO] [javdb_scraper.py:415] - ✅ [User] 成功拉取到 0 个 [mine] 清单
[2026-07-27 22:47:41] [INFO] [javdb_scraper.py:383] - 📋 [User] 正在拉取用户清单目录 (类型: favorite)...
[2026-07-27 22:47:44] [INFO] [javdb_scraper.py:415] - ✅ [User] 成功拉取到 0 个 [favorite] 清单
[2026-07-27 22:48:23] [INFO] [server.py:96] - ⏰ APScheduler 定时任务引擎已启动
[2026-07-27 22:48:23] [INFO] [server.py:98] - 📥 异步任务队列 Consumer 已就绪
[2026-07-27 22:48:31] [INFO] [javdb_scraper.py:383] - 📋 [User] 正在拉取用户清单目录 (类型: mine)...
[2026-07-27 22:48:35] [INFO] [javdb_scraper.py:426] - ✅ [User] 成功拉取到 0 个 [mine] 清单
[2026-07-27 22:49:30] [INFO] [server.py:96] - ⏰ APScheduler 定时任务引擎已启动
[2026-07-27 22:49:30] [INFO] [server.py:98] - 📥 异步任务队列 Consumer 已就绪
[2026-07-27 22:49:49] [INFO] [javdb_scraper.py:1045] - 📊 [115 Quota] 离线配额 -> 总量: 1500, 已用: 41, 剩余可用: 1459
[2026-07-27 22:49:50] [INFO] [javdb_scraper.py:1045] - 📊 [115 Quota] 离线配额 -> 总量: 1500, 已用: 41, 剩余可用: 1459
[2026-07-27 22:49:52] [INFO] [javdb_scraper.py:383] - 📋 [User] 正在拉取用户清单目录 (类型: mine)...
[2026-07-27 22:49:55] [INFO] [javdb_scraper.py:426] - ✅ [User] 成功拉取到 0 个 [mine] 清单
[2026-07-27 22:49:57] [INFO] [javdb_scraper.py:383] - 📋 [User] 正在拉取用户清单目录 (类型: mine)...
[2026-07-27 22:50:00] [INFO] [javdb_scraper.py:426] - ✅ [User] 成功拉取到 0 个 [mine] 清单
[2026-07-27 22:50:01] [INFO] [javdb_scraper.py:383] - 📋 [User] 正在拉取用户清单目录 (类型: favorite)...
[2026-07-27 22:50:03] [INFO] [javdb_scraper.py:426] - ✅ [User] 成功拉取到 0 个 [favorite] 清单
[2026-07-27 22:50:14] [INFO] [javdb_scraper.py:349] - 🔍 [User] 正在请求个人中心校验 Cookie 权限...
[2026-07-27 22:50:16] [INFO] [javdb_scraper.py:357] - ✅ [User] Cookie 验证有效！
[2026-07-27 22:50:18] [INFO] [javdb_scraper.py:383] - 📋 [User] 正在拉取用户清单目录 (类型: favorite)...
[2026-07-27 22:50:21] [INFO] [javdb_scraper.py:426] - ✅ [User] 成功拉取到 0 个 [favorite] 清单
[2026-07-27 22:50:22] [INFO] [javdb_scraper.py:383] - 📋 [User] 正在拉取用户清单目录 (类型: mine)...
[2026-07-27 22:50:26] [INFO] [javdb_scraper.py:426] - ✅ [User] 成功拉取到 0 个 [mine] 清单
[2026-07-27 22:50:26] [INFO] [javdb_scraper.py:362] - 🎭 [User] 正在拉取用户订阅演员...
[2026-07-27 22:50:28] [INFO] [javdb_scraper.py:378] - ✅ [User] 成功拉取到 0 位已订阅演员
[2026-07-27 22:51:04] [INFO] [javdb_scraper.py:1045] - 📊 [115 Quota] 离线配额 -> 总量: 1500, 已用: 41, 剩余可用: 1459
[2026-07-27 22:51:04] [INFO] [javdb_scraper.py:1045] - 📊 [115 Quota] 离线配额 -> 总量: 1500, 已用: 41, 剩余可用: 1459
[2026-07-27 22:51:05] [INFO] [javdb_scraper.py:362] - 🎭 [User] 正在拉取用户订阅演员...
[2026-07-27 22:51:08] [INFO] [javdb_scraper.py:378] - ✅ [User] 成功拉取到 0 位已订阅演员
[2026-07-27 22:51:16] [INFO] [javdb_scraper.py:362] - 🎭 [User] 正在拉取用户订阅演员...
[2026-07-27 22:51:19] [INFO] [javdb_scraper.py:378] - ✅ [User] 成功拉取到 0 位已订阅演员
[2026-07-27 22:51:26] [INFO] [javdb_scraper.py:362] - 🎭 [User] 正在拉取用户订阅演员...
[2026-07-27 22:51:29] [INFO] [javdb_scraper.py:378] - ✅ [User] 成功拉取到 0 位已订阅演员
[2026-07-27 22:51:39] [INFO] [javdb_scraper.py:1045] - 📊 [115 Quota] 离线配额 -> 总量: 1500, 已用: 41, 剩余可用: 1459
[2026-07-27 22:51:40] [INFO] [javdb_scraper.py:1045] - 📊 [115 Quota] 离线配额 -> 总量: 1500, 已用: 41, 剩余可用: 1459
[2026-07-27 22:51:40] [INFO] [javdb_scraper.py:1045] - 📊 [115 Quota] 离线配额 -> 总量: 1500, 已用: 41, 剩余可用: 1459
[2026-07-27 22:51:41] [INFO] [javdb_scraper.py:1045] - 📊 [115 Quota] 离线配额 -> 总量: 1500, 已用: 41, 剩余可用: 1459
[2026-07-27 22:51:42] [INFO] [javdb_scraper.py:349] - 🔍 [User] 正在请求个人中心校验 Cookie 权限...
[2026-07-27 22:51:45] [INFO] [javdb_scraper.py:357] - ✅ [User] Cookie 验证有效！
[2026-07-27 22:52:20] [INFO] [server.py:96] - ⏰ APScheduler 定时任务引擎已启动
[2026-07-27 22:52:20] [INFO] [server.py:98] - 📥 异步任务队列 Consumer 已就绪
[2026-07-27 22:52:42] [INFO] [server.py:96] - ⏰ APScheduler 定时任务引擎已启动
[2026-07-27 22:52:42] [INFO] [server.py:98] - 📥 异步任务队列 Consumer 已就绪
[2026-07-27 22:52:56] [INFO] [javdb_scraper.py:1049] - 📊 [115 Quota] 离线配额 -> 总量: 1500, 已用: 41, 剩余可用: 1459
[2026-07-27 22:52:56] [INFO] [javdb_scraper.py:1049] - 📊 [115 Quota] 离线配额 -> 总量: 1500, 已用: 41, 剩余可用: 1459
[2026-07-27 22:52:58] [INFO] [javdb_scraper.py:349] - 🔍 [User] 正在请求个人中心校验 Cookie 权限...
[2026-07-27 22:53:01] [WARNING] [javdb_scraper.py:354] - ⚠️ [User] Cookie 已失效 (重定向至登录页)
[2026-07-27 22:53:05] [INFO] [javdb_scraper.py:385] - 📋 [User] 正在拉取用户清单目录 (类型: mine)...
[2026-07-27 22:53:07] [WARNING] [javdb_scraper.py:388] - ⚠️ [User] 拉取 [mine] 清单失败：Cookie 已失效，需重新登录或设置 Cookie
[2026-07-27 22:53:35] [INFO] [server.py:601] - ⚙️ [Config] 配置修改成功！已更新 ['DEFAULT_COOKIES'] 并同步写回 config.ini
[2026-07-27 22:53:35] [INFO] [javdb_scraper.py:1049] - 📊 [115 Quota] 离线配额 -> 总量: 1500, 已用: 41, 剩余可用: 1459
[2026-07-27 22:53:37] [INFO] [javdb_scraper.py:349] - 🔍 [User] 正在请求个人中心校验 Cookie 权限...
[2026-07-27 22:53:42] [INFO] [javdb_scraper.py:349] - 🔍 [User] 正在请求个人中心校验 Cookie 权限...
[2026-07-27 22:53:49] [INFO] [javdb_scraper.py:349] - 🔍 [User] 正在请求个人中心校验 Cookie 权限...
[2026-07-27 22:53:53] [INFO] [server.py:601] - ⚙️ [Config] 配置修改成功！已更新 ['DEFAULT_COOKIES'] 并同步写回 config.ini
[2026-07-27 22:53:54] [INFO] [javdb_scraper.py:1049] - 📊 [115 Quota] 离线配额 -> 总量: 1500, 已用: 41, 剩余可用: 1459
[2026-07-27 22:53:59] [INFO] [javdb_scraper.py:349] - 🔍 [User] 正在请求个人中心校验 Cookie 权限...
[2026-07-27 22:54:06] [INFO] [server.py:601] - ⚙️ [Config] 配置修改成功！已更新 ['DEFAULT_COOKIES'] 并同步写回 config.ini
[2026-07-27 22:54:07] [INFO] [javdb_scraper.py:1049] - 📊 [115 Quota] 离线配额 -> 总量: 1500, 已用: 41, 剩余可用: 1459
[2026-07-27 22:54:09] [INFO] [javdb_scraper.py:385] - 📋 [User] 正在拉取用户清单目录 (类型: mine)...
[2026-07-27 22:54:12] [INFO] [javdb_scraper.py:430] - ✅ [User] 成功拉取到 0 个 [mine] 清单
[2026-07-27 22:54:16] [INFO] [javdb_scraper.py:362] - 🎭 [User] 正在拉取用户订阅演员...
[2026-07-27 22:54:18] [INFO] [javdb_scraper.py:380] - ✅ [User] 成功拉取到 0 位已订阅演员
[2026-07-27 22:54:44] [INFO] [javdb_scraper.py:349] - 🔍 [User] 正在请求个人中心校验 Cookie 权限...
[2026-07-27 22:55:23] [INFO] [javdb_scraper.py:349] - 🔍 [User] 正在请求个人中心校验 Cookie 权限...
[2026-07-27 22:55:35] [INFO] [javdb_scraper.py:1049] - 📊 [115 Quota] 离线配额 -> 总量: 1500, 已用: 41, 剩余可用: 1459
[2026-07-27 22:55:38] [INFO] [javdb_scraper.py:49] - 🔑 [Auth] 正在请求 JavDB 登录页面获取 CSRF Token: https://javdb.com/login
[2026-07-27 22:55:39] [INFO] [javdb_scraper.py:73] - 🧩 [Auth] 识别到图形验证码，正在获取验证码图片...
[2026-07-27 22:55:39] [INFO] [javdb_scraper.py:78] - ✅ [Auth] 验证码图片 Base64 解析成功
[2026-07-27 22:55:39] [INFO] [javdb_scraper.py:90] - 💡 [Auth] 成功创建登录临时会话, Session ID: fa4b3f3e2cb0432f84a64ba1b85da798
[2026-07-27 22:55:51] [INFO] [javdb_scraper.py:106] - 🔄 [Auth] 正在为会话 [fa4b3f3e2cb0432f84a64ba1b85da798] 重新获取验证码...
[2026-07-27 22:55:51] [INFO] [javdb_scraper.py:111] - ✅ [Auth] 验证码刷新成功
[2026-07-27 22:55:58] [INFO] [javdb_scraper.py:135] - 🚀 [Auth] 正在提交登录表单 (账号: ghsyxll@outlook.com)...
[2026-07-27 22:55:59] [INFO] [javdb_scraper.py:156] - 🎉 [Auth] JavDB 模拟直登成功！Cookie 凭证提取完毕
[2026-07-27 22:55:59] [INFO] [server.py:285] - 🔑 模拟登录成功，新 Cookie 已更新写入 config.ini！
[2026-07-27 22:55:59] [INFO] [javdb_scraper.py:1049] - 📊 [115 Quota] 离线配额 -> 总量: 1500, 已用: 41, 剩余可用: 1459
[2026-07-27 22:56:06] [INFO] [javdb_scraper.py:362] - 🎭 [User] 正在拉取用户订阅演员...
[2026-07-27 22:56:09] [INFO] [javdb_scraper.py:380] - ✅ [User] 成功拉取到 5 位已订阅演员
[2026-07-27 22:56:10] [INFO] [javdb_scraper.py:385] - 📋 [User] 正在拉取用户清单目录 (类型: mine)...
[2026-07-27 22:56:13] [INFO] [javdb_scraper.py:430] - ✅ [User] 成功拉取到 3 个 [mine] 清单
[2026-07-27 22:56:42] [INFO] [javdb_scraper.py:385] - 📋 [User] 正在拉取用户清单目录 (类型: favorite)...
[2026-07-27 22:56:44] [INFO] [javdb_scraper.py:430] - ✅ [User] 成功拉取到 1 个 [favorite] 清单
[2026-07-27 22:56:52] [INFO] [javdb_scraper.py:385] - 📋 [User] 正在拉取用户清单目录 (类型: mine)...
[2026-07-27 22:56:55] [INFO] [javdb_scraper.py:430] - ✅ [User] 成功拉取到 3 个 [mine] 清单
[2026-07-27 22:59:03] [INFO] [javdb_scraper.py:385] - 📋 [User] 正在拉取用户清单目录 (类型: mine)...
[2026-07-27 22:59:05] [INFO] [javdb_scraper.py:1049] - 📊 [115 Quota] 离线配额 -> 总量: 1500, 已用: 41, 剩余可用: 1459
[2026-07-27 22:59:06] [INFO] [javdb_scraper.py:385] - 📋 [User] 正在拉取用户清单目录 (类型: mine)...
[2026-07-27 22:59:07] [INFO] [javdb_scraper.py:430] - ✅ [User] 成功拉取到 3 个 [mine] 清单
[2026-07-27 22:59:07] [INFO] [javdb_scraper.py:385] - 📋 [User] 正在拉取用户清单目录 (类型: favorite)...
[2026-07-27 22:59:09] [INFO] [javdb_scraper.py:430] - ✅ [User] 成功拉取到 3 个 [mine] 清单
[2026-07-27 22:59:11] [INFO] [javdb_scraper.py:430] - ✅ [User] 成功拉取到 1 个 [favorite] 清单
[2026-07-27 22:59:40] [INFO] [server.py:96] - ⏰ APScheduler 定时任务引擎已启动
[2026-07-27 22:59:40] [INFO] [server.py:98] - 📥 异步任务队列 Consumer 已就绪
[2026-07-27 22:59:48] [INFO] [javdb_scraper.py:385] - 📋 [User] 正在拉取用户清单目录 (类型: mine)...
[2026-07-27 22:59:52] [INFO] [javdb_scraper.py:435] - ✅ [User] 成功拉取到 3 个 [mine] 清单
[2026-07-27 23:00:05] [INFO] [javdb_scraper.py:1054] - 📊 [115 Quota] 离线配额 -> 总量: 1500, 已用: 41, 剩余可用: 1459
[2026-07-27 23:00:06] [INFO] [javdb_scraper.py:1054] - 📊 [115 Quota] 离线配额 -> 总量: 1500, 已用: 41, 剩余可用: 1459
[2026-07-27 23:00:07] [INFO] [javdb_scraper.py:385] - 📋 [User] 正在拉取用户清单目录 (类型: mine)...
[2026-07-27 23:00:10] [INFO] [javdb_scraper.py:435] - ✅ [User] 成功拉取到 3 个 [mine] 清单
[2026-07-27 23:00:53] [INFO] [server.py:43] - ▶️ [Queue] 开始执行队列任务 [48651677] | 类型: auto_scrape
[2026-07-27 23:00:54] [INFO] [javdb_scraper.py:588] - 📄 [Scrape] 正在抓取索引页 [1]: https://javdb.com/lists/452GVp
[2026-07-27 23:00:56] [INFO] [javdb_scraper.py:582] - 📥 [DB] 索引记录批量存库成功 (4 条)
[2026-07-27 23:00:56] [INFO] [javdb_scraper.py:606] - 🔚 [Scrape] 抓取至末页
[2026-07-27 23:00:56] [INFO] [javdb_scraper.py:618] - 🚀 [Scrape] 开始抓取待更新影片详情，总量: 4
[2026-07-27 23:00:56] [INFO] [javdb_scraper.py:620] - 🔎 [1/4] 抓取详情: SNOS-258 (https://javdb.com/v/Ww7RYR)
[2026-07-27 23:01:00] [INFO] [javdb_scraper.py:620] - 🔎 [2/4] 抓取详情: OFJE-540 (https://javdb.com/v/r3D57z)
[2026-07-27 23:01:03] [INFO] [javdb_scraper.py:620] - 🔎 [3/4] 抓取详情: OFJE-543 (https://javdb.com/v/dezWBM)
[2026-07-27 23:01:06] [INFO] [javdb_scraper.py:620] - 🔎 [4/4] 抓取详情: MIUM-1445 (https://javdb.com/v/96Qq95)
[2026-07-27 23:02:27] [INFO] [javdb_scraper.py:319] - 🗑️ [DB] 已从数据库物理删除番号 [FNS-214]
[2026-07-28 21:08:50] [INFO] [server.py:96] - ⏰ APScheduler 定时任务引擎已启动
[2026-07-28 21:08:50] [INFO] [server.py:98] - 📥 异步任务队列 Consumer 已就绪
[2026-07-28 21:11:14] [INFO] [javdb_scraper.py:1054] - 📊 [115 Quota] 离线配额 -> 总量: 1500, 已用: 41, 剩余可用: 1459
[2026-07-28 21:11:14] [INFO] [javdb_scraper.py:1054] - 📊 [115 Quota] 离线配额 -> 总量: 1500, 已用: 41, 剩余可用: 1459
[2026-07-28 21:11:18] [INFO] [javdb_scraper.py:1054] - 📊 [115 Quota] 离线配额 -> 总量: 1500, 已用: 41, 剩余可用: 1459
[2026-07-28 21:11:19] [INFO] [javdb_scraper.py:1054] - 📊 [115 Quota] 离线配额 -> 总量: 1500, 已用: 41, 剩余可用: 1459
[2026-07-28 21:11:28] [INFO] [javdb_scraper.py:362] - 🎭 [User] 正在拉取用户订阅演员...
[2026-07-28 21:11:32] [INFO] [javdb_scraper.py:380] - ✅ [User] 成功拉取到 5 位已订阅演员
[2026-07-28 21:11:36] [INFO] [javdb_scraper.py:385] - 📋 [User] 正在拉取用户清单目录 (类型: mine)...
[2026-07-28 21:11:39] [INFO] [javdb_scraper.py:435] - ✅ [User] 成功拉取到 3 个 [mine] 清单
[2026-07-28 21:19:31] [INFO] [server.py:96] - ⏰ APScheduler 定时任务引擎已启动
[2026-07-28 21:19:31] [INFO] [server.py:98] - 📥 异步任务队列 Consumer 已就绪
[2026-07-28 21:19:36] [INFO] [javdb_scraper.py:385] - 📋 [User] 正在拉取用户清单目录 (类型: mine)...
[2026-07-28 21:19:38] [INFO] [javdb_scraper.py:435] - ✅ [User] 成功拉取到 3 个 [mine] 清单
[2026-07-28 21:20:02] [INFO] [javdb_scraper.py:1054] - 📊 [115 Quota] 离线配额 -> 总量: 1500, 已用: 41, 剩余可用: 1459
[2026-07-28 21:20:02] [INFO] [javdb_scraper.py:1054] - 📊 [115 Quota] 离线配额 -> 总量: 1500, 已用: 41, 剩余可用: 1459
[2026-07-28 21:20:03] [INFO] [javdb_scraper.py:385] - 📋 [User] 正在拉取用户清单目录 (类型: mine)...
[2026-07-28 21:20:05] [INFO] [javdb_scraper.py:435] - ✅ [User] 成功拉取到 3 个 [mine] 清单
[2026-07-28 21:21:12] [INFO] [javdb_scraper.py:385] - 📋 [User] 正在拉取用户清单目录 (类型: favorite)...
[2026-07-28 21:21:15] [INFO] [javdb_scraper.py:435] - ✅ [User] 成功拉取到 1 个 [favorite] 清单
[2026-07-28 21:21:20] [INFO] [javdb_scraper.py:385] - 📋 [User] 正在拉取用户清单目录 (类型: mine)...
[2026-07-28 21:21:23] [INFO] [javdb_scraper.py:435] - ✅ [User] 成功拉取到 3 个 [mine] 清单
[2026-07-28 21:22:44] [INFO] [server.py:43] - ▶️ [Queue] 开始执行队列任务 [f42362e4] | 类型: auto_scrape
[2026-07-28 21:22:44] [INFO] [javdb_scraper.py:588] - 📄 [Scrape] 正在抓取索引页 [1]: https://javdb.com/users/list_detail?id=NwDvJ4&lst=0
[2026-07-28 21:22:47] [INFO] [javdb_scraper.py:582] - 📥 [DB] 索引记录批量存库成功 (1 条)
[2026-07-28 21:22:47] [INFO] [javdb_scraper.py:606] - 🔚 [Scrape] 抓取至末页
[2026-07-28 21:22:47] [INFO] [javdb_scraper.py:618] - 🚀 [Scrape] 开始抓取待更新影片详情，总量: 0
[2026-07-28 21:24:41] [INFO] [server.py:96] - ⏰ APScheduler 定时任务引擎已启动
[2026-07-28 21:24:41] [INFO] [server.py:98] - 📥 异步任务队列 Consumer 已就绪
[2026-07-28 21:24:47] [INFO] [javdb_scraper.py:385] - 📋 [User] 正在拉取用户清单目录 (类型: mine)...
[2026-07-28 21:24:50] [INFO] [javdb_scraper.py:435] - ✅ [User] 成功拉取到 3 个 [mine] 清单
[2026-07-28 21:26:36] [INFO] [server.py:100] - ⏰ APScheduler 定时任务引擎已启动
[2026-07-28 21:26:36] [INFO] [server.py:102] - 📥 异步任务队列 Consumer 已就绪
[2026-07-28 21:26:42] [INFO] [javdb_scraper.py:385] - 📋 [User] 正在拉取用户清单目录 (类型: mine)...
[2026-07-28 21:26:44] [INFO] [javdb_scraper.py:435] - ✅ [User] 成功拉取到 3 个 [mine] 清单
[2026-07-28 21:28:50] [INFO] [server.py:100] - ⏰ APScheduler 定时任务引擎已启动
[2026-07-28 21:28:50] [INFO] [server.py:102] - 📥 异步任务队列 Consumer 已就绪
[2026-07-28 21:28:57] [INFO] [javdb_scraper.py:614] - 📄 [Scrape] 正在抓取索引页 [1]: https://javdb.com/lists/452GVp?lst=0
[2026-07-28 21:29:00] [INFO] [javdb_scraper.py:597] - 📥 [DB] 索引记录批量存库成功 (4 条)
[2026-07-28 21:29:00] [INFO] [javdb_scraper.py:662] - 🔚 [Scrape] 抓取至末页
[2026-07-28 21:31:12] [INFO] [javdb_scraper.py:1110] - 📊 [115 Quota] 离线配额 -> 总量: 1500, 已用: 41, 剩余可用: 1459
[2026-07-28 21:31:12] [INFO] [javdb_scraper.py:1110] - 📊 [115 Quota] 离线配额 -> 总量: 1500, 已用: 41, 剩余可用: 1459
[2026-07-28 21:31:14] [INFO] [javdb_scraper.py:385] - 📋 [User] 正在拉取用户清单目录 (类型: mine)...
[2026-07-28 21:31:16] [INFO] [javdb_scraper.py:435] - ✅ [User] 成功拉取到 3 个 [mine] 清单
[2026-07-28 21:32:23] [INFO] [server.py:100] - ⏰ APScheduler 定时任务引擎已启动
[2026-07-28 21:32:23] [INFO] [server.py:102] - 📥 异步任务队列 Consumer 已就绪
[2026-07-28 21:32:28] [INFO] [javdb_scraper.py:385] - 📋 [User] 正在拉取用户清单目录 (类型: mine)...
[2026-07-28 21:32:31] [INFO] [javdb_scraper.py:435] - ✅ [User] 成功拉取到 3 个 [mine] 清单
[2026-07-28 21:32:42] [INFO] [javdb_scraper.py:1110] - 📊 [115 Quota] 离线配额 -> 总量: 1500, 已用: 41, 剩余可用: 1459
[2026-07-28 21:32:42] [INFO] [javdb_scraper.py:1110] - 📊 [115 Quota] 离线配额 -> 总量: 1500, 已用: 41, 剩余可用: 1459
[2026-07-28 21:32:42] [INFO] [javdb_scraper.py:385] - 📋 [User] 正在拉取用户清单目录 (类型: mine)...
[2026-07-28 21:32:45] [INFO] [javdb_scraper.py:435] - ✅ [User] 成功拉取到 3 个 [mine] 清单
[2026-07-28 21:33:19] [INFO] [javdb_scraper.py:1110] - 📊 [115 Quota] 离线配额 -> 总量: 1500, 已用: 41, 剩余可用: 1459
[2026-07-28 21:33:19] [INFO] [javdb_scraper.py:1110] - 📊 [115 Quota] 离线配额 -> 总量: 1500, 已用: 41, 剩余可用: 1459
[2026-07-28 21:33:21] [INFO] [javdb_scraper.py:385] - 📋 [User] 正在拉取用户清单目录 (类型: mine)...
[2026-07-28 21:33:24] [INFO] [javdb_scraper.py:435] - ✅ [User] 成功拉取到 3 个 [mine] 清单
[2026-07-28 21:39:41] [INFO] [server.py:100] - ⏰ APScheduler 定时任务引擎已启动
[2026-07-28 21:39:41] [INFO] [server.py:102] - 📥 异步任务队列 Consumer 已就绪
[2026-07-28 21:39:53] [INFO] [javdb_scraper.py:1110] - 📊 [115 Quota] 离线配额 -> 总量: 1500, 已用: 41, 剩余可用: 1459
[2026-07-28 21:39:53] [INFO] [javdb_scraper.py:1110] - 📊 [115 Quota] 离线配额 -> 总量: 1500, 已用: 41, 剩余可用: 1459
[2026-07-28 21:39:55] [INFO] [javdb_scraper.py:385] - 📋 [User] 正在拉取用户清单目录 (类型: mine)...
[2026-07-28 21:39:58] [INFO] [javdb_scraper.py:435] - ✅ [User] 成功拉取到 3 个 [mine] 清单
[2026-07-28 21:40:00] [INFO] [javdb_scraper.py:362] - 🎭 [User] 正在拉取用户订阅演员...
[2026-07-28 21:40:04] [INFO] [javdb_scraper.py:380] - ✅ [User] 成功拉取到 5 位已订阅演员
[2026-07-28 21:40:24] [INFO] [javdb_scraper.py:1110] - 📊 [115 Quota] 离线配额 -> 总量: 1500, 已用: 41, 剩余可用: 1459
[2026-07-28 21:40:24] [INFO] [javdb_scraper.py:1110] - 📊 [115 Quota] 离线配额 -> 总量: 1500, 已用: 41, 剩余可用: 1459
[2026-07-28 21:41:51] [INFO] [server.py:100] - ⏰ APScheduler 定时任务引擎已启动
[2026-07-28 21:41:51] [INFO] [server.py:102] - 📥 异步任务队列 Consumer 已就绪
[2026-07-28 21:42:02] [INFO] [javdb_scraper.py:1110] - 📊 [115 Quota] 离线配额 -> 总量: 1500, 已用: 41, 剩余可用: 1459
[2026-07-28 21:42:03] [INFO] [javdb_scraper.py:1110] - 📊 [115 Quota] 离线配额 -> 总量: 1500, 已用: 41, 剩余可用: 1459
[2026-07-28 21:42:51] [INFO] [javdb_scraper.py:385] - 📋 [User] 正在拉取用户清单目录 (类型: mine)...
[2026-07-28 21:42:54] [INFO] [javdb_scraper.py:435] - ✅ [User] 成功拉取到 3 个 [mine] 清单
[2026-07-28 21:48:43] [INFO] [server.py:100] - ⏰ APScheduler 定时任务引擎已启动
[2026-07-28 21:48:43] [INFO] [server.py:102] - 📥 异步任务队列 Consumer 已就绪
[2026-07-28 21:48:57] [INFO] [javdb_scraper.py:1110] - 📊 [115 Quota] 离线配额 -> 总量: 1500, 已用: 41, 剩余可用: 1459
[2026-07-28 21:48:57] [INFO] [javdb_scraper.py:1110] - 📊 [115 Quota] 离线配额 -> 总量: 1500, 已用: 41, 剩余可用: 1459
[2026-07-28 21:50:11] [INFO] [server.py:100] - ⏰ APScheduler 定时任务引擎已启动
[2026-07-28 21:50:11] [INFO] [server.py:102] - 📥 异步任务队列 Consumer 已就绪
[2026-07-28 21:50:21] [INFO] [javdb_scraper.py:1110] - 📊 [115 Quota] 离线配额 -> 总量: 1500, 已用: 41, 剩余可用: 1459
[2026-07-28 21:50:22] [INFO] [javdb_scraper.py:1110] - 📊 [115 Quota] 离线配额 -> 总量: 1500, 已用: 41, 剩余可用: 1459
[2026-07-28 21:51:23] [INFO] [server.py:100] - ⏰ APScheduler 定时任务引擎已启动
[2026-07-28 21:51:23] [INFO] [server.py:102] - 📥 异步任务队列 Consumer 已就绪
[2026-07-28 21:51:28] [INFO] [javdb_scraper.py:1079] - 📊 [115 Quota] 离线配额 -> 总量: 1500, 已用: 41, 剩余可用: 1459
[2026-07-28 21:51:39] [INFO] [javdb_scraper.py:1079] - 📊 [115 Quota] 离线配额 -> 总量: 1500, 已用: 41, 剩余可用: 1459
[2026-07-28 21:53:11] [INFO] [server.py:100] - ⏰ APScheduler 定时任务引擎已启动
[2026-07-28 21:53:11] [INFO] [server.py:102] - 📥 异步任务队列 Consumer 已就绪
[2026-07-28 21:54:21] [INFO] [server.py:100] - ⏰ APScheduler 定时任务引擎已启动
[2026-07-28 21:54:21] [INFO] [server.py:102] - 📥 异步任务队列 Consumer 已就绪
[2026-07-28 21:54:32] [INFO] [javdb_scraper.py:1079] - 📊 [115 Quota] 离线配额 -> 总量: 1500, 已用: 41, 剩余可用: 1459
[2026-07-28 21:55:53] [INFO] [server.py:100] - ⏰ APScheduler 定时任务引擎已启动
[2026-07-28 21:55:53] [INFO] [server.py:102] - 📥 异步任务队列 Consumer 已就绪
[2026-07-28 21:56:06] [INFO] [javdb_scraper.py:1079] - 📊 [115 Quota] 离线配额 -> 总量: 1500, 已用: 41, 剩余可用: 1459
[2026-07-28 21:57:36] [INFO] [server.py:100] - ⏰ APScheduler 定时任务引擎已启动
[2026-07-28 21:57:36] [INFO] [server.py:102] - 📥 异步任务队列 Consumer 已就绪
[2026-07-28 21:57:46] [INFO] [javdb_scraper.py:1079] - 📊 [115 Quota] 离线配额 -> 总量: 1500, 已用: 41, 剩余可用: 1459
[2026-07-28 21:57:57] [INFO] [javdb_scraper.py:1079] - 📊 [115 Quota] 离线配额 -> 总量: 1500, 已用: 41, 剩余可用: 1459
[2026-07-28 21:59:15] [INFO] [server.py:100] - ⏰ APScheduler 定时任务引擎已启动
[2026-07-28 21:59:15] [INFO] [server.py:102] - 📥 异步任务队列 Consumer 已就绪
[2026-07-28 21:59:26] [INFO] [javdb_scraper.py:1079] - 📊 [115 Quota] 离线配额 -> 总量: 1500, 已用: 41, 剩余可用: 1459
[2026-07-28 21:59:45] [INFO] [javdb_scraper.py:1079] - 📊 [115 Quota] 离线配额 -> 总量: 1500, 已用: 41, 剩余可用: 1459
[2026-07-28 21:59:59] [INFO] [javdb_scraper.py:385] - 📋 [User] 正在拉取用户清单目录 (类型: mine)...
[2026-07-28 22:00:02] [INFO] [javdb_scraper.py:435] - ✅ [User] 成功拉取到 3 个 [mine] 清单
[2026-07-28 22:01:51] [INFO] [server.py:100] - ⏰ APScheduler 定时任务引擎已启动
[2026-07-28 22:01:51] [INFO] [server.py:102] - 📥 异步任务队列 Consumer 已就绪
[2026-07-28 22:02:01] [INFO] [javdb_scraper.py:1079] - 📊 [115 Quota] 离线配额 -> 总量: 1500, 已用: 41, 剩余可用: 1459
[2026-07-28 22:02:05] [INFO] [javdb_scraper.py:385] - 📋 [User] 正在拉取用户清单目录 (类型: mine)...
[2026-07-28 22:02:09] [INFO] [javdb_scraper.py:435] - ✅ [User] 成功拉取到 3 个 [mine] 清单
[2026-07-28 22:09:02] [INFO] [server.py:100] - ⏰ APScheduler 定时任务引擎已启动
[2026-07-28 22:09:02] [INFO] [server.py:102] - 📥 异步任务队列 Consumer 已就绪
[2026-07-28 22:12:32] [INFO] [server.py:100] - ⏰ APScheduler 定时任务引擎已启动
[2026-07-28 22:12:32] [INFO] [server.py:102] - 📥 异步任务队列 Consumer 已就绪
[2026-07-28 22:12:40] [INFO] [server.py:100] - ⏰ APScheduler 定时任务引擎已启动
[2026-07-28 22:12:40] [INFO] [server.py:102] - 📥 异步任务队列 Consumer 已就绪
[2026-07-28 22:14:08] [INFO] [javdb_scraper.py:1138] - 📊 [115 Quota] 离线配额 -> 总量: 1500, 已用: 41, 剩余可用: 1459
[2026-07-28 22:14:13] [INFO] [javdb_scraper.py:385] - 📋 [User] 正在拉取用户清单目录 (类型: mine)...
[2026-07-28 22:14:15] [INFO] [javdb_scraper.py:435] - ✅ [User] 成功拉取到 3 个 [mine] 清单
[2026-07-28 22:15:08] [INFO] [server.py:100] - ⏰ APScheduler 定时任务引擎已启动
[2026-07-28 22:15:08] [INFO] [server.py:102] - 📥 异步任务队列 Consumer 已就绪
[2026-07-28 22:15:17] [INFO] [javdb_scraper.py:1138] - 📊 [115 Quota] 离线配额 -> 总量: 1500, 已用: 41, 剩余可用: 1459
[2026-07-28 22:15:21] [INFO] [javdb_scraper.py:385] - 📋 [User] 正在拉取用户清单目录 (类型: mine)...
[2026-07-28 22:15:23] [INFO] [javdb_scraper.py:435] - ✅ [User] 成功拉取到 3 个 [mine] 清单
[2026-07-28 22:16:17] [INFO] [server.py:100] - ⏰ APScheduler 定时任务引擎已启动
[2026-07-28 22:16:17] [INFO] [server.py:102] - 📥 异步任务队列 Consumer 已就绪
[2026-07-28 22:16:44] [INFO] [javdb_scraper.py:1138] - 📊 [115 Quota] 离线配额 -> 总量: 1500, 已用: 41, 剩余可用: 1459
[2026-07-28 22:16:49] [INFO] [javdb_scraper.py:385] - 📋 [User] 正在拉取用户清单目录 (类型: mine)...
[2026-07-28 22:16:52] [INFO] [javdb_scraper.py:435] - ✅ [User] 成功拉取到 3 个 [mine] 清单
[2026-07-28 22:16:55] [INFO] [javdb_scraper.py:1138] - 📊 [115 Quota] 离线配额 -> 总量: 1500, 已用: 41, 剩余可用: 1459
[2026-07-28 22:17:26] [INFO] [javdb_scraper.py:349] - 🔍 [User] 正在请求个人中心校验 Cookie 权限...
[2026-07-28 22:17:29] [INFO] [javdb_scraper.py:357] - ✅ [User] Cookie 验证有效！
[2026-07-28 22:19:24] [INFO] [server.py:100] - ⏰ APScheduler 定时任务引擎已启动
[2026-07-28 22:19:24] [INFO] [server.py:102] - 📥 异步任务队列 Consumer 已就绪
[2026-07-28 22:19:44] [INFO] [javdb_scraper.py:1138] - 📊 [115 Quota] 离线配额 -> 总量: 1500, 已用: 41, 剩余可用: 1459
[2026-07-28 22:22:58] [INFO] [server.py:100] - ⏰ APScheduler 定时任务引擎已启动
[2026-07-28 22:22:58] [INFO] [server.py:102] - 📥 异步任务队列 Consumer 已就绪
[2026-07-28 22:24:29] [INFO] [javdb_scraper.py:1161] - 📊 [115 Quota] 离线配额 -> 总量: 1500, 已用: 41, 剩余可用: 1459
[2026-07-28 22:28:08] [INFO] [server.py:100] - ⏰ APScheduler 定时任务引擎已启动
[2026-07-28 22:28:08] [INFO] [server.py:102] - 📥 异步任务队列 Consumer 已就绪
[2026-07-28 22:28:19] [INFO] [javdb_scraper.py:1161] - 📊 [115 Quota] 离线配额 -> 总量: 1500, 已用: 41, 剩余可用: 1459
[2026-07-28 22:29:53] [INFO] [server.py:100] - ⏰ APScheduler 定时任务引擎已启动
[2026-07-28 22:29:53] [INFO] [server.py:102] - 📥 异步任务队列 Consumer 已就绪
[2026-07-28 22:30:02] [INFO] [javdb_scraper.py:1161] - 📊 [115 Quota] 离线配额 -> 总量: 1500, 已用: 41, 剩余可用: 1459
[2026-07-28 22:30:49] [INFO] [server.py:100] - ⏰ APScheduler 定时任务引擎已启动
[2026-07-28 22:30:49] [INFO] [server.py:102] - 📥 异步任务队列 Consumer 已就绪
[2026-07-28 22:31:00] [INFO] [javdb_scraper.py:1161] - 📊 [115 Quota] 离线配额 -> 总量: 1500, 已用: 41, 剩余可用: 1459
[2026-07-28 22:35:42] [INFO] [server.py:100] - ⏰ APScheduler 定时任务引擎已启动
[2026-07-28 22:35:42] [INFO] [server.py:102] - 📥 异步任务队列 Consumer 已就绪
[2026-07-28 22:36:12] [INFO] [javdb_scraper.py:1161] - 📊 [115 Quota] 离线配额 -> 总量: 1500, 已用: 41, 剩余可用: 1459
[2026-07-28 22:36:27] [INFO] [javdb_scraper.py:1161] - 📊 [115 Quota] 离线配额 -> 总量: 1500, 已用: 41, 剩余可用: 1459
[2026-07-28 22:36:32] [INFO] [server.py:43] - ▶️ [Queue] 开始执行队列任务 [601b47b8] | 类型: by_code
[2026-07-28 22:36:32] [INFO] [javdb_scraper.py:735] - 🔍 [Search] 精准搜索番号 [OFJE-543] -> URL: https://javdb.com/search?q=OFJE-543&sb=0
[2026-07-28 22:36:40] [WARNING] [javdb_scraper.py:295] - ⚠️ 网络请求异常 (第 1/3 次): HTTPSConnectionPool(host='javdb.com', port=443): Max retries exceeded with url: /search?q=OFJE-543&sb=0 (Caused by SSLError(SSLEOFError(8, '[SSL: UNEXPECTED_EOF_WHILE_READING] EOF occurred in violation of protocol (_ssl.c:1082)')))
[2026-07-28 22:36:53] [INFO] [javdb_scraper.py:349] - 🔍 [User] 正在请求个人中心校验 Cookie 权限...
[2026-07-28 22:36:56] [INFO] [javdb_scraper.py:357] - ✅ [User] Cookie 验证有效！
[2026-07-28 22:36:58] [INFO] [javdb_scraper.py:753] - 🔗 [Search] 匹配到番号 [OFJE-543] 目标链接: https://javdb.com/v/dezWBM
[2026-07-28 22:37:01] [INFO] [javdb_scraper.py:764] - 📥 [DB] 番号 [OFJE-543] 存库成功
[2026-07-28 22:37:28] [INFO] [javdb_scraper.py:918] - 🚀 [115 Gateway] 提交离线任务到 115 网关 | 保存路径: /有码/河北彩花/中字有码/2026-07-28
[2026-07-28 22:37:33] [INFO] [javdb_scraper.py:922] - ✅ [115 Gateway] 网关返回结果: {"code":0,"message":"处理完成。成功: 1 个任务，失败: 0 个任务","data":{"total":1,"success_count":1,"failed_count":0,"failed_details":[],"wp_path":"/有码/河北彩花/中字有码/2026-07-28","wp_path_id":"3483230663094568114"}}
[2026-07-28 22:37:33] [INFO] [javdb_scraper.py:945] - 📝 [Push History] 记录番号 [OFJE-543] 离线任务 (Hash: f2f49e383cf3227f77fc7e98286b0ace32211493)
[2026-07-28 22:38:27] [INFO] [server.py:100] - ⏰ APScheduler 定时任务引擎已启动
[2026-07-28 22:38:27] [INFO] [server.py:102] - 📥 异步任务队列 Consumer 已就绪
[2026-07-28 22:38:42] [INFO] [javdb_scraper.py:1161] - 📊 [115 Quota] 离线配额 -> 总量: 1500, 已用: 42, 剩余可用: 1458
[2026-07-28 22:38:53] [INFO] [server.py:43] - ▶️ [Queue] 开始执行队列任务 [f9a847b5] | 类型: by_code
[2026-07-28 22:38:53] [INFO] [javdb_scraper.py:735] - 🔍 [Search] 精准搜索番号 [FNS-187] -> URL: https://javdb.com/search?q=FNS-187&sb=0
[2026-07-28 22:38:56] [INFO] [javdb_scraper.py:753] - 🔗 [Search] 匹配到番号 [FNS-187] 目标链接: https://javdb.com/v/3nNRO9
[2026-07-28 22:38:59] [INFO] [javdb_scraper.py:764] - 📥 [DB] 番号 [FNS-187] 存库成功
[2026-07-28 22:40:30] [INFO] [javdb_scraper.py:1161] - 📊 [115 Quota] 离线配额 -> 总量: 1500, 已用: 42, 剩余可用: 1458
[2026-07-28 22:40:42] [INFO] [server.py:100] - ⏰ APScheduler 定时任务引擎已启动
[2026-07-28 22:40:42] [INFO] [server.py:102] - 📥 异步任务队列 Consumer 已就绪
[2026-07-28 22:40:45] [INFO] [javdb_scraper.py:1161] - 📊 [115 Quota] 离线配额 -> 总量: 1500, 已用: 42, 剩余可用: 1458
[2026-07-28 22:40:55] [INFO] [javdb_scraper.py:918] - 🚀 [115 Gateway] 提交离线任务到 115 网关 | 保存路径: /有码/アベ/中字有码/2026-07-28
[2026-07-28 22:41:03] [INFO] [javdb_scraper.py:922] - ✅ [115 Gateway] 网关返回结果: {"code":0,"message":"处理完成。成功: 1 个任务，失败: 0 个任务","data":{"total":1,"success_count":1,"failed_count":0,"failed_details":[],"wp_path":"/有码/アベ/中字有码/2026-07-28","wp_path_id":"3483232423796278442"}}
[2026-07-28 22:41:03] [INFO] [javdb_scraper.py:945] - 📝 [Push History] 记录番号 [SNOS-258] 离线任务 (Hash: 2c11da2f85b4332f037440b26f0ac3a8374be1a5)
[2026-07-28 22:43:16] [INFO] [server.py:100] - ⏰ APScheduler 定时任务引擎已启动
[2026-07-28 22:43:16] [INFO] [server.py:102] - 📥 异步任务队列 Consumer 已就绪
[2026-07-28 22:43:28] [INFO] [server.py:100] - ⏰ APScheduler 定时任务引擎已启动
[2026-07-28 22:43:28] [INFO] [server.py:102] - 📥 异步任务队列 Consumer 已就绪
[2026-07-28 22:44:12] [INFO] [javdb_scraper.py:1185] - 📊 [115 Quota] 离线配额 -> 总量: 1500, 已用: 43, 剩余可用: 1457
[2026-07-28 22:44:30] [INFO] [javdb_scraper.py:956] - 🗑️ [DB] 成功从数据库删除番号 [FNS-155] 的影片记录
[2026-07-28 22:44:32] [INFO] [javdb_scraper.py:956] - 🗑️ [DB] 成功从数据库删除番号 [FNS-156] 的影片记录
[2026-07-28 22:44:35] [INFO] [javdb_scraper.py:956] - 🗑️ [DB] 成功从数据库删除番号 [FNS-174] 的影片记录
[2026-07-28 22:44:37] [INFO] [javdb_scraper.py:1185] - 📊 [115 Quota] 离线配额 -> 总量: 1500, 已用: 43, 剩余可用: 1457
[2026-07-28 22:45:57] [INFO] [javdb_scraper.py:956] - 🗑️ [DB] 成功从数据库删除番号 [FNS-160] 的影片记录
[2026-07-28 22:45:59] [INFO] [javdb_scraper.py:956] - 🗑️ [DB] 成功从数据库删除番号 [FNS-187] 的影片记录
[2026-07-28 22:46:36] [INFO] [server.py:43] - ▶️ [Queue] 开始执行队列任务 [2f765a3f] | 类型: by_code
[2026-07-28 22:46:36] [INFO] [javdb_scraper.py:735] - 🔍 [Search] 精准搜索番号 [SNOS-258] -> URL: https://javdb.com/search?q=SNOS-258&sb=0
[2026-07-28 22:46:39] [INFO] [javdb_scraper.py:753] - 🔗 [Search] 匹配到番号 [SNOS-258] 目标链接: https://javdb.com/v/Ww7RYR
[2026-07-28 22:46:41] [INFO] [javdb_scraper.py:764] - 📥 [DB] 番号 [SNOS-258] 存库成功
[2026-07-28 22:48:18] [INFO] [server.py:100] - ⏰ APScheduler 定时任务引擎已启动
[2026-07-28 22:48:18] [INFO] [server.py:102] - 📥 异步任务队列 Consumer 已就绪
[2026-07-28 22:48:34] [INFO] [javdb_scraper.py:1185] - 📊 [115 Quota] 离线配额 -> 总量: 1500, 已用: 43, 剩余可用: 1457
[2026-07-28 22:51:21] [INFO] [server.py:100] - ⏰ APScheduler 定时任务引擎已启动
[2026-07-28 22:51:21] [INFO] [server.py:102] - 📥 异步任务队列 Consumer 已就绪
[2026-07-28 22:51:34] [INFO] [javdb_scraper.py:1185] - 📊 [115 Quota] 离线配额 -> 总量: 1500, 已用: 43, 剩余可用: 1457
[2026-07-28 22:52:38] [INFO] [server.py:100] - ⏰ APScheduler 定时任务引擎已启动
[2026-07-28 22:52:38] [INFO] [server.py:102] - 📥 异步任务队列 Consumer 已就绪
[2026-07-28 22:52:53] [INFO] [javdb_scraper.py:1185] - 📊 [115 Quota] 离线配额 -> 总量: 1500, 已用: 43, 剩余可用: 1457
[2026-07-28 22:53:59] [INFO] [server.py:100] - ⏰ APScheduler 定时任务引擎已启动
[2026-07-28 22:53:59] [INFO] [server.py:102] - 📥 异步任务队列 Consumer 已就绪
[2026-07-28 22:54:11] [INFO] [javdb_scraper.py:1185] - 📊 [115 Quota] 离线配额 -> 总量: 1500, 已用: 43, 剩余可用: 1457
[2026-07-28 22:54:30] [INFO] [javdb_scraper.py:918] - 🚀 [115 Gateway] 提交离线任务到 115 网关 | 保存路径: /有码/河北彩花/中字有码/2026-07-28
[2026-07-28 22:54:30] [INFO] [javdb_scraper.py:922] - ✅ [115 Gateway] 网关返回结果: {"code":0,"message":"处理完成。成功: 0 个任务，失败: 1 个任务","data":{"total":1,"success_count":0,"failed_count":1,"failed_details":[{"url":"magnet:?xt=urn:btih:f2f49e383cf3227f77fc7e98286b0ace32211493&dn=[javdb.com]OFJE-543-C トップS1女優のアヘ顔も結合部も同時に堪能できる貴重アングル！超美女なのに超下品！ぬき挿し丸見えオーガズム120本番","error":"任务已存在，请勿输入重复的链接地址"}],"wp_path":"/有码/河北彩花/中字有码/2026-07-28","wp_path_id":"3483230663094568114"}}
[2026-07-28 22:54:30] [INFO] [javdb_scraper.py:945] - 📝 [Push History] 记录番号 [OFJE-543] 离线任务 (Hash: f2f49e383cf3227f77fc7e98286b0ace32211493)
[2026-07-28 22:54:55] [INFO] [javdb_scraper.py:1185] - 📊 [115 Quota] 离线配额 -> 总量: 1500, 已用: 43, 剩余可用: 1457
[2026-07-28 22:55:10] [INFO] [javdb_scraper.py:956] - 🗑️ [DB] 成功从数据库删除番号 [MIUM-1445] 的影片记录
[2026-07-28 22:55:13] [INFO] [javdb_scraper.py:956] - 🗑️ [DB] 成功从数据库删除番号 [OFJE-543] 的影片记录
[2026-07-28 22:56:53] [INFO] [javdb_scraper.py:1185] - 📊 [115 Quota] 离线配额 -> 总量: 1500, 已用: 43, 剩余可用: 1457
[2026-07-28 22:56:56] [INFO] [javdb_scraper.py:956] - 🗑️ [DB] 成功从数据库删除番号 [SNOS-258] 的影片记录
[2026-07-28 22:57:37] [INFO] [server.py:43] - ▶️ [Queue] 开始执行队列任务 [e4785689] | 类型: auto_scrape
[2026-07-28 22:57:37] [INFO] [javdb_scraper.py:637] - 📄 [Scrape] 正在抓取索引页 [1]: https://javdb.com/lists/452GVp?lst=0
[2026-07-28 22:57:40] [INFO] [javdb_scraper.py:620] - 📥 [DB] 索引记录批量存库成功 (4 条)
[2026-07-28 22:57:40] [INFO] [javdb_scraper.py:690] - 🔚 [Scrape] 抓取至末页
[2026-07-28 22:57:40] [ERROR] [server.py:89] - ❌ [Queue] 队列任务执行失败 [e4785689]: name 'cursor' is not defined
[2026-07-28 22:58:24] [INFO] [server.py:43] - ▶️ [Queue] 开始执行队列任务 [bd043c07] | 类型: auto_scrape
[2026-07-28 22:58:24] [INFO] [javdb_scraper.py:637] - 📄 [Scrape] 正在抓取索引页 [1]: https://javdb.com/actors/d4ndM
[2026-07-28 22:58:27] [INFO] [javdb_scraper.py:620] - 📥 [DB] 索引记录批量存库成功 (20 条)
[2026-07-28 22:58:27] [INFO] [javdb_scraper.py:690] - 🔚 [Scrape] 抓取至末页
[2026-07-28 22:58:27] [ERROR] [server.py:89] - ❌ [Queue] 队列任务执行失败 [bd043c07]: name 'cursor' is not defined
[2026-07-30 19:24:24] [INFO] [server.py:100] - ⏰ APScheduler 定时任务引擎已启动
[2026-07-30 19:24:24] [INFO] [server.py:102] - 📥 异步任务队列 Consumer 已就绪
[2026-07-30 19:24:48] [INFO] [javdb_scraper.py:1185] - 📊 [115 Quota] 离线配额 -> 总量: 1500, 已用: 42, 剩余可用: 1458
[2026-07-30 19:24:53] [INFO] [javdb_scraper.py:349] - 🔍 [User] 正在请求个人中心校验 Cookie 权限...
[2026-07-30 19:24:56] [INFO] [javdb_scraper.py:357] - ✅ [User] Cookie 验证有效！
[2026-07-30 19:25:24] [INFO] [server.py:43] - ▶️ [Queue] 开始执行队列任务 [9200f47e] | 类型: by_code
[2026-07-30 19:25:24] [INFO] [javdb_scraper.py:735] - 🔍 [Search] 精准搜索番号 [IPZZ-708] -> URL: https://javdb.com/search?q=IPZZ-708&sb=0
[2026-07-30 19:25:27] [INFO] [javdb_scraper.py:753] - 🔗 [Search] 匹配到番号 [IPZZ-708] 目标链接: https://javdb.com/v/pk4AOk
[2026-07-30 19:25:30] [INFO] [javdb_scraper.py:764] - 📥 [DB] 番号 [IPZZ-708] 存库成功
[2026-07-30 19:25:49] [INFO] [javdb_scraper.py:1185] - 📊 [115 Quota] 离线配额 -> 总量: 1500, 已用: 42, 剩余可用: 1458
[2026-07-30 19:26:07] [INFO] [server.py:43] - ▶️ [Queue] 开始执行队列任务 [dec9159d] | 类型: by_code
[2026-07-30 19:26:07] [INFO] [javdb_scraper.py:735] - 🔍 [Search] 精准搜索番号 [IPZZ-876] -> URL: https://javdb.com/search?q=IPZZ-876&sb=0
[2026-07-30 19:26:10] [INFO] [javdb_scraper.py:753] - 🔗 [Search] 匹配到番号 [IPZZ-876] 目标链接: https://javdb.com/v/EbPyg4
[2026-07-30 19:26:12] [INFO] [javdb_scraper.py:764] - 📥 [DB] 番号 [IPZZ-876] 存库成功
[2026-07-30 19:26:37] [INFO] [javdb_scraper.py:1185] - 📊 [115 Quota] 离线配额 -> 总量: 1500, 已用: 42, 剩余可用: 1458
[2026-07-30 19:27:14] [INFO] [javdb_scraper.py:349] - 🔍 [User] 正在请求个人中心校验 Cookie 权限...
[2026-07-30 19:27:54] [INFO] [javdb_scraper.py:1185] - 📊 [115 Quota] 离线配额 -> 总量: 1500, 已用: 42, 剩余可用: 1458
[2026-07-30 19:27:56] [INFO] [javdb_scraper.py:349] - 🔍 [User] 正在请求个人中心校验 Cookie 权限...
[2026-07-30 19:27:59] [INFO] [javdb_scraper.py:357] - ✅ [User] Cookie 验证有效！
[2026-07-30 19:29:11] [INFO] [javdb_scraper.py:362] - 🎭 [User] 正在拉取用户订阅演员...
[2026-07-30 19:29:13] [INFO] [javdb_scraper.py:380] - ✅ [User] 成功拉取到 5 位已订阅演员
[2026-07-30 19:29:35] [INFO] [javdb_scraper.py:385] - 📋 [User] 正在拉取用户清单目录 (类型: mine)...
[2026-07-30 19:29:38] [INFO] [javdb_scraper.py:435] - ✅ [User] 成功拉取到 3 个 [mine] 清单
[2026-07-30 19:33:14] [INFO] [javdb_scraper.py:956] - 🗑️ [DB] 成功从数据库删除番号 [REBD-1051] 的影片记录
[2026-07-30 19:46:02] [INFO] [server.py:100] - ⏰ APScheduler 定时任务引擎已启动
[2026-07-30 19:46:02] [INFO] [server.py:102] - 📥 异步任务队列 Consumer 已就绪
[2026-07-30 19:50:42] [INFO] [server.py:100] - ⏰ APScheduler 定时任务引擎已启动
[2026-07-30 19:50:42] [INFO] [server.py:102] - 📥 异步任务队列 Consumer 已就绪
[2026-07-30 19:51:25] [INFO] [javdb_scraper.py:1193] - 📊 [115 Quota] 离线配额 -> 总量: 1500, 已用: 42, 剩余可用: 1458
[2026-07-30 19:52:27] [INFO] [javdb_scraper.py:1193] - 📊 [115 Quota] 离线配额 -> 总量: 1500, 已用: 42, 剩余可用: 1458
[2026-07-30 19:54:14] [INFO] [server.py:100] - ⏰ APScheduler 定时任务引擎已启动
[2026-07-30 19:54:14] [INFO] [server.py:102] - 📥 异步任务队列 Consumer 已就绪
[2026-07-30 19:54:29] [INFO] [javdb_scraper.py:1193] - 📊 [115 Quota] 离线配额 -> 总量: 1500, 已用: 42, 剩余可用: 1458
[2026-07-30 20:01:09] [INFO] [server.py:100] - ⏰ APScheduler 定时任务引擎已启动
[2026-07-30 20:01:09] [INFO] [server.py:102] - 📥 异步任务队列 Consumer 已就绪
[2026-07-30 20:03:09] [INFO] [javdb_scraper.py:1193] - 📊 [115 Quota] 离线配额 -> 总量: 1500, 已用: 42, 剩余可用: 1458
[2026-07-30 20:03:29] [INFO] [server.py:43] - ▶️ [Queue] 开始执行队列任务 [b003de74] | 类型: by_code
[2026-07-30 20:03:29] [INFO] [javdb_scraper.py:743] - 🔍 [Search] 精准搜索番号 [IPZZ-689] -> URL: https://javdb.com/search?q=IPZZ-689&sb=0
[2026-07-30 20:03:33] [INFO] [javdb_scraper.py:761] - 🔗 [Search] 匹配到番号 [IPZZ-689] 目标链接: https://javdb.com/v/z4B71W
[2026-07-30 20:03:35] [INFO] [javdb_scraper.py:772] - 📥 [DB] 番号 [IPZZ-689] 存库成功
[2026-07-30 20:06:42] [INFO] [server.py:100] - ⏰ APScheduler 定时任务引擎已启动
[2026-07-30 20:06:42] [INFO] [server.py:102] - 📥 异步任务队列 Consumer 已就绪
[2026-07-30 20:07:11] [INFO] [javdb_scraper.py:1193] - 📊 [115 Quota] 离线配额 -> 总量: 1500, 已用: 42, 剩余可用: 1458
[2026-07-30 20:07:15] [INFO] [server.py:43] - ▶️ [Queue] 开始执行队列任务 [3222297f] | 类型: by_code
[2026-07-30 20:07:15] [INFO] [javdb_scraper.py:743] - 🔍 [Search] 精准搜索番号 [IPZZ-788] -> URL: https://javdb.com/search?q=IPZZ-788&sb=0
[2026-07-30 20:07:18] [INFO] [javdb_scraper.py:761] - 🔗 [Search] 匹配到番号 [IPZZ-788] 目标链接: https://javdb.com/v/pkeVwB
[2026-07-30 20:07:21] [INFO] [javdb_scraper.py:772] - 📥 [DB] 番号 [IPZZ-788] 存库成功
[2026-07-30 20:07:35] [INFO] [javdb_scraper.py:926] - 🚀 [115 Gateway] 提交离线任务到 115 网关 | 保存路径: /有码/三澄寧々/普通磁力/2026-07-30
[2026-07-30 20:07:43] [INFO] [javdb_scraper.py:930] - ✅ [115 Gateway] 网关返回结果: {"code":0,"message":"处理完成。成功: 1 个任务，失败: 0 个任务","data":{"total":1,"success_count":1,"failed_count":0,"failed_details":[],"wp_path":"/有码/三澄寧々/普通磁力/2026-07-30","wp_path_id":"3484604801759577991"}}
[2026-07-30 20:07:43] [INFO] [javdb_scraper.py:953] - 📝 [Push History] 记录番号 [IPZZ-788] 离线任务 (Hash: 078d45c38d8165ff9d084222a46ca8282ec3bd3f)
[2026-07-30 20:08:32] [INFO] [javdb_scraper.py:964] - 🗑️ [DB] 成功从数据库删除番号 [OFJE-543] 的影片记录
[2026-07-30 20:08:37] [INFO] [javdb_scraper.py:964] - 🗑️ [DB] 成功从数据库删除番号 [SNOS-258] 的影片记录
[2026-07-30 20:10:58] [INFO] [javdb_scraper.py:1193] - 📊 [115 Quota] 离线配额 -> 总量: 1500, 已用: 43, 剩余可用: 1457
[2026-07-30 20:11:27] [INFO] [server.py:43] - ▶️ [Queue] 开始执行队列任务 [fa34ee7d] | 类型: by_code
[2026-07-30 20:11:27] [INFO] [javdb_scraper.py:743] - 🔍 [Search] 精准搜索番号 [MBDD-2178] -> URL: https://javdb.com/search?q=MBDD-2178&sb=0
[2026-07-30 20:11:33] [INFO] [javdb_scraper.py:761] - 🔗 [Search] 匹配到番号 [MBDD-2178] 目标链接: https://javdb.com/v/P9JNkN
[2026-07-30 20:11:36] [INFO] [javdb_scraper.py:772] - 📥 [DB] 番号 [MBDD-2178] 存库成功
[2026-07-30 20:13:06] [INFO] [server.py:100] - ⏰ APScheduler 定时任务引擎已启动
[2026-07-30 20:13:06] [INFO] [server.py:102] - 📥 异步任务队列 Consumer 已就绪
[2026-07-30 20:13:12] [INFO] [javdb_scraper.py:1193] - 📊 [115 Quota] 离线配额 -> 总量: 1500, 已用: 43, 剩余可用: 1457
[2026-07-30 20:15:14] [INFO] [javdb_scraper.py:1193] - 📊 [115 Quota] 离线配额 -> 总量: 1500, 已用: 43, 剩余可用: 1457
[2026-07-30 20:17:35] [INFO] [server.py:43] - ▶️ [Queue] 开始执行队列任务 [b1aaa1ef] | 类型: auto_scrape
[2026-07-30 20:17:35] [INFO] [javdb_scraper.py:637] - 📄 [Scrape] 正在抓取索引页 [1]: https://javdb.com/actors/1G09
[2026-07-30 20:17:41] [INFO] [javdb_scraper.py:620] - 📥 [DB] 索引记录批量存库成功 (40 条)
[2026-07-30 20:17:41] [INFO] [javdb_scraper.py:637] - 📄 [Scrape] 正在抓取索引页 [2]: https://javdb.com/actors/1G09?page=2
[2026-07-30 20:17:45] [INFO] [javdb_scraper.py:620] - 📥 [DB] 索引记录批量存库成功 (40 条)
[2026-07-30 20:17:45] [INFO] [javdb_scraper.py:637] - 📄 [Scrape] 正在抓取索引页 [3]: https://javdb.com/actors/1G09?page=3
[2026-07-30 20:17:48] [INFO] [javdb_scraper.py:620] - 📥 [DB] 索引记录批量存库成功 (40 条)
[2026-07-30 20:17:48] [INFO] [javdb_scraper.py:637] - 📄 [Scrape] 正在抓取索引页 [4]: https://javdb.com/actors/1G09?page=4
[2026-07-30 20:17:52] [INFO] [javdb_scraper.py:620] - 📥 [DB] 索引记录批量存库成功 (29 条)
[2026-07-30 20:17:52] [INFO] [javdb_scraper.py:697] - 🔚 [Scrape] 抓取至末页
[2026-07-30 20:17:52] [ERROR] [server.py:89] - ❌ [Queue] 队列任务执行失败 [b1aaa1ef]: name 'cursor' is not defined
[2026-07-30 20:22:04] [INFO] [server.py:100] - ⏰ APScheduler 定时任务引擎已启动
[2026-07-30 20:22:04] [INFO] [server.py:102] - 📥 异步任务队列 Consumer 已就绪
[2026-07-30 20:22:33] [INFO] [javdb_scraper.py:1194] - 📊 [115 Quota] 离线配额 -> 总量: 1500, 已用: 43, 剩余可用: 1457
[2026-07-30 20:23:42] [INFO] [javdb_scraper.py:1194] - 📊 [115 Quota] 离线配额 -> 总量: 1500, 已用: 43, 剩余可用: 1457
[2026-07-30 20:23:52] [INFO] [javdb_scraper.py:1194] - 📊 [115 Quota] 离线配额 -> 总量: 1500, 已用: 43, 剩余可用: 1457
[2026-07-30 20:24:42] [INFO] [server.py:43] - ▶️ [Queue] 开始执行队列任务 [ee1cdc6d] | 类型: by_code
[2026-07-30 20:24:42] [INFO] [javdb_scraper.py:744] - 🔍 [Search] 精准搜索番号 [SSIS-034] -> URL: https://javdb.com/search?q=SSIS-034&sb=0
[2026-07-30 20:24:45] [INFO] [javdb_scraper.py:762] - 🔗 [Search] 匹配到番号 [SSIS-034] 目标链接: https://javdb.com/v/eWGDN
[2026-07-30 20:24:48] [INFO] [javdb_scraper.py:773] - 📥 [DB] 番号 [SSIS-034] 存库成功
[2026-07-30 20:31:29] [INFO] [javdb_scraper.py:734] - 🚀 [Scrape] 开始抓取待更新影片详情，总量: 1
[2026-07-30 20:31:29] [INFO] [javdb_scraper.py:736] - 🔎 [1/1] 抓取详情: OFJE-540 (https://javdb.com/v/r3D57z)
[2026-07-30 20:36:15] [INFO] [server.py:43] - ▶️ [Queue] 开始执行队列任务 [4ddf3d25] | 类型: by_code
[2026-07-30 20:36:15] [INFO] [javdb_scraper.py:744] - 🔍 [Search] 精准搜索番号 [SSIS-059] -> URL: https://javdb.com/search?q=SSIS-059&sb=0
[2026-07-30 20:36:19] [INFO] [javdb_scraper.py:762] - 🔗 [Search] 匹配到番号 [SSIS-059] 目标链接: https://javdb.com/v/6NdOa
[2026-07-30 20:36:21] [INFO] [javdb_scraper.py:773] - 📥 [DB] 番号 [SSIS-059] 存库成功
[2026-07-30 20:36:30] [INFO] [server.py:43] - ▶️ [Queue] 开始执行队列任务 [aed5b2c1] | 类型: by_code
[2026-07-30 20:36:30] [INFO] [javdb_scraper.py:744] - 🔍 [Search] 精准搜索番号 [FC2-1785726] -> URL: https://javdb.com/search?q=FC2-1785726&sb=0
[2026-07-30 20:36:32] [INFO] [javdb_scraper.py:762] - 🔗 [Search] 匹配到番号 [FC2-1785726] 目标链接: https://javdb.com/v/kAev4
[2026-07-30 20:36:35] [INFO] [javdb_scraper.py:773] - 📥 [DB] 番号 [FC2-1785726] 存库成功
[2026-07-30 20:40:56] [INFO] [server.py:100] - ⏰ APScheduler 定时任务引擎已启动
[2026-07-30 20:40:56] [INFO] [server.py:102] - 📥 异步任务队列 Consumer 已就绪
[2026-07-30 20:42:54] [INFO] [server.py:100] - ⏰ APScheduler 定时任务引擎已启动
[2026-07-30 20:42:54] [INFO] [server.py:102] - 📥 异步任务队列 Consumer 已就绪
[2026-07-30 20:43:11] [INFO] [javdb_scraper.py:244] - 🛠️ [DB Schema] 自动追加数据库新字段: is_vip_blocked
[2026-07-30 20:43:12] [INFO] [javdb_scraper.py:1224] - 📊 [115 Quota] 离线配额 -> 总量: 1500, 已用: 43, 剩余可用: 1457
[2026-07-30 20:43:28] [INFO] [server.py:43] - ▶️ [Queue] 开始执行队列任务 [b759d082] | 类型: by_code
[2026-07-30 20:43:28] [INFO] [javdb_scraper.py:774] - 🔍 [Search] 精准搜索番号 [FC2-1785726] -> URL: https://javdb.com/search?q=FC2-1785726&sb=0
[2026-07-30 20:43:30] [INFO] [javdb_scraper.py:792] - 🔗 [Search] 匹配到番号 [FC2-1785726] 目标链接: https://javdb.com/v/kAev4
[2026-07-30 20:43:34] [INFO] [javdb_scraper.py:803] - 📥 [DB] 番号 [FC2-1785726] 存库成功
[2026-07-30 20:43:38] [INFO] [javdb_scraper.py:1224] - 📊 [115 Quota] 离线配额 -> 总量: 1500, 已用: 43, 剩余可用: 1457
[2026-07-30 20:44:10] [INFO] [server.py:43] - ▶️ [Queue] 开始执行队列任务 [11d8659c] | 类型: by_code
[2026-07-30 20:44:10] [INFO] [javdb_scraper.py:774] - 🔍 [Search] 精准搜索番号 [SSIS-139] -> URL: https://javdb.com/search?q=SSIS-139&sb=0
[2026-07-30 20:44:13] [INFO] [javdb_scraper.py:792] - 🔗 [Search] 匹配到番号 [SSIS-139] 目标链接: https://javdb.com/v/Bp4d6
[2026-07-30 20:44:16] [INFO] [javdb_scraper.py:803] - 📥 [DB] 番号 [SSIS-139] 存库成功
[2026-07-30 20:44:38] [INFO] [server.py:43] - ▶️ [Queue] 开始执行队列任务 [4de5dd5e] | 类型: auto_scrape
[2026-07-30 20:44:38] [INFO] [javdb_scraper.py:653] - 📄 [Scrape] 正在抓取索引页 [1]: https://javdb.com/actors/1G09
[2026-07-30 20:44:42] [INFO] [javdb_scraper.py:636] - 📥 [DB] 索引记录批量存库成功 (40 条)
[2026-07-30 20:44:42] [INFO] [javdb_scraper.py:653] - 📄 [Scrape] 正在抓取索引页 [2]: https://javdb.com/actors/1G09?page=2
[2026-07-30 20:44:44] [INFO] [javdb_scraper.py:636] - 📥 [DB] 索引记录批量存库成功 (40 条)
[2026-07-30 20:44:44] [INFO] [javdb_scraper.py:653] - 📄 [Scrape] 正在抓取索引页 [3]: https://javdb.com/actors/1G09?page=3
[2026-07-30 20:44:47] [INFO] [javdb_scraper.py:636] - 📥 [DB] 索引记录批量存库成功 (40 条)
[2026-07-30 20:44:47] [INFO] [javdb_scraper.py:653] - 📄 [Scrape] 正在抓取索引页 [4]: https://javdb.com/actors/1G09?page=4
[2026-07-30 20:44:50] [INFO] [javdb_scraper.py:636] - 📥 [DB] 索引记录批量存库成功 (29 条)
[2026-07-30 20:44:50] [INFO] [javdb_scraper.py:713] - 🔚 [Scrape] 抓取至末页
[2026-07-30 20:44:50] [INFO] [javdb_scraper.py:750] - 🚀 [Scrape] 开始抓取待更新影片详情，总量: 162
[2026-07-30 20:44:50] [INFO] [javdb_scraper.py:752] - 🔎 [1/162] 抓取详情: OFJE-540 (https://javdb.com/v/r3D57z)
[2026-07-30 20:44:53] [INFO] [javdb_scraper.py:752] - 🔎 [2/162] 抓取详情: MIUM-1445 (https://javdb.com/v/96Qq95)
[2026-07-30 20:44:55] [INFO] [javdb_scraper.py:752] - 🔎 [3/162] 抓取详情: IPZZ-901 (https://javdb.com/v/qA7J96)
[2026-07-30 20:44:58] [INFO] [javdb_scraper.py:752] - 🔎 [4/162] 抓取详情: REBDB-1036 (https://javdb.com/v/KkPw5O)
[2026-07-30 20:45:00] [INFO] [javdb_scraper.py:752] - 🔎 [5/162] 抓取详情: IPZZ-876 (https://javdb.com/v/EbPyg4)
[2026-07-30 20:45:02] [INFO] [javdb_scraper.py:752] - 🔎 [6/162] 抓取详情: IPZZ-854 (https://javdb.com/v/OX7Rbv)
[2026-07-30 20:45:04] [INFO] [javdb_scraper.py:752] - 🔎 [7/162] 抓取详情: IPBZ-023 (https://javdb.com/v/4D4rJp)
[2026-07-30 20:45:08] [INFO] [javdb_scraper.py:752] - 🔎 [8/162] 抓取详情: IPZZ-827 (https://javdb.com/v/OXrnmO)
[2026-07-30 20:45:12] [INFO] [javdb_scraper.py:752] - 🔎 [9/162] 抓取详情: IPOK-020 (https://javdb.com/v/mObMVv)
[2026-07-30 20:45:14] [INFO] [javdb_scraper.py:752] - 🔎 [10/162] 抓取详情: IPZZ-809 (https://javdb.com/v/WwrGVK)
[2026-07-30 20:45:17] [INFO] [javdb_scraper.py:752] - 🔎 [11/162] 抓取详情: IPOK-015 (https://javdb.com/v/e87zER)
[2026-07-30 20:45:20] [INFO] [javdb_scraper.py:752] - 🔎 [12/162] 抓取详情: IPZZ-762 (https://javdb.com/v/MbK0B7)
[2026-07-30 20:45:22] [INFO] [javdb_scraper.py:752] - 🔎 [13/162] 抓取详情: IPVR-357 (https://javdb.com/v/96pBrq)
[2026-07-30 20:45:24] [INFO] [javdb_scraper.py:752] - 🔎 [14/162] 抓取详情: IPZZ-748 (https://javdb.com/v/QN2A7p)
[2026-07-30 20:45:27] [INFO] [javdb_scraper.py:752] - 🔎 [15/162] 抓取详情: NTRH-027 (https://javdb.com/v/XeAOk1)
[2026-07-30 20:45:30] [INFO] [javdb_scraper.py:752] - 🔎 [16/162] 抓取详情: FWAY-075 (https://javdb.com/v/qAdX16)
[2026-07-30 20:45:33] [INFO] [javdb_scraper.py:752] - 🔎 [17/162] 抓取详情: IPZZ-688 (https://javdb.com/v/964wg6)
[2026-07-30 20:45:36] [INFO] [javdb_scraper.py:752] - 🔎 [18/162] 抓取详情: OFJE-652 (https://javdb.com/v/z4Z53W)
[2026-07-30 20:45:40] [INFO] [javdb_scraper.py:752] - 🔎 [19/162] 抓取详情: OFJE-612 (https://javdb.com/v/kKDGkP)
[2026-07-30 20:45:43] [INFO] [javdb_scraper.py:752] - 🔎 [20/162] 抓取详情: OFJE-638 (https://javdb.com/v/GZP9Oq)
[2026-07-30 20:45:46] [INFO] [javdb_scraper.py:752] - 🔎 [21/162] 抓取详情: OFJE-632 (https://javdb.com/v/BzaKZM)
[2026-07-30 20:45:49] [INFO] [javdb_scraper.py:752] - 🔎 [22/162] 抓取详情: OFJE-633 (https://javdb.com/v/deDRA8)
[2026-07-30 20:45:52] [INFO] [javdb_scraper.py:752] - 🔎 [23/162] 抓取详情: OFJE-626 (https://javdb.com/v/1AWOGv)
[2026-07-30 20:45:56] [INFO] [javdb_scraper.py:752] - 🔎 [24/162] 抓取详情: OFJE-709 (https://javdb.com/v/4Dx7g3)
[2026-07-30 20:45:58] [INFO] [javdb_scraper.py:752] - 🔎 [25/162] 抓取详情: OFJE-622 (https://javdb.com/v/mObqDd)
[2026-07-30 20:46:01] [INFO] [javdb_scraper.py:752] - 🔎 [26/162] 抓取详情: OFJE-607 (https://javdb.com/v/96prZ6)
[2026-07-30 20:46:04] [INFO] [javdb_scraper.py:752] - 🔎 [27/162] 抓取详情: OFJE-611 (https://javdb.com/v/82ZPYV)
[2026-07-30 20:46:06] [INFO] [javdb_scraper.py:752] - 🔎 [28/162] 抓取详情: OFJE-598 (https://javdb.com/v/GZw7Q7)
[2026-07-30 20:46:08] [INFO] [javdb_scraper.py:752] - 🔎 [29/162] 抓取详情: OFJE-592 (https://javdb.com/v/pkDVKB)
[2026-07-30 20:46:12] [INFO] [javdb_scraper.py:752] - 🔎 [30/162] 抓取详情: OFJE-585 (https://javdb.com/v/7yG3m4)
[2026-07-30 20:46:14] [INFO] [javdb_scraper.py:752] - 🔎 [31/162] 抓取详情: OFJE-549 (https://javdb.com/v/2mGp4W)
[2026-07-30 20:46:17] [INFO] [javdb_scraper.py:752] - 🔎 [32/162] 抓取详情: RBB-320 (https://javdb.com/v/r3emrD)
[2026-07-30 20:46:19] [INFO] [javdb_scraper.py:752] - 🔎 [33/162] 抓取详情: OFJE-546 (https://javdb.com/v/QNJeD8)
[2026-07-30 20:46:22] [INFO] [javdb_scraper.py:752] - 🔎 [34/162] 抓取详情: OFJE-547 (https://javdb.com/v/XeYaDJ)
[2026-07-30 20:46:24] [INFO] [javdb_scraper.py:752] - 🔎 [35/162] 抓取详情: OFJE-542 (https://javdb.com/v/BzAGer)
[2026-07-30 20:46:26] [INFO] [javdb_scraper.py:752] - 🔎 [36/162] 抓取详情: RBB-319 (https://javdb.com/v/9642bg)
[2026-07-30 20:46:29] [INFO] [javdb_scraper.py:752] - 🔎 [37/162] 抓取详情: OFJE-525 (https://javdb.com/v/6dq7ga)
[2026-07-30 20:46:32] [INFO] [javdb_scraper.py:752] - 🔎 [38/162] 抓取详情: OFJE-519 (https://javdb.com/v/1A4W6w)
[2026-07-30 20:46:35] [INFO] [javdb_scraper.py:752] - 🔎 [39/162] 抓取详情: OFJE-517 (https://javdb.com/v/RkG34n)
[2026-07-30 20:46:38] [INFO] [javdb_scraper.py:752] - 🔎 [40/162] 抓取详情: OFJE-513 (https://javdb.com/v/veZvKW)
[2026-07-30 20:46:40] [INFO] [javdb_scraper.py:752] - 🔎 [41/162] 抓取详情: OFJE-509 (https://javdb.com/v/J0ANRR)
[2026-07-30 20:46:43] [INFO] [javdb_scraper.py:752] - 🔎 [42/162] 抓取详情: SONE-702 (https://javdb.com/v/gy47EZ)
[2026-07-30 20:46:46] [INFO] [javdb_scraper.py:752] - 🔎 [43/162] 抓取详情: OFJE-506 (https://javdb.com/v/bKg7kA)
[2026-07-30 20:46:48] [INFO] [javdb_scraper.py:752] - 🔎 [44/162] 抓取详情: OFJE-505 (https://javdb.com/v/MbYEVv)
[2026-07-30 20:46:51] [INFO] [javdb_scraper.py:752] - 🔎 [45/162] 抓取详情: SONE-666 (https://javdb.com/v/2mKqAy)
[2026-07-30 20:46:54] [INFO] [javdb_scraper.py:752] - 🔎 [46/162] 抓取详情: OFJE-498 (https://javdb.com/v/e84OJd)
[2026-07-30 20:46:57] [INFO] [javdb_scraper.py:752] - 🔎 [47/162] 抓取详情: OFJE-500 (https://javdb.com/v/7yKqwZ)
[2026-07-30 20:46:59] [INFO] [javdb_scraper.py:752] - 🔎 [48/162] 抓取详情: SONE-620 (https://javdb.com/v/82XbqK)
[2026-07-30 20:47:01] [INFO] [javdb_scraper.py:752] - 🔎 [49/162] 抓取详情: OFJE-491 (https://javdb.com/v/RkKa4K)
[2026-07-30 20:47:04] [INFO] [javdb_scraper.py:752] - 🔎 [50/162] 抓取详情: SONE-574 (https://javdb.com/v/ZN4BQ6)
[2026-07-30 20:47:06] [INFO] [javdb_scraper.py:752] - 🔎 [51/162] 抓取详情: SONE-525 (https://javdb.com/v/DRY2B2)
[2026-07-30 20:47:09] [INFO] [javdb_scraper.py:752] - 🔎 [52/162] 抓取详情: SIVR-386 (https://javdb.com/v/6dx44K)
[2026-07-30 20:47:11] [INFO] [javdb_scraper.py:752] - 🔎 [53/162] 抓取详情: SONE-479 (https://javdb.com/v/966KYE)
[2026-07-30 20:47:14] [INFO] [javdb_scraper.py:752] - 🔎 [54/162] 抓取详情: OFJE-469 (https://javdb.com/v/0eeNv0)
[2026-07-30 20:47:16] [INFO] [javdb_scraper.py:752] - 🔎 [55/162] 抓取详情: OFJE-470 (https://javdb.com/v/Mbba21)
[2026-07-30 20:47:19] [INFO] [javdb_scraper.py:752] - 🔎 [56/162] 抓取详情: SONE-436 (https://javdb.com/v/4DDBA6)
[2026-07-30 20:47:22] [INFO] [javdb_scraper.py:752] - 🔎 [57/162] 抓取详情: OFJE-465 (https://javdb.com/v/QNNwgG)
[2026-07-30 20:47:24] [INFO] [javdb_scraper.py:752] - 🔎 [58/162] 抓取详情: OFJE-467 (https://javdb.com/v/bKK0de)
[2026-07-30 20:47:27] [INFO] [javdb_scraper.py:752] - 🔎 [59/162] 抓取详情: SONE-385 (https://javdb.com/v/7yyWWd)
[2026-07-30 20:47:29] [INFO] [javdb_scraper.py:752] - 🔎 [60/162] 抓取详情: OFJE-459 (https://javdb.com/v/bKKbJv)
[2026-07-30 20:47:31] [INFO] [javdb_scraper.py:752] - 🔎 [61/162] 抓取详情: SONE-340 (https://javdb.com/v/nKKD14)
[2026-07-30 20:47:34] [INFO] [javdb_scraper.py:752] - 🔎 [62/162] 抓取详情: OFJE-453 (https://javdb.com/v/Xee71G)
[2026-07-30 20:47:37] [INFO] [javdb_scraper.py:752] - 🔎 [63/162] 抓取详情: SONE-290 (https://javdb.com/v/Kkk1E7)
[2026-07-30 20:47:40] [INFO] [javdb_scraper.py:752] - 🔎 [64/162] 抓取详情: RBB-289 (https://javdb.com/v/5nn9PM)
[2026-07-30 20:47:42] [INFO] [javdb_scraper.py:752] - 🔎 [65/162] 抓取详情: SONE-248 (https://javdb.com/v/2ma7pq)
[2026-07-30 20:47:45] [INFO] [javdb_scraper.py:752] - 🔎 [66/162] 抓取详情: OFJE-573 (https://javdb.com/v/XeW25P)
[2026-07-30 20:47:49] [INFO] [javdb_scraper.py:752] - 🔎 [67/162] 抓取详情: OFJE-571 (https://javdb.com/v/GZM0x2)
[2026-07-30 20:47:51] [INFO] [javdb_scraper.py:752] - 🔎 [68/162] 抓取详情: SONE-081 (https://javdb.com/v/pk3aAZ)
[2026-07-30 20:47:54] [INFO] [javdb_scraper.py:752] - 🔎 [69/162] 抓取详情: OFJE-566 (https://javdb.com/v/96DGVp)
[2026-07-30 20:47:56] [INFO] [javdb_scraper.py:752] - 🔎 [70/162] 抓取详情: RBB-283 (https://javdb.com/v/AqzJeK)
[2026-07-30 20:48:00] [INFO] [javdb_scraper.py:752] - 🔎 [71/162] 抓取详情: SONE-180 (https://javdb.com/v/2makzB)
[2026-07-30 20:48:03] [INFO] [javdb_scraper.py:752] - 🔎 [72/162] 抓取详情: OFJE-564 (https://javdb.com/v/ZNX3qv)
[2026-07-30 20:48:05] [INFO] [javdb_scraper.py:752] - 🔎 [73/162] 抓取详情: SONE-097 (https://javdb.com/v/r3mOqz)
[2026-07-30 20:48:08] [INFO] [javdb_scraper.py:752] - 🔎 [74/162] 抓取详情: OFJE-557 (https://javdb.com/v/kK44nN)
[2026-07-30 20:48:11] [INFO] [javdb_scraper.py:752] - 🔎 [75/162] 抓取详情: OFJE-558 (https://javdb.com/v/0eRRZ7)
[2026-07-30 20:48:14] [INFO] [javdb_scraper.py:752] - 🔎 [76/162] 抓取详情: SONE-096 (https://javdb.com/v/xAN3XA)
[2026-07-30 20:48:17] [INFO] [javdb_scraper.py:752] - 🔎 [77/162] 抓取详情: OFJE-555 (https://javdb.com/v/6daQzQ)
[2026-07-30 20:48:19] [INFO] [javdb_scraper.py:752] - 🔎 [78/162] 抓取详情: RBB-279 (https://javdb.com/v/e8rNgE)
[2026-07-30 20:48:21] [INFO] [javdb_scraper.py:752] - 🔎 [79/162] 抓取详情: SIVR-310 (https://javdb.com/v/wKnQ17)
[2026-07-30 20:48:24] [INFO] [javdb_scraper.py:752] - 🔎 [80/162] 抓取详情: SONE-054 (https://javdb.com/v/AzAd1q)
[2026-07-30 20:48:27] [INFO] [javdb_scraper.py:752] - 🔎 [81/162] 抓取详情: OFJE-449 (https://javdb.com/v/656W5M)
[2026-07-30 20:48:30] [INFO] [javdb_scraper.py:752] - 🔎 [82/162] 抓取详情: OFJE-446 (https://javdb.com/v/76p5RR)
[2026-07-30 20:48:32] [INFO] [javdb_scraper.py:752] - 🔎 [83/162] 抓取详情: OFJE-447 (https://javdb.com/v/PQKapN)
[2026-07-30 20:48:34] [INFO] [javdb_scraper.py:752] - 🔎 [84/162] 抓取详情: SONE-012 (https://javdb.com/v/35bvyD)
[2026-07-30 20:48:36] [INFO] [javdb_scraper.py:752] - 🔎 [85/162] 抓取详情: OFJE-445 (https://javdb.com/v/nepEzY)
[2026-07-30 20:48:39] [INFO] [javdb_scraper.py:752] - 🔎 [86/162] 抓取详情: SSIS-927 (https://javdb.com/v/GMkD6z)
[2026-07-30 20:48:42] [INFO] [javdb_scraper.py:752] - 🔎 [87/162] 抓取详情: FWAY-001 (https://javdb.com/v/D2pD6a)
[2026-07-30 20:48:45] [INFO] [javdb_scraper.py:752] - 🔎 [88/162] 抓取详情: OFJE-441 (https://javdb.com/v/MmWD5J)
[2026-07-30 20:48:48] [INFO] [javdb_scraper.py:752] - 🔎 [89/162] 抓取详情: SSIS-950 (https://javdb.com/v/zK3x8E)
[2026-07-30 20:48:50] [INFO] [javdb_scraper.py:752] - 🔎 [90/162] 抓取详情: OFJE-439 (https://javdb.com/v/ZXMq07)
[2026-07-30 20:48:53] [INFO] [javdb_scraper.py:752] - 🔎 [91/162] 抓取详情: OFJE-437 (https://javdb.com/v/XW10ZP)
[2026-07-30 20:48:56] [INFO] [javdb_scraper.py:752] - 🔎 [92/162] 抓取详情: OFJE-435 (https://javdb.com/v/vDEkgW)
[2026-07-30 20:48:59] [INFO] [javdb_scraper.py:752] - 🔎 [93/162] 抓取详情: SSIS-870 (https://javdb.com/v/8VnnZ3)
[2026-07-30 20:49:02] [INFO] [javdb_scraper.py:752] - 🔎 [94/162] 抓取详情: OFJE-431 (https://javdb.com/v/AzDDVO)
[2026-07-30 20:49:05] [INFO] [javdb_scraper.py:752] - 🔎 [95/162] 抓取详情: OFJE-429 (https://javdb.com/v/B8r46G)
[2026-07-30 20:49:08] [INFO] [javdb_scraper.py:752] - 🔎 [96/162] 抓取详情: OFJE-427 (https://javdb.com/v/meGOay)
[2026-07-30 20:49:10] [INFO] [javdb_scraper.py:752] - 🔎 [97/162] 抓取详情: SSIS-858 (https://javdb.com/v/Vwr4GG)
[2026-07-30 20:49:13] [INFO] [javdb_scraper.py:752] - 🔎 [98/162] 抓取详情: OFJE-425 (https://javdb.com/v/wqJbBz)
[2026-07-30 20:49:15] [INFO] [javdb_scraper.py:752] - 🔎 [99/162] 抓取详情: OFJE-423 (https://javdb.com/v/yrvx0g)
[2026-07-30 20:49:19] [INFO] [javdb_scraper.py:752] - 🔎 [100/162] 抓取详情: SSIS-817 (https://javdb.com/v/9D76YE)
[2026-07-30 20:49:25] [INFO] [server.py:100] - ⏰ APScheduler 定时任务引擎已启动
[2026-07-30 20:49:25] [INFO] [server.py:102] - 📥 异步任务队列 Consumer 已就绪
[2026-07-30 20:49:49] [INFO] [javdb_scraper.py:1224] - 📊 [115 Quota] 离线配额 -> 总量: 1500, 已用: 43, 剩余可用: 1457
[2026-07-30 20:52:08] [INFO] [server.py:128] - ⏰ APScheduler 定时任务引擎已启动
[2026-07-30 20:52:08] [INFO] [server.py:130] - 📥 异步任务队列 Consumer 已就绪
[2026-07-30 20:52:56] [INFO] [server.py:49] - ▶️ [Queue] 开始执行队列任务 [a24c474b] | 类型: auto_scrape
[2026-07-30 20:52:56] [INFO] [javdb_scraper.py:658] - 📄 [Scrape] 正在抓取索引页 [1]: https://javdb.com/actors/zK8rJ
[2026-07-30 20:52:59] [INFO] [javdb_scraper.py:637] - 📥 [DB] 索引记录批量存库成功 (6 条)
[2026-07-30 20:52:59] [INFO] [javdb_scraper.py:718] - 🔚 [Scrape] 抓取至末页
[2026-07-30 20:52:59] [INFO] [javdb_scraper.py:755] - 🚀 [Scrape] 开始抓取待更新影片详情，总量: 119
[2026-07-30 20:52:59] [INFO] [javdb_scraper.py:761] - 🔎 [1/119] 抓取详情: OFJE-540 (https://javdb.com/v/r3D57z)
[2026-07-30 20:53:02] [INFO] [javdb_scraper.py:761] - 🔎 [2/119] 抓取详情: MIUM-1445 (https://javdb.com/v/96Qq95)
[2026-07-30 20:53:05] [INFO] [javdb_scraper.py:761] - 🔎 [3/119] 抓取详情: IPZZ-901 (https://javdb.com/v/qA7J96)
[2026-07-30 20:53:08] [INFO] [javdb_scraper.py:761] - 🔎 [4/119] 抓取详情: REBDB-1036 (https://javdb.com/v/KkPw5O)
[2026-07-30 20:53:10] [INFO] [javdb_scraper.py:761] - 🔎 [5/119] 抓取详情: IPZZ-876 (https://javdb.com/v/EbPyg4)
[2026-07-30 20:53:13] [INFO] [javdb_scraper.py:761] - 🔎 [6/119] 抓取详情: IPOK-020 (https://javdb.com/v/mObMVv)
[2026-07-30 20:53:15] [INFO] [javdb_scraper.py:761] - 🔎 [7/119] 抓取详情: IPOK-015 (https://javdb.com/v/e87zER)
[2026-07-30 20:53:17] [INFO] [javdb_scraper.py:761] - 🔎 [8/119] 抓取详情: OFJE-652 (https://javdb.com/v/z4Z53W)
[2026-07-30 20:53:21] [INFO] [javdb_scraper.py:761] - 🔎 [9/119] 抓取详情: OFJE-612 (https://javdb.com/v/kKDGkP)
[2026-07-30 20:53:23] [INFO] [javdb_scraper.py:761] - 🔎 [10/119] 抓取详情: OFJE-638 (https://javdb.com/v/GZP9Oq)
[2026-07-30 20:53:26] [INFO] [javdb_scraper.py:761] - 🔎 [11/119] 抓取详情: OFJE-632 (https://javdb.com/v/BzaKZM)
[2026-07-30 20:53:28] [INFO] [javdb_scraper.py:761] - 🔎 [12/119] 抓取详情: OFJE-633 (https://javdb.com/v/deDRA8)
[2026-07-30 20:53:31] [INFO] [javdb_scraper.py:761] - 🔎 [13/119] 抓取详情: OFJE-626 (https://javdb.com/v/1AWOGv)
[2026-07-30 20:53:33] [INFO] [javdb_scraper.py:761] - 🔎 [14/119] 抓取详情: OFJE-709 (https://javdb.com/v/4Dx7g3)
[2026-07-30 20:53:35] [INFO] [javdb_scraper.py:761] - 🔎 [15/119] 抓取详情: OFJE-622 (https://javdb.com/v/mObqDd)
[2026-07-30 20:53:37] [INFO] [javdb_scraper.py:761] - 🔎 [16/119] 抓取详情: OFJE-607 (https://javdb.com/v/96prZ6)
[2026-07-30 20:53:39] [INFO] [javdb_scraper.py:761] - 🔎 [17/119] 抓取详情: OFJE-611 (https://javdb.com/v/82ZPYV)
[2026-07-30 20:53:41] [INFO] [javdb_scraper.py:761] - 🔎 [18/119] 抓取详情: OFJE-598 (https://javdb.com/v/GZw7Q7)
[2026-07-30 20:53:44] [INFO] [javdb_scraper.py:761] - 🔎 [19/119] 抓取详情: OFJE-549 (https://javdb.com/v/2mGp4W)
[2026-07-30 20:53:46] [INFO] [javdb_scraper.py:761] - 🔎 [20/119] 抓取详情: RBB-320 (https://javdb.com/v/r3emrD)
[2026-07-30 20:53:48] [INFO] [javdb_scraper.py:761] - 🔎 [21/119] 抓取详情: OFJE-547 (https://javdb.com/v/XeYaDJ)
[2026-07-30 20:53:50] [INFO] [javdb_scraper.py:761] - 🔎 [22/119] 抓取详情: OFJE-542 (https://javdb.com/v/BzAGer)
[2026-07-30 20:53:52] [INFO] [javdb_scraper.py:761] - 🔎 [23/119] 抓取详情: RBB-319 (https://javdb.com/v/9642bg)
[2026-07-30 20:53:54] [INFO] [javdb_scraper.py:761] - 🔎 [24/119] 抓取详情: OFJE-525 (https://javdb.com/v/6dq7ga)
[2026-07-30 20:53:57] [INFO] [javdb_scraper.py:761] - 🔎 [25/119] 抓取详情: OFJE-519 (https://javdb.com/v/1A4W6w)
[2026-07-30 20:54:00] [INFO] [javdb_scraper.py:761] - 🔎 [26/119] 抓取详情: OFJE-517 (https://javdb.com/v/RkG34n)
[2026-07-30 20:54:02] [INFO] [javdb_scraper.py:761] - 🔎 [27/119] 抓取详情: OFJE-513 (https://javdb.com/v/veZvKW)
[2026-07-30 20:54:04] [INFO] [javdb_scraper.py:761] - 🔎 [28/119] 抓取详情: OFJE-509 (https://javdb.com/v/J0ANRR)
[2026-07-30 20:54:06] [INFO] [javdb_scraper.py:761] - 🔎 [29/119] 抓取详情: OFJE-498 (https://javdb.com/v/e84OJd)
[2026-07-30 20:54:09] [INFO] [javdb_scraper.py:761] - 🔎 [30/119] 抓取详情: OFJE-491 (https://javdb.com/v/RkKa4K)
[2026-07-30 20:54:12] [INFO] [javdb_scraper.py:761] - 🔎 [31/119] 抓取详情: OFJE-469 (https://javdb.com/v/0eeNv0)
[2026-07-30 20:54:15] [INFO] [javdb_scraper.py:761] - 🔎 [32/119] 抓取详情: OFJE-453 (https://javdb.com/v/Xee71G)
[2026-07-30 20:54:18] [INFO] [javdb_scraper.py:761] - 🔎 [33/119] 抓取详情: RBB-289 (https://javdb.com/v/5nn9PM)
[2026-07-30 20:54:21] [INFO] [javdb_scraper.py:761] - 🔎 [34/119] 抓取详情: OFJE-571 (https://javdb.com/v/GZM0x2)
[2026-07-30 20:54:23] [INFO] [javdb_scraper.py:761] - 🔎 [35/119] 抓取详情: OFJE-566 (https://javdb.com/v/96DGVp)
[2026-07-30 20:54:26] [INFO] [javdb_scraper.py:761] - 🔎 [36/119] 抓取详情: RBB-283 (https://javdb.com/v/AqzJeK)
[2026-07-30 20:54:29] [INFO] [javdb_scraper.py:761] - 🔎 [37/119] 抓取详情: OFJE-564 (https://javdb.com/v/ZNX3qv)
[2026-07-30 20:54:31] [INFO] [javdb_scraper.py:761] - 🔎 [38/119] 抓取详情: OFJE-557 (https://javdb.com/v/kK44nN)
[2026-07-30 20:54:33] [INFO] [javdb_scraper.py:761] - 🔎 [39/119] 抓取详情: RBB-279 (https://javdb.com/v/e8rNgE)
[2026-07-30 20:54:35] [INFO] [javdb_scraper.py:761] - 🔎 [40/119] 抓取详情: OFJE-449 (https://javdb.com/v/656W5M)
[2026-07-30 20:54:37] [INFO] [javdb_scraper.py:761] - 🔎 [41/119] 抓取详情: OFJE-446 (https://javdb.com/v/76p5RR)
[2026-07-30 20:54:40] [INFO] [javdb_scraper.py:761] - 🔎 [42/119] 抓取详情: OFJE-447 (https://javdb.com/v/PQKapN)
[2026-07-30 20:54:42] [INFO] [javdb_scraper.py:761] - 🔎 [43/119] 抓取详情: OFJE-445 (https://javdb.com/v/nepEzY)
[2026-07-30 20:54:45] [INFO] [javdb_scraper.py:761] - 🔎 [44/119] 抓取详情: OFJE-441 (https://javdb.com/v/MmWD5J)
[2026-07-30 20:54:48] [INFO] [javdb_scraper.py:761] - 🔎 [45/119] 抓取详情: OFJE-439 (https://javdb.com/v/ZXMq07)
[2026-07-30 20:54:51] [INFO] [javdb_scraper.py:761] - 🔎 [46/119] 抓取详情: OFJE-437 (https://javdb.com/v/XW10ZP)
[2026-07-30 20:54:53] [INFO] [javdb_scraper.py:761] - 🔎 [47/119] 抓取详情: OFJE-435 (https://javdb.com/v/vDEkgW)
[2026-07-30 20:54:55] [INFO] [javdb_scraper.py:761] - 🔎 [48/119] 抓取详情: OFJE-429 (https://javdb.com/v/B8r46G)
[2026-07-30 20:54:57] [INFO] [javdb_scraper.py:761] - 🔎 [49/119] 抓取详情: OFJE-425 (https://javdb.com/v/wqJbBz)
[2026-07-30 20:55:01] [INFO] [javdb_scraper.py:761] - 🔎 [50/119] 抓取详情: OFJE-423 (https://javdb.com/v/yrvx0g)
[2026-07-30 20:55:05] [INFO] [javdb_scraper.py:761] - 🔎 [51/119] 抓取详情: SSIS-817 (https://javdb.com/v/9D76YE)
[2026-07-30 20:55:08] [INFO] [javdb_scraper.py:761] - 🔎 [52/119] 抓取详情: OFJE-418 (https://javdb.com/v/XW8eYJ)
[2026-07-30 20:55:11] [INFO] [javdb_scraper.py:761] - 🔎 [53/119] 抓取详情: SSIS-784 (https://javdb.com/v/E2e2eA)
[2026-07-30 20:55:15] [INFO] [javdb_scraper.py:761] - 🔎 [54/119] 抓取详情: OVVR-291 (https://javdb.com/v/9Dm7dw)
[2026-07-30 20:55:17] [INFO] [javdb_scraper.py:761] - 🔎 [55/119] 抓取详情: SSIS-742 (https://javdb.com/v/Az1yDn)
[2026-07-30 20:55:19] [INFO] [javdb_scraper.py:761] - 🔎 [56/119] 抓取详情: OFJE-411 (https://javdb.com/v/p3mWxb)
[2026-07-30 20:55:23] [INFO] [javdb_scraper.py:761] - 🔎 [57/119] 抓取详情: SSIS-703 (https://javdb.com/v/rmX0Pv)
[2026-07-30 20:55:25] [INFO] [javdb_scraper.py:761] - 🔎 [58/119] 抓取详情: SSIS-668 (https://javdb.com/v/E2NvDM)
[2026-07-30 20:55:28] [INFO] [javdb_scraper.py:761] - 🔎 [59/119] 抓取详情: SSIS-641 (https://javdb.com/v/eKVByb)
[2026-07-30 20:55:28] [INFO] [javdb_scraper.py:1233] - 📊 [115 Quota] 离线配额 -> 总量: 1500, 已用: 43, 剩余可用: 1457
[2026-07-30 20:55:30] [INFO] [javdb_scraper.py:761] - 🔎 [60/119] 抓取详情: OFJE-395 (https://javdb.com/v/769NR1)
[2026-07-30 20:55:31] [WARNING] [server.py:366] - 🛑 [Queue] 用户发出了针对运行中任务 [a24c474b] 的停止指令
[2026-07-30 20:55:32] [WARNING] [javdb_scraper.py:758] - 🛑 [Cancel Guard] 收到用户取消任务指令，中断详情抓取过程。
[2026-07-30 20:55:32] [WARNING] [server.py:104] - 🛑 [Queue] 任务 [a24c474b] 已成功中断终止
[2026-07-30 20:56:32] [INFO] [server.py:135] - ⏰ APScheduler 定时任务引擎已启动
[2026-07-30 20:56:32] [INFO] [server.py:137] - 📥 异步任务队列 Consumer 已就绪
[2026-07-30 20:56:52] [INFO] [javdb_scraper.py:1242] - 📊 [115 Quota] 离线配额 -> 总量: 1500, 已用: 43, 剩余可用: 1457
[2026-07-30 20:58:24] [INFO] [server.py:51] - ▶️ [Queue] 开始执行队列任务 [bcc4f009] | 演员 [生田さな] - 全量抓取
[2026-07-30 20:58:24] [INFO] [javdb_scraper.py:663] - 📄 [Scrape] 正在抓取索引页 [1]: https://javdb.com/actors/zK8rJ
[2026-07-30 20:58:27] [INFO] [javdb_scraper.py:638] - 📥 [DB] 索引记录批量存库成功 (6 条)
[2026-07-30 20:58:27] [INFO] [javdb_scraper.py:723] - 🔚 [Scrape] 抓取至末页
[2026-07-30 20:58:27] [INFO] [javdb_scraper.py:760] - 🚀 [Scrape] 开始抓取待更新影片详情，总量: 113
[2026-07-30 20:58:27] [INFO] [javdb_scraper.py:770] - 🔎 [1/113] 抓取详情: OFJE-540 (https://javdb.com/v/r3D57z)
[2026-07-30 20:58:30] [INFO] [javdb_scraper.py:770] - 🔎 [2/113] 抓取详情: MIUM-1445 (https://javdb.com/v/96Qq95)
[2026-07-30 20:58:32] [INFO] [javdb_scraper.py:770] - 🔎 [3/113] 抓取详情: IPZZ-901 (https://javdb.com/v/qA7J96)
[2026-07-30 20:58:35] [INFO] [javdb_scraper.py:770] - 🔎 [4/113] 抓取详情: REBDB-1036 (https://javdb.com/v/KkPw5O)
[2026-07-30 20:58:38] [INFO] [javdb_scraper.py:770] - 🔎 [5/113] 抓取详情: IPZZ-876 (https://javdb.com/v/EbPyg4)
[2026-07-30 20:58:40] [INFO] [javdb_scraper.py:770] - 🔎 [6/113] 抓取详情: IPOK-020 (https://javdb.com/v/mObMVv)
[2026-07-30 20:58:43] [INFO] [javdb_scraper.py:770] - 🔎 [7/113] 抓取详情: IPOK-015 (https://javdb.com/v/e87zER)
[2026-07-30 20:58:46] [WARNING] [server.py:395] - 🛑 [Queue] 用户发出了针对运行中任务 [bcc4f009] 的停止指令
[2026-07-30 20:58:46] [WARNING] [javdb_scraper.py:763] - 🛑 [Cancel Guard] 收到用户取消任务指令，中断详情抓取过程。
[2026-07-30 20:58:46] [WARNING] [server.py:111] - 🛑 [Queue] 任务 [bcc4f009] 已成功中断终止
[2026-07-30 20:59:48] [INFO] [server.py:135] - ⏰ APScheduler 定时任务引擎已启动
[2026-07-30 20:59:48] [INFO] [server.py:137] - 📥 异步任务队列 Consumer 已就绪
[2026-07-30 21:00:26] [INFO] [javdb_scraper.py:1256] - 📊 [115 Quota] 离线配额 -> 总量: 1500, 已用: 43, 剩余可用: 1457
[2026-07-30 21:00:31] [INFO] [server.py:51] - ▶️ [Queue] 开始执行队列任务 [4a6553fb] | 演员 [生田さな] - 智能增量更新
[2026-07-30 21:00:31] [INFO] [javdb_scraper.py:664] - 📄 [Scrape] 正在抓取索引页 [1]: https://javdb.com/actors/zK8rJ
[2026-07-30 21:00:34] [INFO] [javdb_scraper.py:638] - 📥 [DB] 索引记录批量存库成功 (6 条)
[2026-07-30 21:00:34] [INFO] [javdb_scraper.py:727] - 🔚 [Scrape] 抓取至末页
[2026-07-30 21:00:34] [INFO] [javdb_scraper.py:774] - 🚀 [Scrape] 开始抓取待更新影片详情，总量: 6
[2026-07-30 21:00:34] [INFO] [javdb_scraper.py:784] - 🔎 [1/6] 抓取详情: FNS-155 (https://javdb.com/v/gyW8vQ)
[2026-07-30 21:00:38] [INFO] [javdb_scraper.py:784] - 🔎 [2/6] 抓取详情: FNS-156 (https://javdb.com/v/kKbere)
[2026-07-30 21:00:39] [INFO] [javdb_scraper.py:784] - 🔎 [3/6] 抓取详情: FNS-160 (https://javdb.com/v/6dWA87)
[2026-07-30 21:00:42] [INFO] [javdb_scraper.py:784] - 🔎 [4/6] 抓取详情: FNS-174 (https://javdb.com/v/QNrwn9)
[2026-07-30 21:00:44] [INFO] [javdb_scraper.py:784] - 🔎 [5/6] 抓取详情: FNS-187 (https://javdb.com/v/3nNRO9)
[2026-07-30 21:00:46] [INFO] [javdb_scraper.py:784] - 🔎 [6/6] 抓取详情: FNS-214 (https://javdb.com/v/qA7AND)
[2026-07-30 21:01:36] [INFO] [server.py:51] - ▶️ [Queue] 开始执行队列任务 [e9d8da3c] | 任务 [e9d8da3c]
[2026-07-30 21:01:36] [INFO] [javdb_scraper.py:806] - 🔍 [Search] 精准搜索番号 [FNS-155] -> URL: https://javdb.com/search?q=FNS-155&sb=0
[2026-07-30 21:01:39] [INFO] [javdb_scraper.py:824] - 🔗 [Search] 匹配到番号 [FNS-155] 目标链接: https://javdb.com/v/gyW8vQ
[2026-07-30 21:01:41] [INFO] [javdb_scraper.py:1256] - 📊 [115 Quota] 离线配额 -> 总量: 1500, 已用: 43, 剩余可用: 1457
[2026-07-30 21:01:42] [INFO] [javdb_scraper.py:835] - 📥 [DB] 番号 [FNS-155] 存库成功
[2026-07-30 21:02:54] [INFO] [server.py:51] - ▶️ [Queue] 开始执行队列任务 [134fd35d] | 清单 [預設清單] - 全量抓取
[2026-07-30 21:02:54] [INFO] [javdb_scraper.py:664] - 📄 [Scrape] 正在抓取索引页 [1]: https://javdb.com/users/list_detail?id=NwDvJ4&lst=0
[2026-07-30 21:02:57] [INFO] [javdb_scraper.py:638] - 📥 [DB] 索引记录批量存库成功 (1 条)
[2026-07-30 21:02:57] [INFO] [javdb_scraper.py:727] - 🔚 [Scrape] 抓取至末页
[2026-07-30 21:02:57] [INFO] [javdb_scraper.py:774] - 🚀 [Scrape] 开始抓取待更新影片详情，总量: 1
[2026-07-30 21:02:57] [INFO] [javdb_scraper.py:784] - 🔎 [1/1] 抓取详情: MIUM-1445 (https://javdb.com/v/96Qq95)
[2026-07-30 21:05:20] [INFO] [server.py:135] - ⏰ APScheduler 定时任务引擎已启动
[2026-07-30 21:05:20] [INFO] [server.py:137] - 📥 异步任务队列 Consumer 已就绪
[2026-07-30 21:05:32] [INFO] [javdb_scraper.py:1256] - 📊 [115 Quota] 离线配额 -> 总量: 1500, 已用: 43, 剩余可用: 1457
[2026-07-30 21:06:40] [INFO] [server.py:135] - ⏰ APScheduler 定时任务引擎已启动
[2026-07-30 21:06:40] [INFO] [server.py:137] - 📥 异步任务队列 Consumer 已就绪
[2026-07-30 21:06:56] [INFO] [javdb_scraper.py:1256] - 📊 [115 Quota] 离线配额 -> 总量: 1500, 已用: 43, 剩余可用: 1457
[2026-07-30 21:06:58] [INFO] [javdb_scraper.py:1039] - 🧹 [DB] 成功清空数据库，共删除 175 条影片记录
[2026-07-30 21:07:10] [INFO] [server.py:51] - ▶️ [Queue] 开始执行队列任务 [824f9878] | 清单 [21321] - 全量抓取
[2026-07-30 21:07:10] [INFO] [javdb_scraper.py:664] - 📄 [Scrape] 正在抓取索引页 [1]: https://javdb.com/lists/452GVp?lst=0
[2026-07-30 21:07:12] [INFO] [javdb_scraper.py:638] - 📥 [DB] 索引记录批量存库成功 (4 条)
[2026-07-30 21:07:12] [INFO] [javdb_scraper.py:727] - 🔚 [Scrape] 抓取至末页
[2026-07-30 21:07:12] [INFO] [javdb_scraper.py:774] - 🚀 [Scrape] 开始抓取待更新影片详情，总量: 4
[2026-07-30 21:07:12] [INFO] [javdb_scraper.py:784] - 🔎 [1/4] 抓取详情: MIUM-1445 (https://javdb.com/v/96Qq95)
[2026-07-30 21:07:14] [INFO] [javdb_scraper.py:784] - 🔎 [2/4] 抓取详情: OFJE-540 (https://javdb.com/v/r3D57z)
[2026-07-30 21:07:16] [INFO] [javdb_scraper.py:784] - 🔎 [3/4] 抓取详情: OFJE-543 (https://javdb.com/v/dezWBM)
[2026-07-30 21:07:19] [INFO] [javdb_scraper.py:784] - 🔎 [4/4] 抓取详情: SNOS-258 (https://javdb.com/v/Ww7RYR)
[2026-07-30 21:07:21] [INFO] [javdb_scraper.py:1256] - 📊 [115 Quota] 离线配额 -> 总量: 1500, 已用: 43, 剩余可用: 1457
[2026-07-30 21:11:19] [INFO] [server.py:135] - ⏰ APScheduler 定时任务引擎已启动
[2026-07-30 21:11:19] [INFO] [server.py:137] - 📥 异步任务队列 Consumer 已就绪
[2026-07-30 21:11:30] [INFO] [javdb_scraper.py:1256] - 📊 [115 Quota] 离线配额 -> 总量: 1500, 已用: 43, 剩余可用: 1457
[2026-07-30 21:11:47] [INFO] [javdb_scraper.py:393] - 📋 [User] 正在拉取用户清单目录 (类型: favorite)...
[2026-07-30 21:11:49] [INFO] [javdb_scraper.py:443] - ✅ [User] 成功拉取到 1 个 [favorite] 清单
[2026-07-30 21:11:50] [INFO] [javdb_scraper.py:1256] - 📊 [115 Quota] 离线配额 -> 总量: 1500, 已用: 43, 剩余可用: 1457
[2026-07-30 21:12:41] [INFO] [server.py:51] - ▶️ [Queue] 开始执行队列任务 [19c9c48e] | 清单 [21321] - 智能增量更新
[2026-07-30 21:12:41] [INFO] [javdb_scraper.py:664] - 📄 [Scrape] 正在抓取索引页 [1]: https://javdb.com/lists/452GVp?lst=0
[2026-07-30 21:12:44] [INFO] [javdb_scraper.py:638] - 📥 [DB] 索引记录批量存库成功 (5 条)
[2026-07-30 21:12:44] [INFO] [javdb_scraper.py:727] - 🔚 [Scrape] 抓取至末页
[2026-07-30 21:12:44] [INFO] [javdb_scraper.py:774] - 🚀 [Scrape] 开始抓取待更新影片详情，总量: 4
[2026-07-30 21:12:44] [INFO] [javdb_scraper.py:784] - 🔎 [1/4] 抓取详情: LUXU-1891 (https://javdb.com/v/yxYR0W)
[2026-07-30 21:12:46] [INFO] [javdb_scraper.py:1256] - 📊 [115 Quota] 离线配额 -> 总量: 1500, 已用: 43, 剩余可用: 1457
[2026-07-30 21:12:47] [INFO] [javdb_scraper.py:784] - 🔎 [2/4] 抓取详情: MIUM-1445 (https://javdb.com/v/96Qq95)
[2026-07-30 21:12:50] [INFO] [javdb_scraper.py:784] - 🔎 [3/4] 抓取详情: OFJE-540 (https://javdb.com/v/r3D57z)
[2026-07-30 21:12:53] [INFO] [javdb_scraper.py:784] - 🔎 [4/4] 抓取详情: SNOS-258 (https://javdb.com/v/Ww7RYR)
[2026-07-30 21:12:58] [INFO] [javdb_scraper.py:1256] - 📊 [115 Quota] 离线配额 -> 总量: 1500, 已用: 43, 剩余可用: 1457
[2026-07-30 21:17:13] [INFO] [server.py:135] - ⏰ APScheduler 定时任务引擎已启动
[2026-07-30 21:17:13] [INFO] [server.py:137] - 📥 异步任务队列 Consumer 已就绪
[2026-07-30 21:17:40] [INFO] [javdb_scraper.py:240] - 🛠️ [DB Schema] 自动追加数据库新字段: preview_video_url
[2026-07-30 21:17:40] [INFO] [javdb_scraper.py:240] - 🛠️ [DB Schema] 自动追加数据库新字段: preview_images
[2026-07-30 21:17:41] [INFO] [javdb_scraper.py:1294] - 📊 [115 Quota] 离线配额 -> 总量: 1500, 已用: 43, 剩余可用: 1457
[2026-07-30 21:17:43] [INFO] [server.py:51] - ▶️ [Queue] 开始执行队列任务 [3a55d606] | 任务 [3a55d606]
[2026-07-30 21:17:43] [INFO] [javdb_scraper.py:844] - 🔍 [Search] 精准搜索番号 [LUXU-1891] -> URL: https://javdb.com/search?q=LUXU-1891&sb=0
[2026-07-30 21:17:47] [INFO] [javdb_scraper.py:862] - 🔗 [Search] 匹配到番号 [LUXU-1891] 目标链接: https://javdb.com/v/yxYR0W
[2026-07-30 21:17:50] [INFO] [javdb_scraper.py:873] - 📥 [DB] 番号 [LUXU-1891] 存库成功
[2026-07-30 21:17:50] [ERROR] [server.py:124] - ❌ [Queue] 队列任务执行失败 [3a55d606]: Incorrect number of bindings supplied. The current statement uses 21, and there are 19 supplied.
[2026-07-30 21:17:55] [INFO] [javdb_scraper.py:1294] - 📊 [115 Quota] 离线配额 -> 总量: 1500, 已用: 43, 剩余可用: 1457
[2026-07-30 21:18:05] [INFO] [server.py:51] - ▶️ [Queue] 开始执行队列任务 [226692ad] | 任务 [226692ad]
[2026-07-30 21:18:05] [INFO] [javdb_scraper.py:844] - 🔍 [Search] 精准搜索番号 [OFJE-543] -> URL: https://javdb.com/search?q=OFJE-543&sb=0
[2026-07-30 21:18:08] [INFO] [javdb_scraper.py:862] - 🔗 [Search] 匹配到番号 [OFJE-543] 目标链接: https://javdb.com/v/dezWBM
[2026-07-30 21:18:10] [INFO] [javdb_scraper.py:1294] - 📊 [115 Quota] 离线配额 -> 总量: 1500, 已用: 43, 剩余可用: 1457
[2026-07-30 21:18:10] [INFO] [javdb_scraper.py:873] - 📥 [DB] 番号 [OFJE-543] 存库成功
[2026-07-30 21:18:10] [ERROR] [server.py:124] - ❌ [Queue] 队列任务执行失败 [226692ad]: Incorrect number of bindings supplied. The current statement uses 21, and there are 19 supplied.
[2026-07-30 21:18:45] [INFO] [javdb_scraper.py:1077] - 🧹 [DB] 成功清空数据库，共删除 5 条影片记录
[2026-07-30 21:18:49] [INFO] [server.py:51] - ▶️ [Queue] 开始执行队列任务 [a78ec287] | 清单 [21321] - 全量抓取
[2026-07-30 21:18:49] [INFO] [javdb_scraper.py:702] - 📄 [Scrape] 正在抓取索引页 [1]: https://javdb.com/lists/452GVp?lst=0
[2026-07-30 21:18:52] [INFO] [javdb_scraper.py:676] - 📥 [DB] 索引记录批量存库成功 (5 条)
[2026-07-30 21:18:52] [INFO] [javdb_scraper.py:765] - 🔚 [Scrape] 抓取至末页
[2026-07-30 21:18:52] [INFO] [javdb_scraper.py:812] - 🚀 [Scrape] 开始抓取待更新影片详情，总量: 5
[2026-07-30 21:18:52] [INFO] [javdb_scraper.py:822] - 🔎 [1/5] 抓取详情: LUXU-1891 (https://javdb.com/v/yxYR0W)
[2026-07-30 21:18:55] [ERROR] [server.py:124] - ❌ [Queue] 队列任务执行失败 [a78ec287]: Incorrect number of bindings supplied. The current statement uses 21, and there are 19 supplied.
[2026-07-30 21:19:05] [INFO] [javdb_scraper.py:1294] - 📊 [115 Quota] 离线配额 -> 总量: 1500, 已用: 43, 剩余可用: 1457
[2026-07-30 21:19:51] [INFO] [server.py:135] - ⏰ APScheduler 定时任务引擎已启动
[2026-07-30 21:19:51] [INFO] [server.py:137] - 📥 异步任务队列 Consumer 已就绪
[2026-07-30 21:20:06] [INFO] [javdb_scraper.py:1296] - 📊 [115 Quota] 离线配额 -> 总量: 1500, 已用: 43, 剩余可用: 1457
[2026-07-30 21:20:08] [INFO] [javdb_scraper.py:1079] - 🧹 [DB] 成功清空数据库，共删除 5 条影片记录
[2026-07-30 21:20:09] [INFO] [server.py:51] - ▶️ [Queue] 开始执行队列任务 [57f13f9f] | 清单 [21321] - 全量抓取
[2026-07-30 21:20:09] [INFO] [javdb_scraper.py:704] - 📄 [Scrape] 正在抓取索引页 [1]: https://javdb.com/lists/452GVp?lst=0
[2026-07-30 21:20:12] [INFO] [javdb_scraper.py:678] - 📥 [DB] 索引记录批量存库成功 (5 条)
[2026-07-30 21:20:12] [INFO] [javdb_scraper.py:767] - 🔚 [Scrape] 抓取至末页
[2026-07-30 21:20:12] [INFO] [javdb_scraper.py:814] - 🚀 [Scrape] 开始抓取待更新影片详情，总量: 5
[2026-07-30 21:20:12] [INFO] [javdb_scraper.py:824] - 🔎 [1/5] 抓取详情: LUXU-1891 (https://javdb.com/v/yxYR0W)
[2026-07-30 21:20:15] [INFO] [javdb_scraper.py:824] - 🔎 [2/5] 抓取详情: MIUM-1445 (https://javdb.com/v/96Qq95)
[2026-07-30 21:20:18] [INFO] [javdb_scraper.py:824] - 🔎 [3/5] 抓取详情: OFJE-540 (https://javdb.com/v/r3D57z)
[2026-07-30 21:20:20] [INFO] [javdb_scraper.py:824] - 🔎 [4/5] 抓取详情: OFJE-543 (https://javdb.com/v/dezWBM)
[2026-07-30 21:20:22] [INFO] [javdb_scraper.py:824] - 🔎 [5/5] 抓取详情: SNOS-258 (https://javdb.com/v/Ww7RYR)
[2026-07-30 21:20:31] [INFO] [javdb_scraper.py:1296] - 📊 [115 Quota] 离线配额 -> 总量: 1500, 已用: 43, 剩余可用: 1457
[2026-07-30 21:21:53] [INFO] [javdb_scraper.py:1296] - 📊 [115 Quota] 离线配额 -> 总量: 1500, 已用: 43, 剩余可用: 1457
[2026-07-30 21:22:31] [INFO] [server.py:135] - ⏰ APScheduler 定时任务引擎已启动
[2026-07-30 21:22:31] [INFO] [server.py:137] - 📥 异步任务队列 Consumer 已就绪
[2026-07-30 21:22:46] [INFO] [javdb_scraper.py:1324] - 📊 [115 Quota] 离线配额 -> 总量: 1500, 已用: 43, 剩余可用: 1457
[2026-07-30 21:23:01] [INFO] [javdb_scraper.py:1107] - 🧹 [DB] 成功清空数据库，共删除 5 条影片记录
[2026-07-30 21:23:04] [INFO] [server.py:51] - ▶️ [Queue] 开始执行队列任务 [bb41f9de] | 清单 [21321] - 全量抓取
[2026-07-30 21:23:04] [INFO] [javdb_scraper.py:732] - 📄 [Scrape] 正在抓取索引页 [1]: https://javdb.com/lists/452GVp?lst=0
[2026-07-30 21:23:07] [INFO] [javdb_scraper.py:1324] - 📊 [115 Quota] 离线配额 -> 总量: 1500, 已用: 43, 剩余可用: 1457
[2026-07-30 21:23:08] [INFO] [javdb_scraper.py:706] - 📥 [DB] 索引记录批量存库成功 (5 条)
[2026-07-30 21:23:08] [INFO] [javdb_scraper.py:795] - 🔚 [Scrape] 抓取至末页
[2026-07-30 21:23:08] [INFO] [javdb_scraper.py:842] - 🚀 [Scrape] 开始抓取待更新影片详情，总量: 5
[2026-07-30 21:23:08] [INFO] [javdb_scraper.py:852] - 🔎 [1/5] 抓取详情: LUXU-1891 (https://javdb.com/v/yxYR0W)
[2026-07-30 21:23:11] [INFO] [javdb_scraper.py:852] - 🔎 [2/5] 抓取详情: MIUM-1445 (https://javdb.com/v/96Qq95)
[2026-07-30 21:23:14] [INFO] [javdb_scraper.py:852] - 🔎 [3/5] 抓取详情: OFJE-540 (https://javdb.com/v/r3D57z)
[2026-07-30 21:23:17] [INFO] [javdb_scraper.py:852] - 🔎 [4/5] 抓取详情: OFJE-543 (https://javdb.com/v/dezWBM)
[2026-07-30 21:23:20] [INFO] [javdb_scraper.py:852] - 🔎 [5/5] 抓取详情: SNOS-258 (https://javdb.com/v/Ww7RYR)
[2026-07-30 21:23:33] [INFO] [javdb_scraper.py:1324] - 📊 [115 Quota] 离线配额 -> 总量: 1500, 已用: 43, 剩余可用: 1457
[2026-07-30 21:25:15] [INFO] [server.py:135] - ⏰ APScheduler 定时任务引擎已启动
[2026-07-30 21:25:15] [INFO] [server.py:137] - 📥 异步任务队列 Consumer 已就绪
[2026-07-30 21:25:30] [INFO] [javdb_scraper.py:1352] - 📊 [115 Quota] 离线配额 -> 总量: 1500, 已用: 43, 剩余可用: 1457
[2026-07-30 21:25:45] [INFO] [javdb_scraper.py:1135] - 🧹 [DB] 成功清空数据库，共删除 5 条影片记录
[2026-07-30 21:25:47] [INFO] [server.py:51] - ▶️ [Queue] 开始执行队列任务 [4cba167b] | 清单 [21321] - 全量抓取
[2026-07-30 21:25:47] [INFO] [javdb_scraper.py:760] - 📄 [Scrape] 正在抓取索引页 [1]: https://javdb.com/lists/452GVp?lst=0
[2026-07-30 21:25:50] [INFO] [javdb_scraper.py:734] - 📥 [DB] 索引记录批量存库成功 (5 条)
[2026-07-30 21:25:50] [INFO] [javdb_scraper.py:823] - 🔚 [Scrape] 抓取至末页
[2026-07-30 21:25:50] [INFO] [javdb_scraper.py:870] - 🚀 [Scrape] 开始抓取待更新影片详情，总量: 5
[2026-07-30 21:25:50] [INFO] [javdb_scraper.py:880] - 🔎 [1/5] 抓取详情: LUXU-1891 (https://javdb.com/v/yxYR0W)
[2026-07-30 21:25:52] [INFO] [javdb_scraper.py:880] - 🔎 [2/5] 抓取详情: MIUM-1445 (https://javdb.com/v/96Qq95)
[2026-07-30 21:25:55] [INFO] [javdb_scraper.py:880] - 🔎 [3/5] 抓取详情: OFJE-540 (https://javdb.com/v/r3D57z)
[2026-07-30 21:25:57] [INFO] [javdb_scraper.py:880] - 🔎 [4/5] 抓取详情: OFJE-543 (https://javdb.com/v/dezWBM)
[2026-07-30 21:26:00] [INFO] [javdb_scraper.py:880] - 🔎 [5/5] 抓取详情: SNOS-258 (https://javdb.com/v/Ww7RYR)
[2026-07-30 21:26:14] [INFO] [javdb_scraper.py:1352] - 📊 [115 Quota] 离线配额 -> 总量: 1500, 已用: 43, 剩余可用: 1457
[2026-07-30 21:27:51] [INFO] [server.py:135] - ⏰ APScheduler 定时任务引擎已启动
[2026-07-30 21:27:51] [INFO] [server.py:137] - 📥 异步任务队列 Consumer 已就绪
[2026-07-30 21:28:18] [INFO] [javdb_scraper.py:1354] - 📊 [115 Quota] 离线配额 -> 总量: 1500, 已用: 43, 剩余可用: 1457
[2026-07-30 21:28:24] [INFO] [javdb_scraper.py:1137] - 🧹 [DB] 成功清空数据库，共删除 5 条影片记录
[2026-07-30 21:28:27] [INFO] [server.py:51] - ▶️ [Queue] 开始执行队列任务 [ceefb791] | 清单 [預設清單] - 全量抓取
[2026-07-30 21:28:27] [INFO] [javdb_scraper.py:762] - 📄 [Scrape] 正在抓取索引页 [1]: https://javdb.com/users/list_detail?id=NwDvJ4&lst=0
[2026-07-30 21:28:30] [INFO] [javdb_scraper.py:1354] - 📊 [115 Quota] 离线配额 -> 总量: 1500, 已用: 43, 剩余可用: 1457
[2026-07-30 21:28:30] [INFO] [javdb_scraper.py:736] - 📥 [DB] 索引记录批量存库成功 (1 条)
[2026-07-30 21:28:30] [INFO] [javdb_scraper.py:825] - 🔚 [Scrape] 抓取至末页
[2026-07-30 21:28:30] [INFO] [javdb_scraper.py:872] - 🚀 [Scrape] 开始抓取待更新影片详情，总量: 1
[2026-07-30 21:28:30] [INFO] [javdb_scraper.py:882] - 🔎 [1/1] 抓取详情: MIUM-1445 (https://javdb.com/v/96Qq95)
[2026-07-30 21:32:32] [INFO] [javdb_scraper.py:1354] - 📊 [115 Quota] 离线配额 -> 总量: 1500, 已用: 43, 剩余可用: 1457
[2026-07-30 21:32:51] [INFO] [server.py:135] - ⏰ APScheduler 定时任务引擎已启动
[2026-07-30 21:32:51] [INFO] [server.py:137] - 📥 异步任务队列 Consumer 已就绪
[2026-07-30 21:33:11] [INFO] [javdb_scraper.py:1354] - 📊 [115 Quota] 离线配额 -> 总量: 1500, 已用: 43, 剩余可用: 1457
[2026-07-30 21:33:49] [INFO] [server.py:51] - ▶️ [Queue] 开始执行队列任务 [0c4f1b4c] | 清单 [21321] - 全量抓取
[2026-07-30 21:33:49] [INFO] [javdb_scraper.py:762] - 📄 [Scrape] 正在抓取索引页 [1]: https://javdb.com/lists/452GVp?lst=0
[2026-07-30 21:33:52] [INFO] [javdb_scraper.py:736] - 📥 [DB] 索引记录批量存库成功 (5 条)
[2026-07-30 21:33:52] [INFO] [javdb_scraper.py:825] - 🔚 [Scrape] 抓取至末页
[2026-07-30 21:33:52] [INFO] [javdb_scraper.py:872] - 🚀 [Scrape] 开始抓取待更新影片详情，总量: 5
[2026-07-30 21:33:52] [INFO] [javdb_scraper.py:882] - 🔎 [1/5] 抓取详情: LUXU-1891 (https://javdb.com/v/yxYR0W)
[2026-07-30 21:33:54] [INFO] [javdb_scraper.py:882] - 🔎 [2/5] 抓取详情: MIUM-1445 (https://javdb.com/v/96Qq95)
[2026-07-30 21:33:57] [INFO] [javdb_scraper.py:882] - 🔎 [3/5] 抓取详情: OFJE-540 (https://javdb.com/v/r3D57z)
[2026-07-30 21:34:00] [INFO] [javdb_scraper.py:882] - 🔎 [4/5] 抓取详情: OFJE-543 (https://javdb.com/v/dezWBM)
[2026-07-30 21:34:03] [INFO] [javdb_scraper.py:882] - 🔎 [5/5] 抓取详情: SNOS-258 (https://javdb.com/v/Ww7RYR)
[2026-07-30 21:34:10] [INFO] [javdb_scraper.py:1354] - 📊 [115 Quota] 离线配额 -> 总量: 1500, 已用: 43, 剩余可用: 1457
[2026-07-30 21:36:35] [INFO] [server.py:135] - ⏰ APScheduler 定时任务引擎已启动
[2026-07-30 21:36:35] [INFO] [server.py:137] - 📥 异步任务队列 Consumer 已就绪
[2026-07-30 21:36:39] [INFO] [javdb_scraper.py:1364] - 📊 [115 Quota] 离线配额 -> 总量: 1500, 已用: 43, 剩余可用: 1457
[2026-07-30 21:39:21] [INFO] [javdb_scraper.py:1364] - 📊 [115 Quota] 离线配额 -> 总量: 1500, 已用: 43, 剩余可用: 1457
[2026-07-30 21:39:30] [INFO] [server.py:135] - ⏰ APScheduler 定时任务引擎已启动
[2026-07-30 21:39:30] [INFO] [server.py:137] - 📥 异步任务队列 Consumer 已就绪
[2026-07-30 21:39:31] [INFO] [javdb_scraper.py:1366] - 📊 [115 Quota] 离线配额 -> 总量: 1500, 已用: 43, 剩余可用: 1457
[2026-07-30 21:39:46] [INFO] [javdb_scraper.py:1366] - 📊 [115 Quota] 离线配额 -> 总量: 1500, 已用: 43, 剩余可用: 1457
[2026-07-30 21:39:52] [INFO] [javdb_scraper.py:1149] - 🧹 [DB] 成功清空数据库，共删除 5 条影片记录
[2026-07-30 21:39:56] [INFO] [server.py:51] - ▶️ [Queue] 开始执行队列任务 [8596b63d] | 清单 [21321] - 全量抓取
[2026-07-30 21:39:56] [INFO] [javdb_scraper.py:774] - 📄 [Scrape] 正在抓取索引页 [1]: https://javdb.com/lists/452GVp?lst=0
[2026-07-30 21:39:59] [INFO] [javdb_scraper.py:748] - 📥 [DB] 索引记录批量存库成功 (5 条)
[2026-07-30 21:39:59] [INFO] [javdb_scraper.py:837] - 🔚 [Scrape] 抓取至末页
[2026-07-30 21:39:59] [INFO] [javdb_scraper.py:884] - 🚀 [Scrape] 开始抓取待更新影片详情，总量: 5
[2026-07-30 21:39:59] [INFO] [javdb_scraper.py:894] - 🔎 [1/5] 抓取详情: LUXU-1891 (https://javdb.com/v/yxYR0W)
[2026-07-30 21:39:59] [INFO] [javdb_scraper.py:1366] - 📊 [115 Quota] 离线配额 -> 总量: 1500, 已用: 43, 剩余可用: 1457
[2026-07-30 21:40:02] [INFO] [javdb_scraper.py:894] - 🔎 [2/5] 抓取详情: MIUM-1445 (https://javdb.com/v/96Qq95)
[2026-07-30 21:40:04] [INFO] [javdb_scraper.py:894] - 🔎 [3/5] 抓取详情: OFJE-540 (https://javdb.com/v/r3D57z)
[2026-07-30 21:40:07] [INFO] [javdb_scraper.py:894] - 🔎 [4/5] 抓取详情: OFJE-543 (https://javdb.com/v/dezWBM)
[2026-07-30 21:40:10] [INFO] [javdb_scraper.py:894] - 🔎 [5/5] 抓取详情: SNOS-258 (https://javdb.com/v/Ww7RYR)
[2026-07-30 21:40:14] [INFO] [javdb_scraper.py:1366] - 📊 [115 Quota] 离线配额 -> 总量: 1500, 已用: 43, 剩余可用: 1457
[2026-07-30 21:41:41] [INFO] [server.py:135] - ⏰ APScheduler 定时任务引擎已启动
[2026-07-30 21:41:41] [INFO] [server.py:137] - 📥 异步任务队列 Consumer 已就绪
[2026-07-30 21:41:57] [INFO] [javdb_scraper.py:1336] - 📊 [115 Quota] 离线配额 -> 总量: 1500, 已用: 43, 剩余可用: 1457
[2026-07-30 21:57:49] [INFO] [javdb_scraper.py:1336] - 📊 [115 Quota] 离线配额 -> 总量: 1500, 已用: 43, 剩余可用: 1457
[2026-07-30 21:58:02] [INFO] [server.py:51] - ▶️ [Queue] 开始执行队列任务 [cf13f356] | 清单 [預設清單] - 全量抓取
[2026-07-30 21:58:02] [INFO] [javdb_scraper.py:744] - 📄 [Scrape] 正在抓取索引页 [1]: https://javdb.com/users/list_detail?id=NwDvJ4&lst=0
[2026-07-30 21:58:05] [INFO] [javdb_scraper.py:718] - 📥 [DB] 索引记录批量存库成功 (1 条)
[2026-07-30 21:58:05] [INFO] [javdb_scraper.py:807] - 🔚 [Scrape] 抓取至末页
[2026-07-30 21:58:05] [INFO] [javdb_scraper.py:854] - 🚀 [Scrape] 开始抓取待更新影片详情，总量: 1
[2026-07-30 21:58:05] [INFO] [javdb_scraper.py:864] - 🔎 [1/1] 抓取详情: MIUM-1445 (https://javdb.com/v/96Qq95)
[2026-07-30 22:00:49] [INFO] [javdb_scraper.py:1336] - 📊 [115 Quota] 离线配额 -> 总量: 1500, 已用: 43, 剩余可用: 1457
[2026-07-30 22:02:59] [INFO] [javdb_scraper.py:1242] - 🔄 [115 Sync] 正在拉取 115 全量离线任务...
[2026-07-30 22:03:05] [INFO] [javdb_scraper.py:1251] - 📊 [115 Sync] 获取到 115 网关 91 条远端任务
[2026-07-30 22:03:05] [INFO] [javdb_scraper.py:1278] - 🔄 [115 Sync] 番号 [OFJE-543] 状态对齐: 0 -> 1 (下载中 📥)
[2026-07-30 22:03:05] [INFO] [javdb_scraper.py:1278] - 🔄 [115 Sync] 番号 [SNOS-258] 状态对齐: 0 -> 2 (离线成功 🎉)
[2026-07-30 22:03:05] [INFO] [javdb_scraper.py:1278] - 🔄 [115 Sync] 番号 [OFJE-543] 状态对齐: 0 -> 1 (下载中 📥)
[2026-07-30 22:03:05] [INFO] [javdb_scraper.py:1278] - 🔄 [115 Sync] 番号 [IPZZ-788] 状态对齐: 0 -> 2 (离线成功 🎉)
[2026-07-30 22:03:05] [INFO] [javdb_scraper.py:1283] - ✅ [115 Sync] 任务状态对齐完成，共更新 4 条记录
[2026-08-05 21:19:51] [INFO] [server.py:135] - ⏰ APScheduler 定时任务引擎已启动
[2026-08-05 21:19:51] [INFO] [server.py:137] - 📥 异步任务队列 Consumer 已就绪
[2026-08-05 21:20:40] [INFO] [javdb_scraper.py:1336] - 📊 [115 Quota] 离线配额 -> 总量: 1500, 已用: 0, 剩余可用: 1500
[2026-08-05 21:20:44] [INFO] [javdb_scraper.py:357] - 🔍 [User] 正在请求个人中心校验 Cookie 权限...
[2026-08-05 21:20:47] [WARNING] [javdb_scraper.py:362] - ⚠️ [User] Cookie 已失效 (重定向至登录页)
[2026-08-05 21:21:14] [INFO] [javdb_scraper.py:1336] - 📊 [115 Quota] 离线配额 -> 总量: 1500, 已用: 0, 剩余可用: 1500
[2026-08-05 21:21:28] [INFO] [javdb_scraper.py:357] - 🔍 [User] 正在请求个人中心校验 Cookie 权限...
[2026-08-05 21:21:30] [WARNING] [javdb_scraper.py:362] - ⚠️ [User] Cookie 已失效 (重定向至登录页)
[2026-08-05 21:22:06] [INFO] [javdb_scraper.py:1336] - 📊 [115 Quota] 离线配额 -> 总量: 1500, 已用: 0, 剩余可用: 1500
[2026-08-05 21:24:00] [INFO] [javdb_scraper.py:49] - 🔑 [Auth] 正在请求 JavDB 登录页面获取 CSRF Token: https://javdb.com/login
[2026-08-05 21:24:00] [INFO] [javdb_scraper.py:73] - 🧩 [Auth] 识别到图形验证码，正在获取验证码图片...
[2026-08-05 21:24:00] [INFO] [javdb_scraper.py:78] - ✅ [Auth] 验证码图片 Base64 解析成功
[2026-08-05 21:24:00] [INFO] [javdb_scraper.py:90] - 💡 [Auth] 成功创建登录临时会话, Session ID: 37330da10ad84348aaddd9282360d08e
[2026-08-05 21:24:10] [INFO] [javdb_scraper.py:1336] - 📊 [115 Quota] 离线配额 -> 总量: 1500, 已用: 0, 剩余可用: 1500
[2026-08-05 21:24:12] [INFO] [javdb_scraper.py:357] - 🔍 [User] 正在请求个人中心校验 Cookie 权限...
[2026-08-05 21:24:14] [WARNING] [javdb_scraper.py:362] - ⚠️ [User] Cookie 已失效 (重定向至登录页)
[2026-08-05 21:24:22] [INFO] [server.py:135] - ⏰ APScheduler 定时任务引擎已启动
[2026-08-05 21:24:22] [INFO] [server.py:137] - 📥 异步任务队列 Consumer 已就绪
[2026-08-05 21:24:28] [INFO] [javdb_scraper.py:49] - 🔑 [Auth] 正在请求 JavDB 登录页面获取 CSRF Token: https://javdb.com/login
[2026-08-05 21:24:29] [INFO] [javdb_scraper.py:73] - 🧩 [Auth] 识别到图形验证码，正在获取验证码图片...
[2026-08-05 21:24:29] [INFO] [javdb_scraper.py:78] - ✅ [Auth] 验证码图片 Base64 解析成功
[2026-08-05 21:24:29] [INFO] [javdb_scraper.py:90] - 💡 [Auth] 成功创建登录临时会话, Session ID: 8bd55094ad6b4e0e988366aa3fa7a688
[2026-08-05 21:24:44] [INFO] [javdb_scraper.py:1336] - 📊 [115 Quota] 离线配额 -> 总量: 1500, 已用: 0, 剩余可用: 1500
[2026-08-05 21:24:48] [INFO] [javdb_scraper.py:357] - 🔍 [User] 正在请求个人中心校验 Cookie 权限...
[2026-08-05 21:24:50] [WARNING] [javdb_scraper.py:362] - ⚠️ [User] Cookie 已失效 (重定向至登录页)
[2026-08-05 21:24:51] [INFO] [javdb_scraper.py:49] - 🔑 [Auth] 正在请求 JavDB 登录页面获取 CSRF Token: https://javdb.com/login
[2026-08-05 21:24:52] [INFO] [javdb_scraper.py:73] - 🧩 [Auth] 识别到图形验证码，正在获取验证码图片...
[2026-08-05 21:24:52] [INFO] [javdb_scraper.py:78] - ✅ [Auth] 验证码图片 Base64 解析成功
[2026-08-05 21:24:52] [INFO] [javdb_scraper.py:90] - 💡 [Auth] 成功创建登录临时会话, Session ID: 5a75aa99e0cd43b5b12789652902d5fc
[2026-08-05 21:25:04] [INFO] [javdb_scraper.py:135] - 🚀 [Auth] 正在提交登录表单 (账号: ghsyxll@outlook.com)...
[2026-08-05 21:25:05] [INFO] [javdb_scraper.py:156] - 🎉 [Auth] JavDB 模拟直登成功！Cookie 凭证提取完毕
[2026-08-05 21:25:05] [INFO] [server.py:338] - 🔑 模拟登录成功，新 Cookie 已更新写入 config.ini！
[2026-08-05 21:25:05] [INFO] [javdb_scraper.py:1336] - 📊 [115 Quota] 离线配额 -> 总量: 1500, 已用: 0, 剩余可用: 1500
[2026-08-05 21:25:09] [INFO] [javdb_scraper.py:357] - 🔍 [User] 正在请求个人中心校验 Cookie 权限...
[2026-08-05 21:25:12] [INFO] [javdb_scraper.py:365] - ✅ [User] Cookie 验证有效！
[2026-08-05 21:27:08] [INFO] [server.py:135] - ⏰ APScheduler 定时任务引擎已启动
[2026-08-05 21:27:08] [INFO] [server.py:137] - 📥 异步任务队列 Consumer 已就绪
[2026-08-05 21:32:34] [INFO] [server.py:135] - ⏰ APScheduler 定时任务引擎已启动
[2026-08-05 21:32:34] [INFO] [server.py:137] - 📥 异步任务队列 Consumer 已就绪
[2026-08-05 21:33:05] [INFO] [javdb_scraper.py:1336] - 📊 [115 Quota] 离线配额 -> 总量: 1500, 已用: 0, 剩余可用: 1500
[2026-08-05 21:33:15] [INFO] [javdb_scraper.py:370] - 🎭 [User] 正在拉取用户订阅演员...
[2026-08-05 21:33:18] [INFO] [javdb_scraper.py:388] - ✅ [User] 成功拉取到 6 位已订阅演员
[2026-08-05 21:33:55] [INFO] [javdb_scraper.py:393] - 📋 [User] 正在拉取用户清单目录 (类型: mine)...
[2026-08-05 21:33:58] [INFO] [javdb_scraper.py:443] - ✅ [User] 成功拉取到 3 个 [mine] 清单
[2026-08-05 21:34:24] [INFO] [javdb_scraper.py:393] - 📋 [User] 正在拉取用户清单目录 (类型: mine)...
[2026-08-05 21:34:27] [INFO] [javdb_scraper.py:443] - ✅ [User] 成功拉取到 3 个 [mine] 清单
[2026-08-05 21:34:32] [INFO] [javdb_scraper.py:393] - 📋 [User] 正在拉取用户清单目录 (类型: favorite)...
[2026-08-05 21:34:36] [INFO] [javdb_scraper.py:443] - ✅ [User] 成功拉取到 1 个 [favorite] 清单
[2026-08-05 21:34:55] [INFO] [javdb_scraper.py:1119] - 🧹 [DB] 成功清空数据库，共删除 5 条影片记录
[2026-08-05 21:35:20] [INFO] [server.py:51] - ▶️ [Queue] 开始执行队列任务 [2b2f138c] | [手动触发] 演员 [音梓] - 定时智能增量
[2026-08-05 21:35:20] [INFO] [javdb_scraper.py:744] - 📄 [Scrape] 正在抓取索引页 [1]: https://javdb.com/actors/XxvJ
[2026-08-05 21:35:23] [INFO] [javdb_scraper.py:718] - 📥 [DB] 索引记录批量存库成功 (29 条)
[2026-08-05 21:35:23] [INFO] [javdb_scraper.py:807] - 🔚 [Scrape] 抓取至末页
[2026-08-05 21:35:23] [INFO] [javdb_scraper.py:854] - 🚀 [Scrape] 开始抓取待更新影片详情，总量: 29
[2026-08-05 21:35:23] [INFO] [javdb_scraper.py:864] - 🔎 [1/29] 抓取详情: ATKD-289 (https://javdb.com/v/AQeyn)
[2026-08-05 21:35:26] [INFO] [javdb_scraper.py:864] - 🔎 [2/29] 抓取详情: ATKD-302 (https://javdb.com/v/GPQ22)
[2026-08-05 21:35:28] [INFO] [javdb_scraper.py:864] - 🔎 [3/29] 抓取详情: ATKD-311 (https://javdb.com/v/9GmwE)
[2026-08-05 21:35:31] [INFO] [javdb_scraper.py:864] - 🔎 [4/29] 抓取详情: ATKD-313 (https://javdb.com/v/7avGB)
[2026-08-05 21:35:33] [INFO] [javdb_scraper.py:864] - 🔎 [5/29] 抓取详情: FC2-1062588 (https://javdb.com/v/8qRkO)
[2026-08-05 21:35:36] [WARNING] [javdb_scraper.py:877] - 🔒 [Paywall Guard] 番号 [FC2-1062588] 触发 VIP 权限限制重定向 (https://javdb.com/plans/ypay)，标记为已尝试，以后不再重复抓取。
[2026-08-05 21:35:36] [INFO] [javdb_scraper.py:630] - 🔒 [DB] 番号 [FC2-1062588] 已标记为 is_vip_blocked = 1 (自动在前端海报墙隐匿，且防止重复探寻)
[2026-08-05 21:35:36] [INFO] [javdb_scraper.py:864] - 🔎 [6/29] 抓取详情: FC2-1066192 (https://javdb.com/v/YrO8x)
[2026-08-05 21:35:40] [WARNING] [javdb_scraper.py:877] - 🔒 [Paywall Guard] 番号 [FC2-1066192] 触发 VIP 权限限制重定向 (https://javdb.com/plans/ypay)，标记为已尝试，以后不再重复抓取。
[2026-08-05 21:35:40] [INFO] [javdb_scraper.py:630] - 🔒 [DB] 番号 [FC2-1066192] 已标记为 is_vip_blocked = 1 (自动在前端海报墙隐匿，且防止重复探寻)
[2026-08-05 21:35:40] [INFO] [javdb_scraper.py:864] - 🔎 [7/29] 抓取详情: FC2-1083921 (https://javdb.com/v/14ZrZ)
[2026-08-05 21:35:42] [WARNING] [javdb_scraper.py:877] - 🔒 [Paywall Guard] 番号 [FC2-1083921] 触发 VIP 权限限制重定向 (https://javdb.com/plans/ypay)，标记为已尝试，以后不再重复抓取。
[2026-08-05 21:35:42] [INFO] [javdb_scraper.py:630] - 🔒 [DB] 番号 [FC2-1083921] 已标记为 is_vip_blocked = 1 (自动在前端海报墙隐匿，且防止重复探寻)
[2026-08-05 21:35:42] [INFO] [javdb_scraper.py:864] - 🔎 [8/29] 抓取详情: FC2-1100033 (https://javdb.com/v/9q8gX)
[2026-08-05 21:35:45] [WARNING] [javdb_scraper.py:877] - 🔒 [Paywall Guard] 番号 [FC2-1100033] 触发 VIP 权限限制重定向 (https://javdb.com/plans/ypay)，标记为已尝试，以后不再重复抓取。
[2026-08-05 21:35:45] [INFO] [javdb_scraper.py:630] - 🔒 [DB] 番号 [FC2-1100033] 已标记为 is_vip_blocked = 1 (自动在前端海报墙隐匿，且防止重复探寻)
[2026-08-05 21:35:45] [INFO] [javdb_scraper.py:864] - 🔎 [9/29] 抓取详情: FC2-1100498 (https://javdb.com/v/E6Q14)
[2026-08-05 21:35:49] [WARNING] [javdb_scraper.py:877] - 🔒 [Paywall Guard] 番号 [FC2-1100498] 触发 VIP 权限限制重定向 (https://javdb.com/plans/ypay)，标记为已尝试，以后不再重复抓取。
[2026-08-05 21:35:49] [INFO] [javdb_scraper.py:630] - 🔒 [DB] 番号 [FC2-1100498] 已标记为 is_vip_blocked = 1 (自动在前端海报墙隐匿，且防止重复探寻)
[2026-08-05 21:35:49] [INFO] [javdb_scraper.py:864] - 🔎 [10/29] 抓取详情: FC2-1110408 (https://javdb.com/v/gqZ7G)
[2026-08-05 21:35:51] [WARNING] [javdb_scraper.py:877] - 🔒 [Paywall Guard] 番号 [FC2-1110408] 触发 VIP 权限限制重定向 (https://javdb.com/plans/ypay)，标记为已尝试，以后不再重复抓取。
[2026-08-05 21:35:51] [INFO] [javdb_scraper.py:630] - 🔒 [DB] 番号 [FC2-1110408] 已标记为 is_vip_blocked = 1 (自动在前端海报墙隐匿，且防止重复探寻)
[2026-08-05 21:35:51] [INFO] [javdb_scraper.py:864] - 🔎 [11/29] 抓取详情: FC2-1135604 (https://javdb.com/v/2qpEW)
[2026-08-05 21:35:54] [WARNING] [javdb_scraper.py:877] - 🔒 [Paywall Guard] 番号 [FC2-1135604] 触发 VIP 权限限制重定向 (https://javdb.com/plans/ypay)，标记为已尝试，以后不再重复抓取。
[2026-08-05 21:35:54] [INFO] [javdb_scraper.py:630] - 🔒 [DB] 番号 [FC2-1135604] 已标记为 is_vip_blocked = 1 (自动在前端海报墙隐匿，且防止重复探寻)
[2026-08-05 21:35:54] [INFO] [javdb_scraper.py:864] - 🔎 [12/29] 抓取详情: FC2-1314418 (https://javdb.com/v/Kr8Kv)
[2026-08-05 21:35:57] [WARNING] [javdb_scraper.py:877] - 🔒 [Paywall Guard] 番号 [FC2-1314418] 触发 VIP 权限限制重定向 (https://javdb.com/plans/ypay)，标记为已尝试，以后不再重复抓取。
[2026-08-05 21:35:57] [INFO] [javdb_scraper.py:630] - 🔒 [DB] 番号 [FC2-1314418] 已标记为 is_vip_blocked = 1 (自动在前端海报墙隐匿，且防止重复探寻)
[2026-08-05 21:35:57] [INFO] [javdb_scraper.py:864] - 🔎 [13/29] 抓取详情: FC2-1625020 (https://javdb.com/v/8w4Md)
[2026-08-05 21:36:00] [WARNING] [javdb_scraper.py:877] - 🔒 [Paywall Guard] 番号 [FC2-1625020] 触发 VIP 权限限制重定向 (https://javdb.com/plans/ypay)，标记为已尝试，以后不再重复抓取。
[2026-08-05 21:36:00] [INFO] [javdb_scraper.py:630] - 🔒 [DB] 番号 [FC2-1625020] 已标记为 is_vip_blocked = 1 (自动在前端海报墙隐匿，且防止重复探寻)
[2026-08-05 21:36:00] [INFO] [javdb_scraper.py:864] - 🔎 [14/29] 抓取详情: FCP-058 (https://javdb.com/v/mBr2n)
[2026-08-05 21:36:04] [INFO] [javdb_scraper.py:864] - 🔎 [15/29] 抓取详情: IPX-262 (https://javdb.com/v/rqGWJ)
[2026-08-05 21:36:06] [INFO] [javdb_scraper.py:864] - 🔎 [16/29] 抓取详情: MAAN-678 (https://javdb.com/v/ApQqy)
[2026-08-05 21:36:09] [INFO] [javdb_scraper.py:864] - 🔎 [17/29] 抓取详情: NTK-548 (https://javdb.com/v/vpePz)
[2026-08-05 21:36:12] [INFO] [javdb_scraper.py:864] - 🔎 [18/29] 抓取详情: OFJE-199 (https://javdb.com/v/pP5zm)
[2026-08-05 21:36:15] [INFO] [javdb_scraper.py:864] - 🔎 [19/29] 抓取详情: OFJE-218 (https://javdb.com/v/Op610)
[2026-08-05 21:36:17] [INFO] [javdb_scraper.py:864] - 🔎 [20/29] 抓取详情: OFJE-397 (https://javdb.com/v/E2mk99)
[2026-08-05 21:36:20] [INFO] [javdb_scraper.py:864] - 🔎 [21/29] 抓取详情: OFJE-450 (https://javdb.com/v/Kkknz7)
[2026-08-05 21:36:23] [INFO] [javdb_scraper.py:864] - 🔎 [22/29] 抓取详情: SHKD-831 (https://javdb.com/v/ARYQq)
[2026-08-05 21:36:25] [INFO] [javdb_scraper.py:864] - 🔎 [23/29] 抓取详情: SHKD-841 (https://javdb.com/v/xDYeP)
[2026-08-05 21:36:28] [INFO] [javdb_scraper.py:864] - 🔎 [24/29] 抓取详情: SSNI-253 (https://javdb.com/v/deyz0)
[2026-08-05 21:36:31] [INFO] [javdb_scraper.py:864] - 🔎 [25/29] 抓取详情: SSNI-277 (https://javdb.com/v/qAmvD)
[2026-08-05 21:36:33] [INFO] [javdb_scraper.py:864] - 🔎 [26/29] 抓取详情: SSNI-299 (https://javdb.com/v/QNwbG)
[2026-08-05 21:36:36] [INFO] [javdb_scraper.py:864] - 🔎 [27/29] 抓取详情: SSNI-319 (https://javdb.com/v/828EE)
[2026-08-05 21:36:39] [INFO] [javdb_scraper.py:864] - 🔎 [28/29] 抓取详情: SSNI-341 (https://javdb.com/v/Rkw8R)
[2026-08-05 21:36:42] [INFO] [javdb_scraper.py:864] - 🔎 [29/29] 抓取详情: SSNI-363 (https://javdb.com/v/byqGE)
[2026-08-05 21:36:46] [INFO] [javdb_scraper.py:1336] - 📊 [115 Quota] 离线配额 -> 总量: 1500, 已用: 0, 剩余可用: 1500
[2026-08-05 21:37:50] [INFO] [javdb_scraper.py:1336] - 📊 [115 Quota] 离线配额 -> 总量: 1500, 已用: 0, 剩余可用: 1500
[2026-08-05 21:39:34] [INFO] [javdb_scraper.py:1336] - 📊 [115 Quota] 离线配额 -> 总量: 1500, 已用: 0, 剩余可用: 1500
[2026-08-05 21:39:40] [INFO] [javdb_scraper.py:357] - 🔍 [User] 正在请求个人中心校验 Cookie 权限...
[2026-08-05 21:39:43] [WARNING] [javdb_scraper.py:362] - ⚠️ [User] Cookie 已失效 (重定向至登录页)
[2026-08-05 21:39:49] [INFO] [javdb_scraper.py:1336] - 📊 [115 Quota] 离线配额 -> 总量: 1500, 已用: 0, 剩余可用: 1500
[2026-08-05 21:39:51] [INFO] [javdb_scraper.py:357] - 🔍 [User] 正在请求个人中心校验 Cookie 权限...
[2026-08-05 21:39:53] [INFO] [javdb_scraper.py:365] - ✅ [User] Cookie 验证有效！
[2026-08-05 21:40:27] [INFO] [server.py:51] - ▶️ [Queue] 开始执行队列任务 [b543f17a] | [手动触发] 清单 [21321] - 智能增量更新
[2026-08-05 21:40:27] [INFO] [javdb_scraper.py:744] - 📄 [Scrape] 正在抓取索引页 [1]: https://javdb.com/lists/452GVp?lst=0
[2026-08-05 21:40:30] [INFO] [javdb_scraper.py:718] - 📥 [DB] 索引记录批量存库成功 (5 条)
[2026-08-05 21:40:30] [INFO] [javdb_scraper.py:807] - 🔚 [Scrape] 抓取至末页
[2026-08-05 21:40:30] [INFO] [javdb_scraper.py:854] - 🚀 [Scrape] 开始抓取待更新影片详情，总量: 5
[2026-08-05 21:40:30] [INFO] [javdb_scraper.py:864] - 🔎 [1/5] 抓取详情: LUXU-1891 (https://javdb.com/v/yxYR0W)
[2026-08-05 21:40:32] [INFO] [javdb_scraper.py:864] - 🔎 [2/5] 抓取详情: MIUM-1445 (https://javdb.com/v/96Qq95)
[2026-08-05 21:40:34] [INFO] [javdb_scraper.py:864] - 🔎 [3/5] 抓取详情: OFJE-540 (https://javdb.com/v/r3D57z)
[2026-08-05 21:40:37] [INFO] [javdb_scraper.py:864] - 🔎 [4/5] 抓取详情: OFJE-543 (https://javdb.com/v/dezWBM)
[2026-08-05 21:40:40] [INFO] [javdb_scraper.py:864] - 🔎 [5/5] 抓取详情: SNOS-258 (https://javdb.com/v/Ww7RYR)
[2026-08-05 21:41:13] [INFO] [server.py:51] - ▶️ [Queue] 开始执行队列任务 [c57b385f] | [手动触发] 清单 [預設清單] - 智能增量更新
[2026-08-05 21:41:13] [INFO] [javdb_scraper.py:744] - 📄 [Scrape] 正在抓取索引页 [1]: https://javdb.com/users/list_detail?id=NwDvJ4&lst=0
[2026-08-05 21:41:16] [INFO] [javdb_scraper.py:718] - 📥 [DB] 索引记录批量存库成功 (1 条)
[2026-08-05 21:41:16] [INFO] [javdb_scraper.py:807] - 🔚 [Scrape] 抓取至末页
[2026-08-05 21:41:16] [INFO] [javdb_scraper.py:854] - 🚀 [Scrape] 开始抓取待更新影片详情，总量: 1
[2026-08-05 21:41:16] [INFO] [javdb_scraper.py:864] - 🔎 [1/1] 抓取详情: MIUM-1445 (https://javdb.com/v/96Qq95)
[2026-08-05 21:42:36] [INFO] [javdb_scraper.py:1119] - 🧹 [DB] 成功清空数据库，共删除 34 条影片记录
[2026-08-05 21:42:39] [INFO] [javdb_scraper.py:1336] - 📊 [115 Quota] 离线配额 -> 总量: 1500, 已用: 0, 剩余可用: 1500
[2026-08-05 21:43:27] [INFO] [javdb_scraper.py:1336] - 📊 [115 Quota] 离线配额 -> 总量: 1500, 已用: 0, 剩余可用: 1500
[2026-08-05 21:45:00] [INFO] [server.py:438] - ⏰ [Cron 定时任务触发] ID: actor_cron___
[2026-08-05 21:45:00] [INFO] [javdb_scraper.py:744] - 📄 [Scrape] 正在抓取索引页 [1]: https://javdb.com/actors/XxvJ
[2026-08-05 21:45:03] [INFO] [javdb_scraper.py:718] - 📥 [DB] 索引记录批量存库成功 (29 条)
[2026-08-05 21:45:03] [INFO] [javdb_scraper.py:807] - 🔚 [Scrape] 抓取至末页
[2026-08-05 21:45:03] [INFO] [javdb_scraper.py:854] - 🚀 [Scrape] 开始抓取待更新影片详情，总量: 29
[2026-08-05 21:45:03] [INFO] [javdb_scraper.py:864] - 🔎 [1/29] 抓取详情: ATKD-289 (https://javdb.com/v/AQeyn)
[2026-08-05 21:45:06] [INFO] [javdb_scraper.py:864] - 🔎 [2/29] 抓取详情: ATKD-302 (https://javdb.com/v/GPQ22)
[2026-08-05 21:45:10] [INFO] [javdb_scraper.py:864] - 🔎 [3/29] 抓取详情: ATKD-311 (https://javdb.com/v/9GmwE)
[2026-08-05 21:45:12] [INFO] [javdb_scraper.py:864] - 🔎 [4/29] 抓取详情: ATKD-313 (https://javdb.com/v/7avGB)
[2026-08-05 21:45:14] [INFO] [javdb_scraper.py:864] - 🔎 [5/29] 抓取详情: FC2-1062588 (https://javdb.com/v/8qRkO)
[2026-08-05 21:45:18] [WARNING] [javdb_scraper.py:877] - 🔒 [Paywall Guard] 番号 [FC2-1062588] 触发 VIP 权限限制重定向 (https://javdb.com/plans/ypay)，标记为已尝试，以后不再重复抓取。
[2026-08-05 21:45:18] [INFO] [javdb_scraper.py:630] - 🔒 [DB] 番号 [FC2-1062588] 已标记为 is_vip_blocked = 1 (自动在前端海报墙隐匿，且防止重复探寻)
[2026-08-05 21:45:18] [INFO] [javdb_scraper.py:864] - 🔎 [6/29] 抓取详情: FC2-1066192 (https://javdb.com/v/YrO8x)
[2026-08-05 21:45:20] [WARNING] [javdb_scraper.py:877] - 🔒 [Paywall Guard] 番号 [FC2-1066192] 触发 VIP 权限限制重定向 (https://javdb.com/plans/ypay)，标记为已尝试，以后不再重复抓取。
[2026-08-05 21:45:20] [INFO] [javdb_scraper.py:630] - 🔒 [DB] 番号 [FC2-1066192] 已标记为 is_vip_blocked = 1 (自动在前端海报墙隐匿，且防止重复探寻)
[2026-08-05 21:45:20] [INFO] [javdb_scraper.py:864] - 🔎 [7/29] 抓取详情: FC2-1083921 (https://javdb.com/v/14ZrZ)
[2026-08-05 21:45:24] [WARNING] [javdb_scraper.py:877] - 🔒 [Paywall Guard] 番号 [FC2-1083921] 触发 VIP 权限限制重定向 (https://javdb.com/plans/ypay)，标记为已尝试，以后不再重复抓取。
[2026-08-05 21:45:24] [INFO] [javdb_scraper.py:630] - 🔒 [DB] 番号 [FC2-1083921] 已标记为 is_vip_blocked = 1 (自动在前端海报墙隐匿，且防止重复探寻)
[2026-08-05 21:45:24] [INFO] [javdb_scraper.py:864] - 🔎 [8/29] 抓取详情: FC2-1100033 (https://javdb.com/v/9q8gX)
[2026-08-05 21:45:27] [WARNING] [javdb_scraper.py:877] - 🔒 [Paywall Guard] 番号 [FC2-1100033] 触发 VIP 权限限制重定向 (https://javdb.com/plans/ypay)，标记为已尝试，以后不再重复抓取。
[2026-08-05 21:45:27] [INFO] [javdb_scraper.py:630] - 🔒 [DB] 番号 [FC2-1100033] 已标记为 is_vip_blocked = 1 (自动在前端海报墙隐匿，且防止重复探寻)
[2026-08-05 21:45:27] [INFO] [javdb_scraper.py:864] - 🔎 [9/29] 抓取详情: FC2-1100498 (https://javdb.com/v/E6Q14)
[2026-08-05 21:45:29] [WARNING] [javdb_scraper.py:877] - 🔒 [Paywall Guard] 番号 [FC2-1100498] 触发 VIP 权限限制重定向 (https://javdb.com/plans/ypay)，标记为已尝试，以后不再重复抓取。
[2026-08-05 21:45:29] [INFO] [javdb_scraper.py:630] - 🔒 [DB] 番号 [FC2-1100498] 已标记为 is_vip_blocked = 1 (自动在前端海报墙隐匿，且防止重复探寻)
[2026-08-05 21:45:29] [INFO] [javdb_scraper.py:864] - 🔎 [10/29] 抓取详情: FC2-1110408 (https://javdb.com/v/gqZ7G)
[2026-08-05 21:45:32] [WARNING] [javdb_scraper.py:877] - 🔒 [Paywall Guard] 番号 [FC2-1110408] 触发 VIP 权限限制重定向 (https://javdb.com/plans/ypay)，标记为已尝试，以后不再重复抓取。
[2026-08-05 21:45:32] [INFO] [javdb_scraper.py:630] - 🔒 [DB] 番号 [FC2-1110408] 已标记为 is_vip_blocked = 1 (自动在前端海报墙隐匿，且防止重复探寻)
[2026-08-05 21:45:32] [INFO] [javdb_scraper.py:864] - 🔎 [11/29] 抓取详情: FC2-1135604 (https://javdb.com/v/2qpEW)
[2026-08-05 21:45:35] [WARNING] [javdb_scraper.py:877] - 🔒 [Paywall Guard] 番号 [FC2-1135604] 触发 VIP 权限限制重定向 (https://javdb.com/plans/ypay)，标记为已尝试，以后不再重复抓取。
[2026-08-05 21:45:35] [INFO] [javdb_scraper.py:630] - 🔒 [DB] 番号 [FC2-1135604] 已标记为 is_vip_blocked = 1 (自动在前端海报墙隐匿，且防止重复探寻)
[2026-08-05 21:45:35] [INFO] [javdb_scraper.py:864] - 🔎 [12/29] 抓取详情: FC2-1314418 (https://javdb.com/v/Kr8Kv)
[2026-08-05 21:45:38] [WARNING] [javdb_scraper.py:877] - 🔒 [Paywall Guard] 番号 [FC2-1314418] 触发 VIP 权限限制重定向 (https://javdb.com/plans/ypay)，标记为已尝试，以后不再重复抓取。
[2026-08-05 21:45:38] [INFO] [javdb_scraper.py:630] - 🔒 [DB] 番号 [FC2-1314418] 已标记为 is_vip_blocked = 1 (自动在前端海报墙隐匿，且防止重复探寻)
[2026-08-05 21:45:38] [INFO] [javdb_scraper.py:864] - 🔎 [13/29] 抓取详情: FC2-1625020 (https://javdb.com/v/8w4Md)
[2026-08-05 21:45:41] [WARNING] [javdb_scraper.py:877] - 🔒 [Paywall Guard] 番号 [FC2-1625020] 触发 VIP 权限限制重定向 (https://javdb.com/plans/ypay)，标记为已尝试，以后不再重复抓取。
[2026-08-05 21:45:41] [INFO] [javdb_scraper.py:630] - 🔒 [DB] 番号 [FC2-1625020] 已标记为 is_vip_blocked = 1 (自动在前端海报墙隐匿，且防止重复探寻)
[2026-08-05 21:45:41] [INFO] [javdb_scraper.py:864] - 🔎 [14/29] 抓取详情: FCP-058 (https://javdb.com/v/mBr2n)
[2026-08-05 21:45:44] [INFO] [javdb_scraper.py:864] - 🔎 [15/29] 抓取详情: IPX-262 (https://javdb.com/v/rqGWJ)
[2026-08-05 21:45:47] [INFO] [javdb_scraper.py:864] - 🔎 [16/29] 抓取详情: MAAN-678 (https://javdb.com/v/ApQqy)
[2026-08-05 21:45:49] [INFO] [javdb_scraper.py:864] - 🔎 [17/29] 抓取详情: NTK-548 (https://javdb.com/v/vpePz)
[2026-08-05 21:45:52] [INFO] [javdb_scraper.py:864] - 🔎 [18/29] 抓取详情: OFJE-199 (https://javdb.com/v/pP5zm)
[2026-08-05 21:45:56] [INFO] [javdb_scraper.py:864] - 🔎 [19/29] 抓取详情: OFJE-218 (https://javdb.com/v/Op610)
[2026-08-05 21:45:58] [INFO] [javdb_scraper.py:864] - 🔎 [20/29] 抓取详情: OFJE-397 (https://javdb.com/v/E2mk99)
[2026-08-05 21:46:02] [INFO] [javdb_scraper.py:864] - 🔎 [21/29] 抓取详情: OFJE-450 (https://javdb.com/v/Kkknz7)
[2026-08-05 21:46:05] [INFO] [javdb_scraper.py:864] - 🔎 [22/29] 抓取详情: SHKD-831 (https://javdb.com/v/ARYQq)
[2026-08-05 21:46:08] [INFO] [javdb_scraper.py:864] - 🔎 [23/29] 抓取详情: SHKD-841 (https://javdb.com/v/xDYeP)
[2026-08-05 21:46:11] [INFO] [javdb_scraper.py:864] - 🔎 [24/29] 抓取详情: SSNI-253 (https://javdb.com/v/deyz0)
[2026-08-05 21:46:13] [INFO] [javdb_scraper.py:864] - 🔎 [25/29] 抓取详情: SSNI-277 (https://javdb.com/v/qAmvD)
[2026-08-05 21:46:16] [INFO] [javdb_scraper.py:864] - 🔎 [26/29] 抓取详情: SSNI-299 (https://javdb.com/v/QNwbG)
[2026-08-05 21:46:19] [INFO] [javdb_scraper.py:864] - 🔎 [27/29] 抓取详情: SSNI-319 (https://javdb.com/v/828EE)
[2026-08-05 21:46:22] [INFO] [javdb_scraper.py:864] - 🔎 [28/29] 抓取详情: SSNI-341 (https://javdb.com/v/Rkw8R)
[2026-08-05 21:46:25] [INFO] [javdb_scraper.py:864] - 🔎 [29/29] 抓取详情: SSNI-363 (https://javdb.com/v/byqGE)
[2026-08-05 21:46:26] [INFO] [server.py:448] - ✅ [Cron 定时任务完成] ID: actor_cron___
[2026-08-05 21:48:07] [INFO] [server.py:159] - ⏰ APScheduler 定时任务引擎已启动
[2026-08-05 21:48:07] [INFO] [server.py:161] - 📥 异步任务队列 Consumer 已就绪
[2026-08-05 21:48:22] [ERROR] [javdb_scraper.py:1341] - 💥 [115 Quota] 请求配额接口异常: 'JavDBScraper' object has no attribute 'session'
[2026-08-05 21:48:38] [INFO] [javdb_scraper.py:402] - 📋 [User] 正在拉取用户清单目录 (类型: mine)...
[2026-08-05 21:49:17] [INFO] [server.py:159] - ⏰ APScheduler 定时任务引擎已启动
[2026-08-05 21:49:17] [INFO] [server.py:161] - 📥 异步任务队列 Consumer 已就绪
[2026-08-05 21:49:25] [INFO] [javdb_scraper.py:402] - 📋 [User] 正在拉取用户清单目录 (类型: mine)...
[2026-08-05 21:49:28] [WARNING] [javdb_scraper.py:405] - ⚠️ [User] 拉取 [mine] 清单失败：Cookie 已失效，需重新登录或设置 Cookie
[2026-08-05 21:49:34] [INFO] [javdb_scraper.py:1332] - 📊 [115 Quota] 离线配额 -> 总量: 1500, 已用: 0, 剩余可用: 1500
[2026-08-05 21:49:41] [INFO] [javdb_scraper.py:366] - 🔍 [User] 正在请求个人中心校验 Cookie 权限...
[2026-08-05 21:49:44] [INFO] [javdb_scraper.py:374] - ✅ [User] Cookie 验证有效！
[2026-08-05 21:49:47] [INFO] [javdb_scraper.py:402] - 📋 [User] 正在拉取用户清单目录 (类型: mine)...
[2026-08-05 21:49:50] [INFO] [javdb_scraper.py:452] - ✅ [User] 成功拉取到 3 个 [mine] 清单
[2026-08-05 21:50:33] [INFO] [javdb_scraper.py:1115] - 🧹 [DB] 成功清空数据库，共删除 29 条影片记录
[2026-08-05 21:50:35] [INFO] [javdb_scraper.py:379] - 🎭 [User] 正在拉取用户订阅演员...
[2026-08-05 21:50:38] [INFO] [javdb_scraper.py:397] - ✅ [User] 成功拉取到 6 位已订阅演员
[2026-08-05 21:50:44] [INFO] [javdb_scraper.py:402] - 📋 [User] 正在拉取用户清单目录 (类型: mine)...
[2026-08-05 21:50:55] [INFO] [server.py:203] - ⏰ APScheduler 定时任务引擎已启动
[2026-08-05 21:50:55] [INFO] [server.py:219] - 📥 异步任务队列 Consumer 已就绪
[2026-08-05 21:51:02] [ERROR] [server.py:173] - ❌ 保存持久化定时任务失败: name 'json' is not defined
[2026-08-05 21:51:53] [INFO] [server.py:213] - ⏰ APScheduler 定时任务引擎已启动
[2026-08-05 21:51:53] [ERROR] [server.py:166] - ❌ 加载持久化定时任务失败: Expecting value: line 1 column 1 (char 0)
[2026-08-05 21:51:53] [INFO] [server.py:229] - 📥 异步任务队列 Consumer 已就绪
[2026-08-05 21:51:58] [INFO] [server.py:181] - 💾 已成功将 1 个定时任务持久化保存至 D:\JAVDB_AutoSpider_V1.2\backend\scheduled_jobs.json
[2026-08-05 21:52:07] [INFO] [server.py:213] - ⏰ APScheduler 定时任务引擎已启动
[2026-08-05 21:52:07] [INFO] [server.py:226] - 🔄 [Lifespan] 自动成功恢复了 1 个持久化 Cron 定时任务！
[2026-08-05 21:52:07] [INFO] [server.py:229] - 📥 异步任务队列 Consumer 已就绪
[2026-08-05 21:52:27] [INFO] [javdb_scraper.py:1332] - 📊 [115 Quota] 离线配额 -> 总量: 1500, 已用: 0, 剩余可用: 1500
[2026-08-05 21:52:38] [INFO] [server.py:181] - 💾 已成功将 0 个定时任务持久化保存至 D:\JAVDB_AutoSpider_V1.2\backend\scheduled_jobs.json
[2026-08-05 21:52:41] [INFO] [javdb_scraper.py:402] - 📋 [User] 正在拉取用户清单目录 (类型: mine)...
[2026-08-05 21:52:44] [INFO] [javdb_scraper.py:452] - ✅ [User] 成功拉取到 3 个 [mine] 清单
[2026-08-05 21:53:08] [INFO] [server.py:181] - 💾 已成功将 1 个定时任务持久化保存至 D:\JAVDB_AutoSpider_V1.2\backend\scheduled_jobs.json
[2026-08-05 21:53:14] [INFO] [javdb_scraper.py:1332] - 📊 [115 Quota] 离线配额 -> 总量: 1500, 已用: 0, 剩余可用: 1500
[2026-08-05 21:53:34] [INFO] [javdb_scraper.py:1332] - 📊 [115 Quota] 离线配额 -> 总量: 1500, 已用: 0, 剩余可用: 1500
[2026-08-05 21:53:45] [INFO] [javdb_scraper.py:1332] - 📊 [115 Quota] 离线配额 -> 总量: 1500, 已用: 0, 剩余可用: 1500
[2026-08-05 21:54:00] [INFO] [server.py:546] - ⏰ [Cron 定时任务触发] ID: list_cron_NwDvJ4
[2026-08-05 21:54:00] [INFO] [javdb_scraper.py:196] - 📄 [Scrape] 正在抓取索引页 [1]: https://javdb.com/users/list_detail?id=NwDvJ4&lst=0
[2026-08-05 21:54:03] [INFO] [javdb_scraper.py:727] - 📥 [DB] 索引记录批量存库成功 (1 条)
[2026-08-05 21:54:03] [INFO] [javdb_scraper.py:196] - 📥 [DB] 索引记录批量存库成功 (1 条)
[2026-08-05 21:54:03] [INFO] [javdb_scraper.py:196] - 🔚 [Scrape] 抓取至末页
[2026-08-05 21:54:03] [INFO] [javdb_scraper.py:196] - 🚀 [Scrape] 开始抓取待更新影片详情，总量: 1
[2026-08-05 21:54:03] [INFO] [javdb_scraper.py:196] - 🔎 [1/1] 抓取详情: MIUM-1445 (https://javdb.com/v/96Qq95)
[2026-08-05 21:54:05] [INFO] [javdb_scraper.py:1332] - 📊 [115 Quota] 离线配额 -> 总量: 1500, 已用: 0, 剩余可用: 1500
[2026-08-05 21:54:06] [INFO] [javdb_scraper.py:196] - 💾 [DB] 番号 [MIUM-1445] 详细数据及磁力已成功存库
[2026-08-05 21:54:06] [INFO] [server.py:556] - ✅ [Cron 定时任务完成] ID: list_cron_NwDvJ4
[2026-08-05 21:55:41] [INFO] [server.py:213] - ⏰ APScheduler 定时任务引擎已启动
[2026-08-05 21:55:41] [INFO] [server.py:226] - 🔄 [Lifespan] 自动成功恢复了 1 个持久化 Cron 定时任务！
[2026-08-05 21:55:41] [INFO] [server.py:229] - 📥 异步任务队列 Consumer 已就绪
[2026-08-05 21:55:57] [INFO] [javdb_scraper.py:1332] - 📊 [115 Quota] 离线配额 -> 总量: 1500, 已用: 0, 剩余可用: 1500
[2026-08-05 21:56:01] [INFO] [server.py:63] - ▶️ [Queue] 开始执行队列任务 [142d95a0] | [手动触发] 清单 [預設清單] - 智能增量更新
[2026-08-05 21:56:01] [INFO] [javdb_scraper.py:196] - 📄 [Scrape] 正在抓取索引页 [1]: https://javdb.com/users/list_detail?id=NwDvJ4&lst=0
[2026-08-05 21:56:04] [INFO] [javdb_scraper.py:727] - 📥 [DB] 索引记录批量存库成功 (1 条)
[2026-08-05 21:56:04] [INFO] [javdb_scraper.py:196] - 📥 [DB] 索引记录批量存库成功 (1 条)
[2026-08-05 21:56:04] [INFO] [javdb_scraper.py:196] - 🔚 [Scrape] 抓取至末页
[2026-08-05 21:56:04] [INFO] [javdb_scraper.py:196] - 🚀 [Scrape] 开始抓取待更新影片详情，总量: 1
[2026-08-05 21:56:04] [INFO] [javdb_scraper.py:196] - 🔎 [1/1] 抓取详情: MIUM-1445 (https://javdb.com/v/96Qq95)
[2026-08-05 21:56:06] [INFO] [javdb_scraper.py:196] - 💾 [DB] 番号 [MIUM-1445] 详细数据及磁力已成功存库
[2026-08-05 21:56:26] [INFO] [javdb_scraper.py:1332] - 📊 [115 Quota] 离线配额 -> 总量: 1500, 已用: 0, 剩余可用: 1500
[2026-08-05 21:57:36] [INFO] [server.py:213] - ⏰ APScheduler 定时任务引擎已启动
[2026-08-05 21:57:36] [INFO] [server.py:226] - 🔄 [Lifespan] 自动成功恢复了 1 个持久化 Cron 定时任务！
[2026-08-05 21:57:36] [INFO] [server.py:229] - 📥 异步任务队列 Consumer 已就绪
[2026-08-05 21:57:42] [INFO] [server.py:63] - ▶️ [Queue] 开始执行队列任务 [test_job_123] | 测试任务
[2026-08-05 21:57:42] [INFO] [javdb_scraper.py:196] - 📄 [Scrape] 正在抓取索引页 [1]: https://javdb.com/actors/d4ndM
[2026-08-05 21:57:45] [INFO] [javdb_scraper.py:196] - 🔚 [Scrape] 抓取至末页
[2026-08-05 21:57:45] [INFO] [javdb_scraper.py:196] - 🚀 [Scrape] 开始抓取待更新影片详情，总量: 1
[2026-08-05 21:57:45] [INFO] [javdb_scraper.py:196] - 🔎 [1/1] 抓取详情: MIUM-1445 (https://javdb.com/v/96Qq95)
[2026-08-05 21:57:48] [WARNING] [javdb_scraper.py:195] - ⚠️ [Parse Guard] 番号 [MIUM-1445] 详情页未匹配到有效信息，标记为已处理。
[2026-08-05 21:57:48] [INFO] [javdb_scraper.py:639] - 🔒 [DB] 番号 [MIUM-1445] 已标记为 is_vip_blocked = 1 (自动在前端海报墙隐匿，且防止重复探寻)
[2026-08-05 21:57:59] [INFO] [javdb_scraper.py:1332] - 📊 [115 Quota] 离线配额 -> 总量: 1500, 已用: 0, 剩余可用: 1500
[2026-08-05 21:58:04] [INFO] [server.py:63] - ▶️ [Queue] 开始执行队列任务 [list_cron_NwDvJ4] | [手动触发] 清单 [預設清單] - 智能增量更新
[2026-08-05 21:58:04] [INFO] [javdb_scraper.py:196] - 📄 [Scrape] 正在抓取索引页 [1]: https://javdb.com/users/list_detail?id=NwDvJ4&lst=0
[2026-08-05 21:58:07] [INFO] [javdb_scraper.py:727] - 📥 [DB] 索引记录批量存库成功 (1 条)
[2026-08-05 21:58:07] [INFO] [javdb_scraper.py:196] - 📥 [DB] 索引记录批量存库成功 (1 条)
[2026-08-05 21:58:07] [INFO] [javdb_scraper.py:196] - 🔚 [Scrape] 抓取至末页
[2026-08-05 21:58:07] [INFO] [javdb_scraper.py:196] - 🚀 [Scrape] 开始抓取待更新影片详情，总量: 0
[2026-08-05 21:59:37] [INFO] [server.py:213] - ⏰ APScheduler 定时任务引擎已启动
[2026-08-05 21:59:37] [INFO] [server.py:226] - 🔄 [Lifespan] 自动成功恢复了 1 个持久化 Cron 定时任务！
[2026-08-05 21:59:37] [INFO] [server.py:229] - 📥 异步任务队列 Consumer 已就绪
[2026-08-05 21:59:50] [INFO] [javdb_scraper.py:1332] - 📊 [115 Quota] 离线配额 -> 总量: 1500, 已用: 0, 剩余可用: 1500
[2026-08-05 22:00:04] [INFO] [javdb_scraper.py:402] - 📋 [User] 正在拉取用户清单目录 (类型: mine)...
[2026-08-05 22:00:06] [INFO] [javdb_scraper.py:452] - ✅ [User] 成功拉取到 3 个 [mine] 清单
[2026-08-05 22:00:46] [INFO] [server.py:213] - ⏰ APScheduler 定时任务引擎已启动
[2026-08-05 22:00:46] [INFO] [server.py:226] - 🔄 [Lifespan] 自动成功恢复了 1 个持久化 Cron 定时任务！
[2026-08-05 22:00:46] [INFO] [server.py:229] - 📥 异步任务队列 Consumer 已就绪
[2026-08-05 22:01:09] [INFO] [javdb_scraper.py:1332] - 📊 [115 Quota] 离线配额 -> 总量: 1500, 已用: 0, 剩余可用: 1500
[2026-08-05 22:02:01] [INFO] [javdb_scraper.py:1332] - 📊 [115 Quota] 离线配额 -> 总量: 1500, 已用: 0, 剩余可用: 1500
[2026-08-05 22:02:21] [INFO] [server.py:213] - ⏰ APScheduler 定时任务引擎已启动
[2026-08-05 22:02:21] [INFO] [server.py:226] - 🔄 [Lifespan] 自动成功恢复了 1 个持久化 Cron 定时任务！
[2026-08-05 22:02:21] [INFO] [server.py:229] - 📥 异步任务队列 Consumer 已就绪
[2026-08-05 22:02:36] [INFO] [javdb_scraper.py:1332] - 📊 [115 Quota] 离线配额 -> 总量: 1500, 已用: 0, 剩余可用: 1500
[2026-08-05 22:02:46] [INFO] [server.py:63] - ▶️ [Queue] 开始执行队列任务 [list_cron_NwDvJ4] | [手动触发] 清单 [預設清單] - 智能增量更新
[2026-08-05 22:02:46] [INFO] [javdb_scraper.py:196] - 📄 [Scrape] 正在抓取索引页 [1]: https://javdb.com/users/list_detail?id=NwDvJ4&lst=0
[2026-08-05 22:02:49] [INFO] [javdb_scraper.py:727] - 📥 [DB] 索引记录批量存库成功 (1 条)
[2026-08-05 22:02:49] [INFO] [javdb_scraper.py:196] - 📥 [DB] 索引记录批量存库成功 (1 条)
[2026-08-05 22:02:49] [INFO] [javdb_scraper.py:196] - 🔚 [Scrape] 抓取至末页
[2026-08-05 22:02:49] [INFO] [javdb_scraper.py:196] - 🚀 [Scrape] 开始抓取待更新影片详情，总量: 0
[2026-08-05 22:05:17] [INFO] [server.py:213] - ⏰ APScheduler 定时任务引擎已启动
[2026-08-05 22:05:17] [INFO] [server.py:226] - 🔄 [Lifespan] 自动成功恢复了 1 个持久化 Cron 定时任务！
[2026-08-05 22:05:17] [INFO] [server.py:229] - 📥 异步任务队列 Consumer 已就绪
[2026-08-05 22:05:33] [INFO] [javdb_scraper.py:1332] - 📊 [115 Quota] 离线配额 -> 总量: 1500, 已用: 0, 剩余可用: 1500
[2026-08-05 22:05:40] [INFO] [server.py:63] - ▶️ [Queue] 开始执行队列任务 [list_cron_NwDvJ4] | [手动触发] 清单 [預設清單] - 智能增量更新
[2026-08-05 22:05:40] [INFO] [javdb_scraper.py:196] - 📄 [Scrape] 正在抓取索引页 [1]: https://javdb.com/users/list_detail?id=NwDvJ4&lst=0
[2026-08-05 22:05:44] [INFO] [javdb_scraper.py:727] - 📥 [DB] 索引记录批量存库成功 (1 条)
[2026-08-05 22:05:44] [INFO] [javdb_scraper.py:196] - 📥 [DB] 索引记录批量存库成功 (1 条)
[2026-08-05 22:05:44] [INFO] [javdb_scraper.py:196] - 🔚 [Scrape] 抓取至末页
[2026-08-05 22:05:44] [INFO] [javdb_scraper.py:196] - 🚀 [Scrape] 开始抓取待更新影片详情，总量: 0
[2026-08-05 22:09:05] [INFO] [server.py:286] - ⏰ APScheduler 定时任务引擎已启动
[2026-08-05 22:09:05] [INFO] [server.py:299] - 🔄 [Lifespan] 自动成功恢复了 1 个持久化 Cron 定时任务！
[2026-08-05 22:09:05] [INFO] [server.py:302] - 📥 异步任务队列 Consumer 已就绪
[2026-08-05 22:11:03] [INFO] [javdb_scraper.py:1332] - 📊 [115 Quota] 离线配额 -> 总量: 1500, 已用: 0, 剩余可用: 1500
[2026-08-05 22:12:09] [INFO] [server.py:286] - ⏰ APScheduler 定时任务引擎已启动
[2026-08-05 22:12:09] [INFO] [server.py:299] - 🔄 [Lifespan] 自动成功恢复了 1 个持久化 Cron 定时任务！
[2026-08-05 22:12:09] [INFO] [server.py:302] - 📥 异步任务队列 Consumer 已就绪
[2026-08-05 22:12:55] [INFO] [javdb_scraper.py:1332] - 📊 [115 Quota] 离线配额 -> 总量: 1500, 已用: 0, 剩余可用: 1500
[2026-08-05 22:15:25] [INFO] [server.py:286] - ⏰ APScheduler 定时任务引擎已启动
[2026-08-05 22:15:25] [INFO] [server.py:299] - 🔄 [Lifespan] 自动成功恢复了 1 个持久化 Cron 定时任务！
[2026-08-05 22:15:25] [INFO] [server.py:302] - 📥 异步任务队列 Consumer 已就绪
[2026-08-05 22:15:52] [INFO] [server.py:287] - ⏰ APScheduler 定时任务引擎已启动
[2026-08-05 22:15:52] [INFO] [server.py:300] - 🔄 [Lifespan] 自动成功恢复了 1 个持久化 Cron 定时任务！
[2026-08-05 22:15:52] [INFO] [server.py:303] - 📥 异步任务队列 Consumer 已就绪
[2026-08-05 22:16:30] [INFO] [server.py:287] - ⏰ APScheduler 定时任务引擎已启动
[2026-08-05 22:16:30] [INFO] [server.py:300] - 🔄 [Lifespan] 自动成功恢复了 1 个持久化 Cron 定时任务！
[2026-08-05 22:16:30] [INFO] [server.py:303] - 📥 异步任务队列 Consumer 已就绪
[2026-08-05 22:18:07] [INFO] [javdb_scraper.py:1332] - 📊 [115 Quota] 离线配额 -> 总量: 1500, 已用: 0, 剩余可用: 1500
[2026-08-05 22:18:08] [INFO] [javdb_scraper.py:366] - 🔍 [User] 正在请求个人中心校验 Cookie 权限...
[2026-08-05 22:18:11] [INFO] [javdb_scraper.py:374] - ✅ [User] Cookie 验证有效！
[2026-08-05 22:18:18] [INFO] [javdb_scraper.py:1332] - 📊 [115 Quota] 离线配额 -> 总量: 1500, 已用: 0, 剩余可用: 1500
[2026-08-05 22:19:52] [INFO] [server.py:287] - ⏰ APScheduler 定时任务引擎已启动
[2026-08-05 22:19:52] [INFO] [server.py:300] - 🔄 [Lifespan] 自动成功恢复了 1 个持久化 Cron 定时任务！
[2026-08-05 22:19:52] [INFO] [server.py:303] - 📥 异步任务队列 Consumer 已就绪
[2026-08-05 22:20:20] [INFO] [javdb_scraper.py:1332] - 📊 [115 Quota] 离线配额 -> 总量: 1500, 已用: 0, 剩余可用: 1500
[2026-08-05 22:20:37] [INFO] [javdb_scraper.py:1332] - 📊 [115 Quota] 离线配额 -> 总量: 1500, 已用: 0, 剩余可用: 1500
[2026-08-05 22:22:43] [INFO] [server.py:287] - ⏰ APScheduler 定时任务引擎已启动
[2026-08-05 22:22:43] [INFO] [server.py:300] - 🔄 [Lifespan] 自动成功恢复了 1 个持久化 Cron 定时任务！
[2026-08-05 22:22:43] [INFO] [server.py:303] - 📥 异步任务队列 Consumer 已就绪
[2026-08-05 22:22:49] [INFO] [javdb_scraper.py:1332] - 📊 [115 Quota] 离线配额 -> 总量: 1500, 已用: 0, 剩余可用: 1500
[2026-08-05 22:23:54] [INFO] [server.py:287] - ⏰ APScheduler 定时任务引擎已启动
[2026-08-05 22:23:54] [INFO] [server.py:300] - 🔄 [Lifespan] 自动成功恢复了 1 个持久化 Cron 定时任务！
[2026-08-05 22:23:54] [INFO] [server.py:303] - 📥 异步任务队列 Consumer 已就绪
[2026-08-05 22:24:08] [INFO] [javdb_scraper.py:1332] - 📊 [115 Quota] 离线配额 -> 总量: 1500, 已用: 0, 剩余可用: 1500
[2026-08-05 22:27:20] [INFO] [server.py:287] - ⏰ APScheduler 定时任务引擎已启动
[2026-08-05 22:27:20] [INFO] [server.py:300] - 🔄 [Lifespan] 自动成功恢复了 1 个持久化 Cron 定时任务！
[2026-08-05 22:27:20] [INFO] [server.py:303] - 📥 异步任务队列 Consumer 已就绪
[2026-08-05 22:27:28] [INFO] [javdb_scraper.py:1332] - 📊 [115 Quota] 离线配额 -> 总量: 1500, 已用: 0, 剩余可用: 1500
[2026-08-05 22:28:09] [INFO] [javdb_scraper.py:1332] - 📊 [115 Quota] 离线配额 -> 总量: 1500, 已用: 0, 剩余可用: 1500
[2026-08-05 22:28:26] [INFO] [javdb_scraper.py:1332] - 📊 [115 Quota] 离线配额 -> 总量: 1500, 已用: 0, 剩余可用: 1500
[2026-08-05 22:28:39] [INFO] [javdb_scraper.py:1332] - 📊 [115 Quota] 离线配额 -> 总量: 1500, 已用: 0, 剩余可用: 1500
[2026-08-05 22:29:59] [INFO] [server.py:287] - ⏰ APScheduler 定时任务引擎已启动
[2026-08-05 22:29:59] [INFO] [server.py:300] - 🔄 [Lifespan] 自动成功恢复了 1 个持久化 Cron 定时任务！
[2026-08-05 22:29:59] [INFO] [server.py:303] - 📥 异步任务队列 Consumer 已就绪
[2026-08-05 22:30:32] [INFO] [javdb_scraper.py:1332] - 📊 [115 Quota] 离线配额 -> 总量: 1500, 已用: 0, 剩余可用: 1500
[2026-08-05 22:31:01] [INFO] [javdb_scraper.py:1332] - 📊 [115 Quota] 离线配额 -> 总量: 1500, 已用: 0, 剩余可用: 1500
[2026-08-05 22:31:49] [INFO] [server.py:137] - ▶️ [Queue] 开始执行队列任务 [list_cron_NwDvJ4] | [手动触发] 清单 [預設清單] - 智能增量更新
[2026-08-05 22:31:49] [INFO] [javdb_scraper.py:196] - 📄 [Scrape] 正在抓取索引页 [1]: https://javdb.com/users/list_detail?id=NwDvJ4&lst=0
[2026-08-05 22:31:52] [INFO] [javdb_scraper.py:196] - 🔚 [Scrape] 抓取至末页
[2026-08-05 22:31:52] [INFO] [javdb_scraper.py:196] - 🚀 [Scrape] 开始抓取待更新影片详情，总量: 0
[2026-08-05 22:32:02] [INFO] [javdb_scraper.py:1332] - 📊 [115 Quota] 离线配额 -> 总量: 1500, 已用: 0, 剩余可用: 1500
[2026-08-05 22:32:15] [INFO] [server.py:137] - ▶️ [Queue] 开始执行队列任务 [d0f01618] | 清单 [預設清單] - 智能增量更新
[2026-08-05 22:32:15] [INFO] [javdb_scraper.py:196] - 📄 [Scrape] 正在抓取索引页 [1]: https://javdb.com/users/list_detail?id=NwDvJ4&lst=0
[2026-08-05 22:32:18] [INFO] [javdb_scraper.py:196] - 🔚 [Scrape] 抓取至末页
[2026-08-05 22:32:18] [INFO] [javdb_scraper.py:196] - 🚀 [Scrape] 开始抓取待更新影片详情，总量: 0
[2026-08-05 22:33:49] [INFO] [javdb_scraper.py:1332] - 📊 [115 Quota] 离线配额 -> 总量: 1500, 已用: 0, 剩余可用: 1500
[2026-08-05 22:34:16] [INFO] [javdb_scraper.py:196] - 📄 [Scrape] 正在抓取索引页 [1]: https://javdb.com/search?q=SSNI
[2026-08-05 22:34:19] [INFO] [javdb_scraper.py:196] - ✅ [Scrape] 达到最大指定抓取页数 (1 页)，停止翻页。
[2026-08-05 22:36:34] [INFO] [javdb_scraper.py:196] - 📄 [Scrape] 正在抓取索引页 [1]: https://javdb.com/search?q=SSNI
[2026-08-05 22:36:37] [INFO] [javdb_scraper.py:196] - ✅ [Scrape] 达到最大指定抓取页数 (1 页)，停止翻页。
[2026-08-05 22:38:06] [INFO] [javdb_scraper.py:196] - 📄 [Scrape] 正在抓取索引页 [1]: https://javdb.com/search?q=SSNI
[2026-08-05 22:38:09] [INFO] [javdb_scraper.py:731] - 📥 [DB] 索引记录批量存库成功 (40 条)
[2026-08-05 22:38:09] [INFO] [javdb_scraper.py:196] - 📥 [DB] 索引记录批量存库成功 (40 条)
[2026-08-05 22:38:09] [INFO] [javdb_scraper.py:196] - ✅ [Scrape] 达到最大指定抓取页数 (1 页)，停止翻页。
[2026-08-05 22:39:04] [INFO] [server.py:287] - ⏰ APScheduler 定时任务引擎已启动
[2026-08-05 22:39:04] [INFO] [server.py:300] - 🔄 [Lifespan] 自动成功恢复了 1 个持久化 Cron 定时任务！
[2026-08-05 22:39:04] [INFO] [server.py:303] - 📥 异步任务队列 Consumer 已就绪
[2026-08-05 22:39:15] [INFO] [javdb_scraper.py:196] - 📄 [Scrape] 正在抓取索引页 [1]: https://javdb.com/search?q=IPX
[2026-08-05 22:39:18] [INFO] [javdb_scraper.py:739] - 📥 [DB] 索引记录批量存库成功 (40 条)
[2026-08-05 22:39:18] [INFO] [javdb_scraper.py:196] - 📥 [DB] 索引记录批量存库成功 (40 条)
[2026-08-05 22:39:18] [INFO] [javdb_scraper.py:196] - ✅ [Scrape] 达到最大指定抓取页数 (1 页)，停止翻页。
[2026-08-05 22:39:35] [INFO] [javdb_scraper.py:1344] - 📊 [115 Quota] 离线配额 -> 总量: 1500, 已用: 0, 剩余可用: 1500
[2026-08-05 22:39:57] [INFO] [javdb_scraper.py:1344] - 📊 [115 Quota] 离线配额 -> 总量: 1500, 已用: 0, 剩余可用: 1500
[2026-08-05 22:40:03] [INFO] [server.py:137] - ▶️ [Queue] 开始执行队列任务 [list_cron_NwDvJ4] | [手动触发] 清单 [預設清單] - 智能增量更新
[2026-08-05 22:40:03] [INFO] [javdb_scraper.py:196] - 📄 [Scrape] 正在抓取索引页 [1]: https://javdb.com/users/list_detail?id=NwDvJ4&lst=0
[2026-08-05 22:40:07] [WARNING] [javdb_scraper.py:308] - ⚠️ 检测到 Cookie 中的 _jdb_session 凭证已过期，自动清除过期凭证重试...
[2026-08-05 22:40:07] [INFO] [javdb_scraper.py:196] - 🔚 [Scrape] 抓取至末页
[2026-08-05 22:40:07] [INFO] [javdb_scraper.py:196] - 🚀 [Scrape] 开始抓取待更新影片详情，总量: 80
[2026-08-05 22:40:07] [INFO] [javdb_scraper.py:196] - 🔎 [1/80] 抓取详情: SSNI-387 (https://javdb.com/v/AR2dm)
[2026-08-05 22:40:09] [WARNING] [javdb_scraper.py:308] - ⚠️ 检测到 Cookie 中的 _jdb_session 凭证已过期，自动清除过期凭证重试...
[2026-08-05 22:40:10] [INFO] [javdb_scraper.py:196] - 💾 [DB] 番号 [SSNI-387] 详细数据及磁力已成功存库
[2026-08-05 22:40:10] [INFO] [javdb_scraper.py:196] - 🔎 [2/80] 抓取详情: SSNI-385 (https://javdb.com/v/R5p7n)
[2026-08-05 22:40:13] [WARNING] [javdb_scraper.py:308] - ⚠️ 检测到 Cookie 中的 _jdb_session 凭证已过期，自动清除过期凭证重试...
[2026-08-05 22:40:13] [INFO] [javdb_scraper.py:196] - 💾 [DB] 番号 [SSNI-385] 详细数据及磁力已成功存库
[2026-08-05 22:40:13] [INFO] [javdb_scraper.py:196] - 🔎 [3/80] 抓取详情: SSNI-396 (https://javdb.com/v/8NAP3)
[2026-08-05 22:40:16] [INFO] [javdb_scraper.py:1127] - 🧹 [DB] 成功清空数据库，共删除 81 条影片记录
[2026-08-05 22:40:17] [WARNING] [javdb_scraper.py:308] - ⚠️ 检测到 Cookie 中的 _jdb_session 凭证已过期，自动清除过期凭证重试...
[2026-08-05 22:40:17] [INFO] [javdb_scraper.py:196] - 💾 [DB] 番号 [SSNI-396] 详细数据及磁力已成功存库
[2026-08-05 22:40:17] [INFO] [javdb_scraper.py:196] - 🔎 [4/80] 抓取详情: SSNI-398 (https://javdb.com/v/mrWRY)
[2026-08-05 22:40:19] [INFO] [javdb_scraper.py:1344] - 📊 [115 Quota] 离线配额 -> 总量: 1500, 已用: 0, 剩余可用: 1500
[2026-08-05 22:40:20] [WARNING] [javdb_scraper.py:308] - ⚠️ 检测到 Cookie 中的 _jdb_session 凭证已过期，自动清除过期凭证重试...
[2026-08-05 22:40:20] [INFO] [javdb_scraper.py:196] - 💾 [DB] 番号 [SSNI-398] 详细数据及磁力已成功存库
[2026-08-05 22:40:20] [INFO] [javdb_scraper.py:196] - 🔎 [5/80] 抓取详情: SSNI-384 (https://javdb.com/v/8Ngkx)
[2026-08-05 22:40:23] [WARNING] [javdb_scraper.py:308] - ⚠️ 检测到 Cookie 中的 _jdb_session 凭证已过期，自动清除过期凭证重试...
[2026-08-05 22:40:23] [INFO] [javdb_scraper.py:196] - 💾 [DB] 番号 [SSNI-384] 详细数据及磁力已成功存库
[2026-08-05 22:40:23] [INFO] [javdb_scraper.py:196] - 🔎 [6/80] 抓取详情: SSNI-390 (https://javdb.com/v/B4wO6)
[2026-08-05 22:40:26] [WARNING] [javdb_scraper.py:308] - ⚠️ 检测到 Cookie 中的 _jdb_session 凭证已过期，自动清除过期凭证重试...
[2026-08-05 22:40:26] [INFO] [javdb_scraper.py:196] - 💾 [DB] 番号 [SSNI-390] 详细数据及磁力已成功存库
[2026-08-05 22:40:26] [INFO] [javdb_scraper.py:196] - 🔎 [7/80] 抓取详情: SSNI-381 (https://javdb.com/v/eBx3b)
[2026-08-05 22:40:29] [WARNING] [javdb_scraper.py:308] - ⚠️ 检测到 Cookie 中的 _jdb_session 凭证已过期，自动清除过期凭证重试...
[2026-08-05 22:40:29] [INFO] [javdb_scraper.py:196] - 💾 [DB] 番号 [SSNI-381] 详细数据及磁力已成功存库
[2026-08-05 22:40:29] [INFO] [javdb_scraper.py:196] - 🔎 [8/80] 抓取详情: SSNI-392 (https://javdb.com/v/NR0mG)
[2026-08-05 22:40:32] [WARNING] [javdb_scraper.py:308] - ⚠️ 检测到 Cookie 中的 _jdb_session 凭证已过期，自动清除过期凭证重试...
[2026-08-05 22:40:33] [INFO] [javdb_scraper.py:196] - 💾 [DB] 番号 [SSNI-392] 详细数据及磁力已成功存库
[2026-08-05 22:40:33] [INFO] [javdb_scraper.py:196] - 🔎 [9/80] 抓取详情: SSNI-394 (https://javdb.com/v/WQNZq)
[2026-08-05 22:40:36] [WARNING] [javdb_scraper.py:308] - ⚠️ 检测到 Cookie 中的 _jdb_session 凭证已过期，自动清除过期凭证重试...
[2026-08-05 22:40:37] [INFO] [javdb_scraper.py:196] - 💾 [DB] 番号 [SSNI-394] 详细数据及磁力已成功存库
[2026-08-05 22:40:37] [INFO] [javdb_scraper.py:196] - 🔎 [10/80] 抓取详情: SSNI-380 (https://javdb.com/v/qOZ9e)
[2026-08-05 22:40:39] [WARNING] [javdb_scraper.py:308] - ⚠️ 检测到 Cookie 中的 _jdb_session 凭证已过期，自动清除过期凭证重试...
[2026-08-05 22:40:39] [INFO] [javdb_scraper.py:196] - 💾 [DB] 番号 [SSNI-380] 详细数据及磁力已成功存库
[2026-08-05 22:40:39] [INFO] [javdb_scraper.py:196] - 🔎 [11/80] 抓取详情: SSNI-379 (https://javdb.com/v/2VgbW)
[2026-08-05 22:40:42] [WARNING] [javdb_scraper.py:308] - ⚠️ 检测到 Cookie 中的 _jdb_session 凭证已过期，自动清除过期凭证重试...
[2026-08-05 22:40:43] [INFO] [javdb_scraper.py:196] - 💾 [DB] 番号 [SSNI-379] 详细数据及磁力已成功存库
[2026-08-05 22:40:43] [INFO] [javdb_scraper.py:196] - 🔎 [12/80] 抓取详情: SSNI-389 (https://javdb.com/v/wGbMz)
[2026-08-05 22:40:46] [WARNING] [javdb_scraper.py:308] - ⚠️ 检测到 Cookie 中的 _jdb_session 凭证已过期，自动清除过期凭证重试...
[2026-08-05 22:40:47] [INFO] [javdb_scraper.py:196] - 💾 [DB] 番号 [SSNI-389] 详细数据及磁力已成功存库
[2026-08-05 22:40:47] [INFO] [javdb_scraper.py:196] - 🔎 [13/80] 抓取详情: SSNI-391 (https://javdb.com/v/dEpd0)
[2026-08-05 22:40:50] [WARNING] [javdb_scraper.py:308] - ⚠️ 检测到 Cookie 中的 _jdb_session 凭证已过期，自动清除过期凭证重试...
[2026-08-05 22:40:50] [INFO] [javdb_scraper.py:196] - 💾 [DB] 番号 [SSNI-391] 详细数据及磁力已成功存库
[2026-08-05 22:40:50] [INFO] [javdb_scraper.py:196] - 🔎 [14/80] 抓取详情: SSNI-383 (https://javdb.com/v/PqYdE)
[2026-08-05 22:40:51] [INFO] [server.py:255] - 💾 已成功将 0 个定时任务持久化保存至 D:\JAVDB_AutoSpider_V1.2\backend\scheduled_jobs.json
[2026-08-05 22:40:53] [WARNING] [javdb_scraper.py:308] - ⚠️ 检测到 Cookie 中的 _jdb_session 凭证已过期，自动清除过期凭证重试...
[2026-08-05 22:40:53] [INFO] [javdb_scraper.py:196] - 💾 [DB] 番号 [SSNI-383] 详细数据及磁力已成功存库
[2026-08-05 22:40:53] [INFO] [javdb_scraper.py:196] - 🔎 [15/80] 抓取详情: SSNI-395 (https://javdb.com/v/9WmrX)
[2026-08-05 22:40:54] [INFO] [javdb_scraper.py:1344] - 📊 [115 Quota] 离线配额 -> 总量: 1500, 已用: 0, 剩余可用: 1500
[2026-08-05 22:40:56] [WARNING] [javdb_scraper.py:308] - ⚠️ 检测到 Cookie 中的 _jdb_session 凭证已过期，自动清除过期凭证重试...
[2026-08-05 22:40:57] [INFO] [javdb_scraper.py:196] - 💾 [DB] 番号 [SSNI-395] 详细数据及磁力已成功存库
[2026-08-05 22:40:57] [INFO] [javdb_scraper.py:196] - 🔎 [16/80] 抓取详情: SSNI-382 (https://javdb.com/v/7BnzP)
[2026-08-05 22:41:00] [WARNING] [javdb_scraper.py:308] - ⚠️ 检测到 Cookie 中的 _jdb_session 凭证已过期，自动清除过期凭证重试...
[2026-08-05 22:41:00] [INFO] [javdb_scraper.py:196] - 💾 [DB] 番号 [SSNI-382] 详细数据及磁力已成功存库
[2026-08-05 22:41:00] [INFO] [javdb_scraper.py:196] - 🔎 [17/80] 抓取详情: SSNI-393 (https://javdb.com/v/GObY5)
[2026-08-05 22:41:02] [WARNING] [javdb_scraper.py:308] - ⚠️ 检测到 Cookie 中的 _jdb_session 凭证已过期，自动清除过期凭证重试...
[2026-08-05 22:41:03] [INFO] [javdb_scraper.py:196] - 💾 [DB] 番号 [SSNI-393] 详细数据及磁力已成功存库
[2026-08-05 22:41:03] [INFO] [javdb_scraper.py:196] - 🔎 [18/80] 抓取详情: SSNI-397 (https://javdb.com/v/R5RWD)
[2026-08-05 22:41:03] [WARNING] [server.py:792] - 🛑 [Queue] 用户发出了针对运行中任务 [list_cron_NwDvJ4] 的停止指令
[2026-08-05 22:41:05] [WARNING] [javdb_scraper.py:308] - ⚠️ 检测到 Cookie 中的 _jdb_session 凭证已过期，自动清除过期凭证重试...
[2026-08-05 22:41:05] [INFO] [javdb_scraper.py:196] - 💾 [DB] 番号 [SSNI-397] 详细数据及磁力已成功存库
[2026-08-05 22:41:05] [WARNING] [javdb_scraper.py:195] - 🛑 [Cancel Guard] 收到用户取消任务指令，中断详情抓取过程。
[2026-08-05 22:41:05] [WARNING] [server.py:206] - 🛑 [Queue] 任务 [list_cron_NwDvJ4] | [手动触发] 清单 [預設清單] - 智能增量更新 已成功中断终止
[2026-08-05 22:41:06] [INFO] [javdb_scraper.py:1344] - 📊 [115 Quota] 离线配额 -> 总量: 1500, 已用: 0, 剩余可用: 1500
[2026-08-05 22:41:13] [INFO] [server.py:137] - ▶️ [Queue] 开始执行队列任务 [820fd0e1] | 演员 [三澄寧々] - 智能增量更新
[2026-08-05 22:41:13] [INFO] [javdb_scraper.py:196] - 📄 [Scrape] 正在抓取索引页 [1]: https://javdb.com/actors/d4ndM
[2026-08-05 22:41:16] [WARNING] [javdb_scraper.py:308] - ⚠️ 检测到 Cookie 中的 _jdb_session 凭证已过期，自动清除过期凭证重试...
[2026-08-05 22:41:17] [INFO] [javdb_scraper.py:739] - 📥 [DB] 索引记录批量存库成功 (20 条)
[2026-08-05 22:41:17] [INFO] [javdb_scraper.py:196] - 📥 [DB] 索引记录批量存库成功 (20 条)
[2026-08-05 22:41:17] [INFO] [javdb_scraper.py:196] - 🔚 [Scrape] 抓取至末页
[2026-08-05 22:41:17] [INFO] [javdb_scraper.py:196] - 🚀 [Scrape] 开始抓取待更新影片详情，总量: 20
[2026-08-05 22:41:17] [INFO] [javdb_scraper.py:196] - 🔎 [1/20] 抓取详情: FWAY-075 (https://javdb.com/v/qAdX16)
[2026-08-05 22:41:19] [WARNING] [javdb_scraper.py:308] - ⚠️ 检测到 Cookie 中的 _jdb_session 凭证已过期，自动清除过期凭证重试...
[2026-08-05 22:41:20] [INFO] [javdb_scraper.py:196] - 💾 [DB] 番号 [FWAY-075] 详细数据及磁力已成功存库
[2026-08-05 22:41:20] [INFO] [javdb_scraper.py:196] - 🔎 [2/20] 抓取详情: IPBZ-023 (https://javdb.com/v/4D4rJp)
[2026-08-05 22:41:22] [WARNING] [javdb_scraper.py:308] - ⚠️ 检测到 Cookie 中的 _jdb_session 凭证已过期，自动清除过期凭证重试...
[2026-08-05 22:41:23] [INFO] [javdb_scraper.py:196] - 💾 [DB] 番号 [IPBZ-023] 详细数据及磁力已成功存库
[2026-08-05 22:41:23] [INFO] [javdb_scraper.py:196] - 🔎 [3/20] 抓取详情: IPOK-015 (https://javdb.com/v/e87zER)
[2026-08-05 22:41:26] [WARNING] [javdb_scraper.py:308] - ⚠️ 检测到 Cookie 中的 _jdb_session 凭证已过期，自动清除过期凭证重试...
[2026-08-05 22:41:26] [INFO] [javdb_scraper.py:196] - 💾 [DB] 番号 [IPOK-015] 详细数据及磁力已成功存库
[2026-08-05 22:41:26] [INFO] [javdb_scraper.py:196] - 🔎 [4/20] 抓取详情: IPOK-020 (https://javdb.com/v/mObMVv)
[2026-08-05 22:41:29] [WARNING] [javdb_scraper.py:308] - ⚠️ 检测到 Cookie 中的 _jdb_session 凭证已过期，自动清除过期凭证重试...
[2026-08-05 22:41:30] [INFO] [javdb_scraper.py:196] - 💾 [DB] 番号 [IPOK-020] 详细数据及磁力已成功存库
[2026-08-05 22:41:30] [INFO] [javdb_scraper.py:196] - 🔎 [5/20] 抓取详情: IPVR-357 (https://javdb.com/v/96pBrq)
[2026-08-05 22:41:32] [INFO] [javdb_scraper.py:1344] - 📊 [115 Quota] 离线配额 -> 总量: 1500, 已用: 0, 剩余可用: 1500
[2026-08-05 22:41:32] [WARNING] [javdb_scraper.py:308] - ⚠️ 检测到 Cookie 中的 _jdb_session 凭证已过期，自动清除过期凭证重试...
[2026-08-05 22:41:33] [INFO] [javdb_scraper.py:196] - 💾 [DB] 番号 [IPVR-357] 详细数据及磁力已成功存库
[2026-08-05 22:41:33] [INFO] [javdb_scraper.py:196] - 🔎 [6/20] 抓取详情: IPZZ-688 (https://javdb.com/v/964wg6)
[2026-08-05 22:41:36] [WARNING] [javdb_scraper.py:308] - ⚠️ 检测到 Cookie 中的 _jdb_session 凭证已过期，自动清除过期凭证重试...
[2026-08-05 22:41:36] [INFO] [javdb_scraper.py:196] - 💾 [DB] 番号 [IPZZ-688] 详细数据及磁力已成功存库
[2026-08-05 22:41:36] [INFO] [javdb_scraper.py:196] - 🔎 [7/20] 抓取详情: IPZZ-689 (https://javdb.com/v/z4B71W)
[2026-08-05 22:41:39] [WARNING] [javdb_scraper.py:308] - ⚠️ 检测到 Cookie 中的 _jdb_session 凭证已过期，自动清除过期凭证重试...
[2026-08-05 22:41:39] [INFO] [javdb_scraper.py:196] - 💾 [DB] 番号 [IPZZ-689] 详细数据及磁力已成功存库
[2026-08-05 22:41:39] [INFO] [javdb_scraper.py:196] - 🔎 [8/20] 抓取详情: IPZZ-708 (https://javdb.com/v/pk4AOk)
[2026-08-05 22:41:42] [WARNING] [javdb_scraper.py:308] - ⚠️ 检测到 Cookie 中的 _jdb_session 凭证已过期，自动清除过期凭证重试...
[2026-08-05 22:41:42] [INFO] [javdb_scraper.py:196] - 💾 [DB] 番号 [IPZZ-708] 详细数据及磁力已成功存库
[2026-08-05 22:41:42] [INFO] [javdb_scraper.py:196] - 🔎 [9/20] 抓取详情: IPZZ-748 (https://javdb.com/v/QN2A7p)
[2026-08-05 22:41:44] [WARNING] [javdb_scraper.py:308] - ⚠️ 检测到 Cookie 中的 _jdb_session 凭证已过期，自动清除过期凭证重试...
[2026-08-05 22:41:45] [INFO] [javdb_scraper.py:196] - 💾 [DB] 番号 [IPZZ-748] 详细数据及磁力已成功存库
[2026-08-05 22:41:45] [INFO] [javdb_scraper.py:196] - 🔎 [10/20] 抓取详情: IPZZ-762 (https://javdb.com/v/MbK0B7)
[2026-08-05 22:41:48] [WARNING] [javdb_scraper.py:308] - ⚠️ 检测到 Cookie 中的 _jdb_session 凭证已过期，自动清除过期凭证重试...
[2026-08-05 22:41:48] [INFO] [javdb_scraper.py:196] - 💾 [DB] 番号 [IPZZ-762] 详细数据及磁力已成功存库
[2026-08-05 22:41:48] [INFO] [javdb_scraper.py:196] - 🔎 [11/20] 抓取详情: IPZZ-788 (https://javdb.com/v/pkeVwB)
[2026-08-05 22:41:48] [INFO] [javdb_scraper.py:378] - 🔍 [User] 正在请求个人中心校验 Cookie 权限...
[2026-08-05 22:41:51] [WARNING] [javdb_scraper.py:308] - ⚠️ 检测到 Cookie 中的 _jdb_session 凭证已过期，自动清除过期凭证重试...
[2026-08-05 22:41:51] [WARNING] [javdb_scraper.py:308] - ⚠️ 检测到 Cookie 中的 _jdb_session 凭证已过期，自动清除过期凭证重试...
[2026-08-05 22:41:52] [INFO] [javdb_scraper.py:196] - 💾 [DB] 番号 [IPZZ-788] 详细数据及磁力已成功存库
[2026-08-05 22:41:52] [INFO] [javdb_scraper.py:196] - 🔎 [12/20] 抓取详情: IPZZ-809 (https://javdb.com/v/WwrGVK)
[2026-08-05 22:41:55] [WARNING] [javdb_scraper.py:308] - ⚠️ 检测到 Cookie 中的 _jdb_session 凭证已过期，自动清除过期凭证重试...
[2026-08-05 22:41:56] [INFO] [javdb_scraper.py:196] - 💾 [DB] 番号 [IPZZ-809] 详细数据及磁力已成功存库
[2026-08-05 22:41:56] [INFO] [javdb_scraper.py:196] - 🔎 [13/20] 抓取详情: IPZZ-827 (https://javdb.com/v/OXrnmO)
[2026-08-05 22:41:58] [WARNING] [server.py:817] - 🧹 [Queue] 用户执行了一键清空队列，作废了 0 个排队任务
[2026-08-05 22:41:59] [WARNING] [javdb_scraper.py:308] - ⚠️ 检测到 Cookie 中的 _jdb_session 凭证已过期，自动清除过期凭证重试...
[2026-08-05 22:41:59] [INFO] [javdb_scraper.py:196] - 💾 [DB] 番号 [IPZZ-827] 详细数据及磁力已成功存库
[2026-08-05 22:41:59] [WARNING] [javdb_scraper.py:195] - 🛑 [Cancel Guard] 收到用户取消任务指令，中断详情抓取过程。
[2026-08-05 22:41:59] [WARNING] [server.py:206] - 🛑 [Queue] 任务 [820fd0e1] | 演员 [三澄寧々] - 智能增量更新 已成功中断终止
[2026-08-05 22:42:18] [INFO] [javdb_scraper.py:1344] - 📊 [115 Quota] 离线配额 -> 总量: 1500, 已用: 0, 剩余可用: 1500
[2026-08-05 22:42:20] [INFO] [javdb_scraper.py:378] - 🔍 [User] 正在请求个人中心校验 Cookie 权限...
[2026-08-05 22:42:23] [INFO] [javdb_scraper.py:386] - ✅ [User] Cookie 验证有效！
[2026-08-05 22:42:30] [INFO] [javdb_scraper.py:1127] - 🧹 [DB] 成功清空数据库，共删除 20 条影片记录
[2026-08-05 22:42:32] [INFO] [javdb_scraper.py:391] - 🎭 [User] 正在拉取用户订阅演员...
[2026-08-05 22:42:36] [INFO] [javdb_scraper.py:409] - ✅ [User] 成功拉取到 6 位已订阅演员
[2026-08-05 22:42:40] [INFO] [javdb_scraper.py:414] - 📋 [User] 正在拉取用户清单目录 (类型: mine)...
[2026-08-05 22:42:43] [INFO] [javdb_scraper.py:464] - ✅ [User] 成功拉取到 3 个 [mine] 清单
[2026-08-05 22:42:46] [INFO] [javdb_scraper.py:414] - 📋 [User] 正在拉取用户清单目录 (类型: favorite)...
[2026-08-05 22:42:49] [INFO] [javdb_scraper.py:464] - ✅ [User] 成功拉取到 1 个 [favorite] 清单
[2026-08-05 22:43:01] [INFO] [javdb_scraper.py:1344] - 📊 [115 Quota] 离线配额 -> 总量: 1500, 已用: 0, 剩余可用: 1500
[2026-08-05 22:43:17] [INFO] [javdb_scraper.py:1344] - 📊 [115 Quota] 离线配额 -> 总量: 1500, 已用: 0, 剩余可用: 1500
[2026-08-05 22:43:33] [INFO] [server.py:255] - 💾 已成功将 1 个定时任务持久化保存至 D:\JAVDB_AutoSpider_V1.2\backend\scheduled_jobs.json
[2026-08-05 22:43:37] [INFO] [server.py:137] - ▶️ [Queue] 开始执行队列任务 [list_cron_NwDvJ4] | [手动触发] 清单 [預設清單] - 智能增量更新
[2026-08-05 22:43:37] [INFO] [javdb_scraper.py:196] - 📄 [Scrape] 正在抓取索引页 [1]: https://javdb.com/users/list_detail?id=NwDvJ4&lst=0
[2026-08-05 22:43:40] [INFO] [javdb_scraper.py:739] - 📥 [DB] 索引记录批量存库成功 (1 条)
[2026-08-05 22:43:40] [INFO] [javdb_scraper.py:196] - 📥 [DB] 索引记录批量存库成功 (1 条)
[2026-08-05 22:43:40] [INFO] [javdb_scraper.py:196] - 🔚 [Scrape] 抓取至末页
[2026-08-05 22:43:40] [INFO] [javdb_scraper.py:196] - 🚀 [Scrape] 开始抓取待更新影片详情，总量: 1
[2026-08-05 22:43:40] [INFO] [javdb_scraper.py:196] - 🔎 [1/1] 抓取详情: MIUM-1445 (https://javdb.com/v/96Qq95)
[2026-08-05 22:43:42] [INFO] [javdb_scraper.py:196] - 💾 [DB] 番号 [MIUM-1445] 详细数据及磁力已成功存库
[2026-08-05 22:44:04] [INFO] [javdb_scraper.py:1344] - 📊 [115 Quota] 离线配额 -> 总量: 1500, 已用: 0, 剩余可用: 1500
[2026-08-05 22:45:06] [INFO] [javdb_scraper.py:1344] - 📊 [115 Quota] 离线配额 -> 总量: 1500, 已用: 0, 剩余可用: 1500
[2026-08-05 22:45:44] [INFO] [server.py:287] - ⏰ APScheduler 定时任务引擎已启动
[2026-08-05 22:45:44] [INFO] [server.py:300] - 🔄 [Lifespan] 自动成功恢复了 1 个持久化 Cron 定时任务！
[2026-08-05 22:45:44] [INFO] [server.py:303] - 📥 异步任务队列 Consumer 已就绪
[2026-08-05 22:46:04] [INFO] [javdb_scraper.py:1344] - 📊 [115 Quota] 离线配额 -> 总量: 1500, 已用: 0, 剩余可用: 1500
[2026-08-05 22:46:38] [INFO] [javdb_scraper.py:378] - 🔍 [User] 正在请求个人中心校验 Cookie 权限...
[2026-08-05 22:46:40] [INFO] [javdb_scraper.py:386] - ✅ [User] Cookie 验证有效！
[2026-08-05 22:46:49] [INFO] [javdb_scraper.py:391] - 🎭 [User] 正在拉取用户订阅演员...
[2026-08-05 22:46:52] [INFO] [javdb_scraper.py:409] - ✅ [User] 成功拉取到 6 位已订阅演员
[2026-08-05 22:47:02] [INFO] [server.py:255] - 💾 已成功将 2 个定时任务持久化保存至 D:\JAVDB_AutoSpider_V1.2\backend\scheduled_jobs.json
[2026-08-05 22:47:07] [INFO] [server.py:137] - ▶️ [Queue] 开始执行队列任务 [actor_cron___] | [手动触发] 演员 [音梓] - 定时全量抓取
[2026-08-05 22:47:07] [INFO] [javdb_scraper.py:196] - 📄 [Scrape] 正在抓取索引页 [1]: https://javdb.com/actors/XxvJ
[2026-08-05 22:47:11] [INFO] [javdb_scraper.py:739] - 📥 [DB] 索引记录批量存库成功 (29 条)
[2026-08-05 22:47:11] [INFO] [javdb_scraper.py:196] - 📥 [DB] 索引记录批量存库成功 (29 条)
[2026-08-05 22:47:11] [INFO] [javdb_scraper.py:196] - 🔚 [Scrape] 抓取至末页
[2026-08-05 22:47:11] [INFO] [javdb_scraper.py:196] - 🚀 [Scrape] 开始抓取待更新影片详情，总量: 29
[2026-08-05 22:47:11] [INFO] [javdb_scraper.py:196] - 🔎 [1/29] 抓取详情: ATKD-289 (https://javdb.com/v/AQeyn)
[2026-08-05 22:47:14] [INFO] [javdb_scraper.py:196] - 💾 [DB] 番号 [ATKD-289] 详细数据及磁力已成功存库
[2026-08-05 22:47:14] [INFO] [javdb_scraper.py:196] - 🔎 [2/29] 抓取详情: ATKD-302 (https://javdb.com/v/GPQ22)
[2026-08-05 22:47:17] [INFO] [javdb_scraper.py:196] - 💾 [DB] 番号 [ATKD-302] 详细数据及磁力已成功存库
[2026-08-05 22:47:17] [INFO] [javdb_scraper.py:196] - 🔎 [3/29] 抓取详情: ATKD-311 (https://javdb.com/v/9GmwE)
[2026-08-05 22:47:20] [INFO] [javdb_scraper.py:196] - 💾 [DB] 番号 [ATKD-311] 详细数据及磁力已成功存库
[2026-08-05 22:47:20] [INFO] [javdb_scraper.py:196] - 🔎 [4/29] 抓取详情: ATKD-313 (https://javdb.com/v/7avGB)
[2026-08-05 22:47:22] [INFO] [javdb_scraper.py:196] - 💾 [DB] 番号 [ATKD-313] 详细数据及磁力已成功存库
[2026-08-05 22:47:22] [INFO] [javdb_scraper.py:196] - 🔎 [5/29] 抓取详情: FC2-1062588 (https://javdb.com/v/8qRkO)
[2026-08-05 22:47:25] [WARNING] [javdb_scraper.py:195] - 🔒 [Paywall Guard] 番号 [FC2-1062588] 触发 VIP 权限限制重定向 (https://javdb.com/plans/ypay)，标记为已尝试，以后不再重复抓取。
[2026-08-05 22:47:25] [INFO] [javdb_scraper.py:651] - 🔒 [DB] 番号 [FC2-1062588] 已标记为 is_vip_blocked = 1 (自动在前端海报墙隐匿，且防止重复探寻)
[2026-08-05 22:47:25] [INFO] [javdb_scraper.py:196] - 🔎 [6/29] 抓取详情: FC2-1066192 (https://javdb.com/v/YrO8x)
[2026-08-05 22:47:29] [WARNING] [javdb_scraper.py:195] - 🔒 [Paywall Guard] 番号 [FC2-1066192] 触发 VIP 权限限制重定向 (https://javdb.com/plans/ypay)，标记为已尝试，以后不再重复抓取。
[2026-08-05 22:47:29] [INFO] [javdb_scraper.py:651] - 🔒 [DB] 番号 [FC2-1066192] 已标记为 is_vip_blocked = 1 (自动在前端海报墙隐匿，且防止重复探寻)
[2026-08-05 22:47:29] [INFO] [javdb_scraper.py:196] - 🔎 [7/29] 抓取详情: FC2-1083921 (https://javdb.com/v/14ZrZ)
[2026-08-05 22:47:31] [WARNING] [javdb_scraper.py:195] - 🔒 [Paywall Guard] 番号 [FC2-1083921] 触发 VIP 权限限制重定向 (https://javdb.com/plans/ypay)，标记为已尝试，以后不再重复抓取。
[2026-08-05 22:47:31] [INFO] [javdb_scraper.py:651] - 🔒 [DB] 番号 [FC2-1083921] 已标记为 is_vip_blocked = 1 (自动在前端海报墙隐匿，且防止重复探寻)
[2026-08-05 22:47:31] [INFO] [javdb_scraper.py:196] - 🔎 [8/29] 抓取详情: FC2-1100033 (https://javdb.com/v/9q8gX)
[2026-08-05 22:47:35] [WARNING] [javdb_scraper.py:195] - 🔒 [Paywall Guard] 番号 [FC2-1100033] 触发 VIP 权限限制重定向 (https://javdb.com/plans/ypay)，标记为已尝试，以后不再重复抓取。
[2026-08-05 22:47:35] [INFO] [javdb_scraper.py:651] - 🔒 [DB] 番号 [FC2-1100033] 已标记为 is_vip_blocked = 1 (自动在前端海报墙隐匿，且防止重复探寻)
[2026-08-05 22:47:35] [INFO] [javdb_scraper.py:196] - 🔎 [9/29] 抓取详情: FC2-1100498 (https://javdb.com/v/E6Q14)
[2026-08-05 22:47:38] [WARNING] [javdb_scraper.py:195] - 🔒 [Paywall Guard] 番号 [FC2-1100498] 触发 VIP 权限限制重定向 (https://javdb.com/plans/ypay)，标记为已尝试，以后不再重复抓取。
[2026-08-05 22:47:38] [INFO] [javdb_scraper.py:651] - 🔒 [DB] 番号 [FC2-1100498] 已标记为 is_vip_blocked = 1 (自动在前端海报墙隐匿，且防止重复探寻)
[2026-08-05 22:47:38] [INFO] [javdb_scraper.py:196] - 🔎 [10/29] 抓取详情: FC2-1110408 (https://javdb.com/v/gqZ7G)
[2026-08-05 22:47:41] [WARNING] [javdb_scraper.py:195] - 🔒 [Paywall Guard] 番号 [FC2-1110408] 触发 VIP 权限限制重定向 (https://javdb.com/plans/ypay)，标记为已尝试，以后不再重复抓取。
[2026-08-05 22:47:41] [INFO] [javdb_scraper.py:651] - 🔒 [DB] 番号 [FC2-1110408] 已标记为 is_vip_blocked = 1 (自动在前端海报墙隐匿，且防止重复探寻)
[2026-08-05 22:47:41] [INFO] [javdb_scraper.py:196] - 🔎 [11/29] 抓取详情: FC2-1135604 (https://javdb.com/v/2qpEW)
[2026-08-05 22:47:44] [WARNING] [javdb_scraper.py:195] - 🔒 [Paywall Guard] 番号 [FC2-1135604] 触发 VIP 权限限制重定向 (https://javdb.com/plans/ypay)，标记为已尝试，以后不再重复抓取。
[2026-08-05 22:47:44] [INFO] [javdb_scraper.py:651] - 🔒 [DB] 番号 [FC2-1135604] 已标记为 is_vip_blocked = 1 (自动在前端海报墙隐匿，且防止重复探寻)
[2026-08-05 22:47:44] [INFO] [javdb_scraper.py:196] - 🔎 [12/29] 抓取详情: FC2-1314418 (https://javdb.com/v/Kr8Kv)
[2026-08-05 22:47:46] [WARNING] [javdb_scraper.py:195] - 🔒 [Paywall Guard] 番号 [FC2-1314418] 触发 VIP 权限限制重定向 (https://javdb.com/plans/ypay)，标记为已尝试，以后不再重复抓取。
[2026-08-05 22:47:46] [INFO] [javdb_scraper.py:651] - 🔒 [DB] 番号 [FC2-1314418] 已标记为 is_vip_blocked = 1 (自动在前端海报墙隐匿，且防止重复探寻)
[2026-08-05 22:47:46] [INFO] [javdb_scraper.py:196] - 🔎 [13/29] 抓取详情: FC2-1625020 (https://javdb.com/v/8w4Md)
[2026-08-05 22:47:49] [WARNING] [javdb_scraper.py:195] - 🔒 [Paywall Guard] 番号 [FC2-1625020] 触发 VIP 权限限制重定向 (https://javdb.com/plans/ypay)，标记为已尝试，以后不再重复抓取。
[2026-08-05 22:47:49] [INFO] [javdb_scraper.py:651] - 🔒 [DB] 番号 [FC2-1625020] 已标记为 is_vip_blocked = 1 (自动在前端海报墙隐匿，且防止重复探寻)
[2026-08-05 22:47:49] [INFO] [javdb_scraper.py:196] - 🔎 [14/29] 抓取详情: FCP-058 (https://javdb.com/v/mBr2n)
[2026-08-05 22:47:53] [INFO] [javdb_scraper.py:196] - 💾 [DB] 番号 [FCP-058] 详细数据及磁力已成功存库
[2026-08-05 22:47:53] [INFO] [javdb_scraper.py:196] - 🔎 [15/29] 抓取详情: IPX-262 (https://javdb.com/v/rqGWJ)
[2026-08-05 22:47:56] [INFO] [javdb_scraper.py:196] - 💾 [DB] 番号 [IPX-262] 详细数据及磁力已成功存库
[2026-08-05 22:47:56] [INFO] [javdb_scraper.py:196] - 🔎 [16/29] 抓取详情: MAAN-678 (https://javdb.com/v/ApQqy)
[2026-08-05 22:47:59] [INFO] [javdb_scraper.py:196] - 💾 [DB] 番号 [MAAN-678] 详细数据及磁力已成功存库
[2026-08-05 22:47:59] [INFO] [javdb_scraper.py:196] - 🔎 [17/29] 抓取详情: NTK-548 (https://javdb.com/v/vpePz)
[2026-08-05 22:48:02] [INFO] [javdb_scraper.py:196] - 💾 [DB] 番号 [NTK-548] 详细数据及磁力已成功存库
[2026-08-05 22:48:02] [INFO] [javdb_scraper.py:196] - 🔎 [18/29] 抓取详情: OFJE-199 (https://javdb.com/v/pP5zm)
[2026-08-05 22:48:04] [INFO] [javdb_scraper.py:196] - 💾 [DB] 番号 [OFJE-199] 详细数据及磁力已成功存库
[2026-08-05 22:48:04] [INFO] [javdb_scraper.py:196] - 🔎 [19/29] 抓取详情: OFJE-218 (https://javdb.com/v/Op610)
[2026-08-05 22:48:07] [INFO] [javdb_scraper.py:196] - 💾 [DB] 番号 [OFJE-218] 详细数据及磁力已成功存库
[2026-08-05 22:48:07] [INFO] [javdb_scraper.py:196] - 🔎 [20/29] 抓取详情: OFJE-397 (https://javdb.com/v/E2mk99)
[2026-08-05 22:48:10] [INFO] [javdb_scraper.py:196] - 💾 [DB] 番号 [OFJE-397] 详细数据及磁力已成功存库
[2026-08-05 22:48:10] [INFO] [javdb_scraper.py:196] - 🔎 [21/29] 抓取详情: OFJE-450 (https://javdb.com/v/Kkknz7)
[2026-08-05 22:48:13] [INFO] [javdb_scraper.py:196] - 💾 [DB] 番号 [OFJE-450] 详细数据及磁力已成功存库
[2026-08-05 22:48:13] [INFO] [javdb_scraper.py:196] - 🔎 [22/29] 抓取详情: SHKD-831 (https://javdb.com/v/ARYQq)
[2026-08-05 22:48:15] [INFO] [javdb_scraper.py:196] - 💾 [DB] 番号 [SHKD-831] 详细数据及磁力已成功存库
[2026-08-05 22:48:15] [INFO] [javdb_scraper.py:196] - 🔎 [23/29] 抓取详情: SHKD-841 (https://javdb.com/v/xDYeP)
[2026-08-05 22:48:18] [INFO] [javdb_scraper.py:196] - 💾 [DB] 番号 [SHKD-841] 详细数据及磁力已成功存库
[2026-08-05 22:48:18] [INFO] [javdb_scraper.py:196] - 🔎 [24/29] 抓取详情: SSNI-253 (https://javdb.com/v/deyz0)
[2026-08-05 22:48:20] [INFO] [javdb_scraper.py:196] - 💾 [DB] 番号 [SSNI-253] 详细数据及磁力已成功存库
[2026-08-05 22:48:20] [INFO] [javdb_scraper.py:196] - 🔎 [25/29] 抓取详情: SSNI-277 (https://javdb.com/v/qAmvD)
[2026-08-05 22:48:22] [INFO] [javdb_scraper.py:196] - 💾 [DB] 番号 [SSNI-277] 详细数据及磁力已成功存库
[2026-08-05 22:48:22] [INFO] [javdb_scraper.py:196] - 🔎 [26/29] 抓取详情: SSNI-299 (https://javdb.com/v/QNwbG)
[2026-08-05 22:48:25] [INFO] [javdb_scraper.py:196] - 💾 [DB] 番号 [SSNI-299] 详细数据及磁力已成功存库
[2026-08-05 22:48:25] [INFO] [javdb_scraper.py:196] - 🔎 [27/29] 抓取详情: SSNI-319 (https://javdb.com/v/828EE)
[2026-08-05 22:48:28] [INFO] [javdb_scraper.py:196] - 💾 [DB] 番号 [SSNI-319] 详细数据及磁力已成功存库
[2026-08-05 22:48:28] [INFO] [javdb_scraper.py:196] - 🔎 [28/29] 抓取详情: SSNI-341 (https://javdb.com/v/Rkw8R)
[2026-08-05 22:48:30] [INFO] [javdb_scraper.py:196] - 💾 [DB] 番号 [SSNI-341] 详细数据及磁力已成功存库
[2026-08-05 22:48:30] [INFO] [javdb_scraper.py:196] - 🔎 [29/29] 抓取详情: SSNI-363 (https://javdb.com/v/byqGE)
[2026-08-05 22:48:33] [INFO] [javdb_scraper.py:196] - 💾 [DB] 番号 [SSNI-363] 详细数据及磁力已成功存库
[2026-08-05 22:48:35] [INFO] [javdb_scraper.py:1344] - 📊 [115 Quota] 离线配额 -> 总量: 1500, 已用: 0, 剩余可用: 1500
[2026-08-05 22:48:43] [INFO] [javdb_scraper.py:1077] - 🚀 [115 Gateway] 提交离线任务到 115 网关 | 保存路径: /有码/音あずさ/中字有码/2026-08-05
[2026-08-05 22:48:51] [INFO] [javdb_scraper.py:1081] - ✅ [115 Gateway] 网关返回结果: {"code":0,"message":"处理完成。成功: 1 个任务，失败: 0 个任务","data":{"total":1,"success_count":1,"failed_count":0,"failed_details":[],"wp_path":"/有码/音あずさ/中字有码/2026-08-05","wp_path_id":"3489034547452970847"}}
[2026-08-05 22:48:51] [INFO] [javdb_scraper.py:1104] - 📝 [Push History] 记录番号 [SSNI-299] 离线任务 (Hash: 2aa4a099447827b8df25a3ac04c85d547d9a7f34)
[2026-08-05 22:49:29] [INFO] [javdb_scraper.py:1077] - 🚀 [115 Gateway] 提交离线任务到 115 网关 | 保存路径: /有码/音あずさ/普通磁力/2026-08-05
[2026-08-05 22:49:35] [INFO] [javdb_scraper.py:1081] - ✅ [115 Gateway] 网关返回结果: {"code":0,"message":"处理完成。成功: 1 个任务，失败: 0 个任务","data":{"total":1,"success_count":1,"failed_count":0,"failed_details":[],"wp_path":"/有码/音あずさ/普通磁力/2026-08-05","wp_path_id":"3489034922306307794"}}
[2026-08-05 22:49:35] [INFO] [javdb_scraper.py:1104] - 📝 [Push History] 记录番号 [SSNI-299] 离线任务 (Hash: baed65f3952bc746cbd41a7196f0e4470176ef4b)
[2026-08-05 22:49:45] [INFO] [javdb_scraper.py:1344] - 📊 [115 Quota] 离线配额 -> 总量: 1500, 已用: 2, 剩余可用: 1498
[2026-08-05 22:51:20] [INFO] [server.py:255] - 💾 已成功将 1 个定时任务持久化保存至 D:\JAVDB_AutoSpider_V1.2\backend\scheduled_jobs.json
[2026-08-05 22:51:21] [INFO] [server.py:255] - 💾 已成功将 0 个定时任务持久化保存至 D:\JAVDB_AutoSpider_V1.2\backend\scheduled_jobs.json
[2026-08-05 22:54:15] [INFO] [javdb_scraper.py:1115] - 🗑️ [DB] 成功从数据库删除番号 [SSNI-341] 的影片记录
[2026-08-05 22:54:23] [INFO] [javdb_scraper.py:414] - 📋 [User] 正在拉取用户清单目录 (类型: mine)...
[2026-08-05 22:54:25] [INFO] [javdb_scraper.py:464] - ✅ [User] 成功拉取到 3 个 [mine] 清单
[2026-08-05 22:55:31] [INFO] [javdb_scraper.py:1127] - 🧹 [DB] 成功清空数据库，共删除 29 条影片记录
[2026-08-05 22:55:42] [INFO] [server.py:255] - 💾 已成功将 1 个定时任务持久化保存至 D:\JAVDB_AutoSpider_V1.2\backend\scheduled_jobs.json
[2026-08-05 22:56:58] [INFO] [server.py:255] - 💾 已成功将 0 个定时任务持久化保存至 D:\JAVDB_AutoSpider_V1.2\backend\scheduled_jobs.json
[2026-08-05 22:57:07] [INFO] [javdb_scraper.py:1344] - 📊 [115 Quota] 离线配额 -> 总量: 1500, 已用: 2, 剩余可用: 1498
[2026-08-05 22:58:37] [INFO] [server.py:255] - 💾 已成功将 1 个定时任务持久化保存至 D:\JAVDB_AutoSpider_V1.2\backend\scheduled_jobs.json
[2026-08-05 22:58:46] [INFO] [javdb_scraper.py:1344] - 📊 [115 Quota] 离线配额 -> 总量: 1500, 已用: 2, 剩余可用: 1498
[2026-08-05 22:59:12] [INFO] [javdb_scraper.py:414] - 📋 [User] 正在拉取用户清单目录 (类型: mine)...
[2026-08-05 22:59:15] [INFO] [javdb_scraper.py:464] - ✅ [User] 成功拉取到 3 个 [mine] 清单
[2026-08-05 22:59:21] [INFO] [server.py:255] - 💾 已成功将 2 个定时任务持久化保存至 D:\JAVDB_AutoSpider_V1.2\backend\scheduled_jobs.json
[2026-08-05 22:59:21] [INFO] [server.py:255] - 💾 已成功将 3 个定时任务持久化保存至 D:\JAVDB_AutoSpider_V1.2\backend\scheduled_jobs.json
[2026-08-05 23:00:00] [INFO] [server.py:822] - ⏰ [Cron 定时任务触发] ID: actor_cron___ | 演员 [音梓] - 定时智能增量
[2026-08-05 23:00:00] [INFO] [javdb_scraper.py:196] - 📄 [Scrape] 正在抓取索引页 [1]: https://javdb.com/actors/XxvJ
[2026-08-05 23:00:03] [INFO] [javdb_scraper.py:739] - 📥 [DB] 索引记录批量存库成功 (29 条)
[2026-08-05 23:00:03] [INFO] [javdb_scraper.py:196] - 📥 [DB] 索引记录批量存库成功 (29 条)
[2026-08-05 23:00:03] [INFO] [javdb_scraper.py:196] - 🔚 [Scrape] 抓取至末页
[2026-08-05 23:00:03] [INFO] [javdb_scraper.py:196] - 🚀 [Scrape] 开始抓取待更新影片详情，总量: 29
[2026-08-05 23:00:03] [INFO] [javdb_scraper.py:196] - 🔎 [1/29] 抓取详情: ATKD-289 (https://javdb.com/v/AQeyn)
[2026-08-05 23:00:05] [INFO] [javdb_scraper.py:196] - 💾 [DB] 番号 [ATKD-289] 详细数据及磁力已成功存库
[2026-08-05 23:00:05] [INFO] [javdb_scraper.py:196] - 🔎 [2/29] 抓取详情: ATKD-302 (https://javdb.com/v/GPQ22)
[2026-08-05 23:00:09] [INFO] [javdb_scraper.py:196] - 💾 [DB] 番号 [ATKD-302] 详细数据及磁力已成功存库
[2026-08-05 23:00:09] [INFO] [javdb_scraper.py:196] - 🔎 [3/29] 抓取详情: ATKD-311 (https://javdb.com/v/9GmwE)
[2026-08-05 23:00:11] [INFO] [javdb_scraper.py:196] - 💾 [DB] 番号 [ATKD-311] 详细数据及磁力已成功存库
[2026-08-05 23:00:11] [INFO] [javdb_scraper.py:196] - 🔎 [4/29] 抓取详情: ATKD-313 (https://javdb.com/v/7avGB)
[2026-08-05 23:00:14] [INFO] [javdb_scraper.py:196] - 💾 [DB] 番号 [ATKD-313] 详细数据及磁力已成功存库
[2026-08-05 23:00:14] [INFO] [javdb_scraper.py:196] - 🔎 [5/29] 抓取详情: FC2-1062588 (https://javdb.com/v/8qRkO)
[2026-08-05 23:00:16] [WARNING] [javdb_scraper.py:195] - 🔒 [Paywall Guard] 番号 [FC2-1062588] 触发 VIP 权限限制重定向 (https://javdb.com/plans/ypay)，标记为已尝试，以后不再重复抓取。
[2026-08-05 23:00:16] [INFO] [javdb_scraper.py:651] - 🔒 [DB] 番号 [FC2-1062588] 已标记为 is_vip_blocked = 1 (自动在前端海报墙隐匿，且防止重复探寻)
[2026-08-05 23:00:16] [INFO] [javdb_scraper.py:196] - 🔎 [6/29] 抓取详情: FC2-1066192 (https://javdb.com/v/YrO8x)
[2026-08-05 23:00:20] [WARNING] [javdb_scraper.py:195] - 🔒 [Paywall Guard] 番号 [FC2-1066192] 触发 VIP 权限限制重定向 (https://javdb.com/plans/ypay)，标记为已尝试，以后不再重复抓取。
[2026-08-05 23:00:20] [INFO] [javdb_scraper.py:651] - 🔒 [DB] 番号 [FC2-1066192] 已标记为 is_vip_blocked = 1 (自动在前端海报墙隐匿，且防止重复探寻)
[2026-08-05 23:00:20] [INFO] [javdb_scraper.py:196] - 🔎 [7/29] 抓取详情: FC2-1083921 (https://javdb.com/v/14ZrZ)
[2026-08-05 23:00:22] [WARNING] [javdb_scraper.py:195] - 🔒 [Paywall Guard] 番号 [FC2-1083921] 触发 VIP 权限限制重定向 (https://javdb.com/plans/ypay)，标记为已尝试，以后不再重复抓取。
[2026-08-05 23:00:22] [INFO] [javdb_scraper.py:651] - 🔒 [DB] 番号 [FC2-1083921] 已标记为 is_vip_blocked = 1 (自动在前端海报墙隐匿，且防止重复探寻)
[2026-08-05 23:00:22] [INFO] [javdb_scraper.py:196] - 🔎 [8/29] 抓取详情: FC2-1100033 (https://javdb.com/v/9q8gX)
[2026-08-05 23:00:25] [WARNING] [javdb_scraper.py:195] - 🔒 [Paywall Guard] 番号 [FC2-1100033] 触发 VIP 权限限制重定向 (https://javdb.com/plans/ypay)，标记为已尝试，以后不再重复抓取。
[2026-08-05 23:00:25] [INFO] [javdb_scraper.py:651] - 🔒 [DB] 番号 [FC2-1100033] 已标记为 is_vip_blocked = 1 (自动在前端海报墙隐匿，且防止重复探寻)
[2026-08-05 23:00:25] [INFO] [javdb_scraper.py:196] - 🔎 [9/29] 抓取详情: FC2-1100498 (https://javdb.com/v/E6Q14)
[2026-08-05 23:00:28] [WARNING] [javdb_scraper.py:195] - 🔒 [Paywall Guard] 番号 [FC2-1100498] 触发 VIP 权限限制重定向 (https://javdb.com/plans/ypay)，标记为已尝试，以后不再重复抓取。
[2026-08-05 23:00:28] [INFO] [javdb_scraper.py:651] - 🔒 [DB] 番号 [FC2-1100498] 已标记为 is_vip_blocked = 1 (自动在前端海报墙隐匿，且防止重复探寻)
[2026-08-05 23:00:28] [INFO] [javdb_scraper.py:196] - 🔎 [10/29] 抓取详情: FC2-1110408 (https://javdb.com/v/gqZ7G)
[2026-08-05 23:00:31] [WARNING] [javdb_scraper.py:195] - 🔒 [Paywall Guard] 番号 [FC2-1110408] 触发 VIP 权限限制重定向 (https://javdb.com/plans/ypay)，标记为已尝试，以后不再重复抓取。
[2026-08-05 23:00:31] [INFO] [javdb_scraper.py:651] - 🔒 [DB] 番号 [FC2-1110408] 已标记为 is_vip_blocked = 1 (自动在前端海报墙隐匿，且防止重复探寻)
[2026-08-05 23:00:31] [INFO] [javdb_scraper.py:196] - 🔎 [11/29] 抓取详情: FC2-1135604 (https://javdb.com/v/2qpEW)
[2026-08-05 23:00:34] [WARNING] [javdb_scraper.py:195] - 🔒 [Paywall Guard] 番号 [FC2-1135604] 触发 VIP 权限限制重定向 (https://javdb.com/plans/ypay)，标记为已尝试，以后不再重复抓取。
[2026-08-05 23:00:34] [INFO] [javdb_scraper.py:651] - 🔒 [DB] 番号 [FC2-1135604] 已标记为 is_vip_blocked = 1 (自动在前端海报墙隐匿，且防止重复探寻)
[2026-08-05 23:00:34] [INFO] [javdb_scraper.py:196] - 🔎 [12/29] 抓取详情: FC2-1314418 (https://javdb.com/v/Kr8Kv)
[2026-08-05 23:00:37] [WARNING] [javdb_scraper.py:195] - 🔒 [Paywall Guard] 番号 [FC2-1314418] 触发 VIP 权限限制重定向 (https://javdb.com/plans/ypay)，标记为已尝试，以后不再重复抓取。
[2026-08-05 23:00:37] [INFO] [javdb_scraper.py:651] - 🔒 [DB] 番号 [FC2-1314418] 已标记为 is_vip_blocked = 1 (自动在前端海报墙隐匿，且防止重复探寻)
[2026-08-05 23:00:37] [INFO] [javdb_scraper.py:196] - 🔎 [13/29] 抓取详情: FC2-1625020 (https://javdb.com/v/8w4Md)
[2026-08-05 23:00:39] [WARNING] [javdb_scraper.py:195] - 🔒 [Paywall Guard] 番号 [FC2-1625020] 触发 VIP 权限限制重定向 (https://javdb.com/plans/ypay)，标记为已尝试，以后不再重复抓取。
[2026-08-05 23:00:39] [INFO] [javdb_scraper.py:651] - 🔒 [DB] 番号 [FC2-1625020] 已标记为 is_vip_blocked = 1 (自动在前端海报墙隐匿，且防止重复探寻)
[2026-08-05 23:00:39] [INFO] [javdb_scraper.py:196] - 🔎 [14/29] 抓取详情: FCP-058 (https://javdb.com/v/mBr2n)
[2026-08-05 23:00:41] [INFO] [javdb_scraper.py:196] - 💾 [DB] 番号 [FCP-058] 详细数据及磁力已成功存库
[2026-08-05 23:00:41] [INFO] [javdb_scraper.py:196] - 🔎 [15/29] 抓取详情: IPX-262 (https://javdb.com/v/rqGWJ)
[2026-08-05 23:00:44] [INFO] [javdb_scraper.py:196] - 💾 [DB] 番号 [IPX-262] 详细数据及磁力已成功存库
[2026-08-05 23:00:44] [INFO] [javdb_scraper.py:196] - 🔎 [16/29] 抓取详情: MAAN-678 (https://javdb.com/v/ApQqy)
[2026-08-05 23:00:47] [INFO] [javdb_scraper.py:196] - 💾 [DB] 番号 [MAAN-678] 详细数据及磁力已成功存库
[2026-08-05 23:00:47] [INFO] [javdb_scraper.py:196] - 🔎 [17/29] 抓取详情: NTK-548 (https://javdb.com/v/vpePz)
[2026-08-05 23:00:49] [INFO] [javdb_scraper.py:196] - 💾 [DB] 番号 [NTK-548] 详细数据及磁力已成功存库
[2026-08-05 23:00:49] [INFO] [javdb_scraper.py:196] - 🔎 [18/29] 抓取详情: OFJE-199 (https://javdb.com/v/pP5zm)
[2026-08-05 23:00:52] [INFO] [javdb_scraper.py:196] - 💾 [DB] 番号 [OFJE-199] 详细数据及磁力已成功存库
[2026-08-05 23:00:52] [INFO] [javdb_scraper.py:196] - 🔎 [19/29] 抓取详情: OFJE-218 (https://javdb.com/v/Op610)
[2026-08-05 23:00:55] [INFO] [javdb_scraper.py:196] - 💾 [DB] 番号 [OFJE-218] 详细数据及磁力已成功存库
[2026-08-05 23:00:55] [INFO] [javdb_scraper.py:196] - 🔎 [20/29] 抓取详情: OFJE-397 (https://javdb.com/v/E2mk99)
[2026-08-05 23:00:58] [INFO] [javdb_scraper.py:196] - 💾 [DB] 番号 [OFJE-397] 详细数据及磁力已成功存库
[2026-08-05 23:00:58] [INFO] [javdb_scraper.py:196] - 🔎 [21/29] 抓取详情: OFJE-450 (https://javdb.com/v/Kkknz7)
[2026-08-05 23:01:01] [INFO] [javdb_scraper.py:196] - 💾 [DB] 番号 [OFJE-450] 详细数据及磁力已成功存库
[2026-08-05 23:01:01] [INFO] [javdb_scraper.py:196] - 🔎 [22/29] 抓取详情: SHKD-831 (https://javdb.com/v/ARYQq)
[2026-08-05 23:01:03] [INFO] [javdb_scraper.py:196] - 💾 [DB] 番号 [SHKD-831] 详细数据及磁力已成功存库
[2026-08-05 23:01:03] [INFO] [javdb_scraper.py:196] - 🔎 [23/29] 抓取详情: SHKD-841 (https://javdb.com/v/xDYeP)
[2026-08-05 23:01:06] [INFO] [javdb_scraper.py:196] - 💾 [DB] 番号 [SHKD-841] 详细数据及磁力已成功存库
[2026-08-05 23:01:06] [INFO] [javdb_scraper.py:196] - 🔎 [24/29] 抓取详情: SSNI-253 (https://javdb.com/v/deyz0)
[2026-08-05 23:01:09] [INFO] [javdb_scraper.py:196] - 💾 [DB] 番号 [SSNI-253] 详细数据及磁力已成功存库
[2026-08-05 23:01:09] [INFO] [javdb_scraper.py:196] - 🔎 [25/29] 抓取详情: SSNI-277 (https://javdb.com/v/qAmvD)
[2026-08-05 23:01:12] [INFO] [javdb_scraper.py:196] - 💾 [DB] 番号 [SSNI-277] 详细数据及磁力已成功存库
[2026-08-05 23:01:12] [INFO] [javdb_scraper.py:196] - 🔎 [26/29] 抓取详情: SSNI-299 (https://javdb.com/v/QNwbG)
[2026-08-05 23:01:14] [INFO] [javdb_scraper.py:196] - 💾 [DB] 番号 [SSNI-299] 详细数据及磁力已成功存库
[2026-08-05 23:01:14] [INFO] [javdb_scraper.py:196] - 🔎 [27/29] 抓取详情: SSNI-319 (https://javdb.com/v/828EE)
[2026-08-05 23:01:17] [INFO] [javdb_scraper.py:196] - 💾 [DB] 番号 [SSNI-319] 详细数据及磁力已成功存库
[2026-08-05 23:01:17] [INFO] [javdb_scraper.py:196] - 🔎 [28/29] 抓取详情: SSNI-341 (https://javdb.com/v/Rkw8R)
[2026-08-05 23:01:20] [INFO] [javdb_scraper.py:196] - 💾 [DB] 番号 [SSNI-341] 详细数据及磁力已成功存库
[2026-08-05 23:01:20] [INFO] [javdb_scraper.py:196] - 🔎 [29/29] 抓取详情: SSNI-363 (https://javdb.com/v/byqGE)
[2026-08-05 23:01:23] [INFO] [javdb_scraper.py:196] - 💾 [DB] 番号 [SSNI-363] 详细数据及磁力已成功存库
[2026-08-05 23:01:23] [INFO] [server.py:849] - ✅ [Cron 定时任务完成] ID: actor_cron___
[2026-08-05 23:01:44] [INFO] [server.py:137] - ▶️ [Queue] 开始执行队列任务 [list_cron_452GVp] | [手动触发] 清单 [21321] - 智能增量更新
[2026-08-05 23:01:44] [INFO] [javdb_scraper.py:196] - 📄 [Scrape] 正在抓取索引页 [1]: https://javdb.com/lists/452GVp?lst=0
[2026-08-05 23:01:47] [INFO] [javdb_scraper.py:739] - 📥 [DB] 索引记录批量存库成功 (5 条)
[2026-08-05 23:01:47] [INFO] [javdb_scraper.py:196] - 📥 [DB] 索引记录批量存库成功 (5 条)
[2026-08-05 23:01:47] [INFO] [javdb_scraper.py:196] - 🔚 [Scrape] 抓取至末页
[2026-08-05 23:01:47] [INFO] [javdb_scraper.py:196] - 🚀 [Scrape] 开始抓取待更新影片详情，总量: 5
[2026-08-05 23:01:47] [INFO] [javdb_scraper.py:196] - 🔎 [1/5] 抓取详情: LUXU-1891 (https://javdb.com/v/yxYR0W)
[2026-08-05 23:01:49] [INFO] [javdb_scraper.py:196] - 💾 [DB] 番号 [LUXU-1891] 详细数据及磁力已成功存库
[2026-08-05 23:01:49] [INFO] [javdb_scraper.py:196] - 🔎 [2/5] 抓取详情: MIUM-1445 (https://javdb.com/v/96Qq95)
[2026-08-05 23:01:52] [INFO] [javdb_scraper.py:196] - 💾 [DB] 番号 [MIUM-1445] 详细数据及磁力已成功存库
[2026-08-05 23:01:52] [INFO] [javdb_scraper.py:196] - 🔎 [3/5] 抓取详情: OFJE-540 (https://javdb.com/v/r3D57z)
[2026-08-05 23:01:55] [INFO] [javdb_scraper.py:196] - 💾 [DB] 番号 [OFJE-540] 详细数据及磁力已成功存库
[2026-08-05 23:01:55] [INFO] [javdb_scraper.py:196] - 🔎 [4/5] 抓取详情: OFJE-543 (https://javdb.com/v/dezWBM)
[2026-08-05 23:01:57] [INFO] [javdb_scraper.py:196] - 💾 [DB] 番号 [OFJE-543] 详细数据及磁力已成功存库
[2026-08-05 23:01:57] [INFO] [javdb_scraper.py:196] - 🔎 [5/5] 抓取详情: SNOS-258 (https://javdb.com/v/Ww7RYR)
[2026-08-05 23:02:00] [INFO] [javdb_scraper.py:196] - 💾 [DB] 番号 [SNOS-258] 详细数据及磁力已成功存库
[2026-08-05 23:02:05] [INFO] [server.py:137] - ▶️ [Queue] 开始执行队列任务 [list_cron_VwKbrn] | [手动触发] 清单 [测试测试] - 智能增量更新
[2026-08-05 23:02:05] [INFO] [javdb_scraper.py:196] - 📄 [Scrape] 正在抓取索引页 [1]: https://javdb.com/lists/VwKbrn?lst=0
[2026-08-05 23:02:08] [INFO] [javdb_scraper.py:739] - 📥 [DB] 索引记录批量存库成功 (1 条)
[2026-08-05 23:02:08] [INFO] [javdb_scraper.py:196] - 📥 [DB] 索引记录批量存库成功 (1 条)
[2026-08-05 23:02:08] [INFO] [javdb_scraper.py:196] - 🔚 [Scrape] 抓取至末页
[2026-08-05 23:02:08] [INFO] [javdb_scraper.py:196] - 🚀 [Scrape] 开始抓取待更新影片详情，总量: 1
[2026-08-05 23:02:08] [INFO] [javdb_scraper.py:196] - 🔎 [1/1] 抓取详情: LUXU-1893 (https://javdb.com/v/EbOJaQ)
[2026-08-05 23:02:11] [INFO] [javdb_scraper.py:196] - 💾 [DB] 番号 [LUXU-1893] 详细数据及磁力已成功存库
[2026-08-05 23:02:16] [INFO] [javdb_scraper.py:1344] - 📊 [115 Quota] 离线配额 -> 总量: 1500, 已用: 2, 剩余可用: 1498
[2026-08-05 23:02:27] [INFO] [javdb_scraper.py:1344] - 📊 [115 Quota] 离线配额 -> 总量: 1500, 已用: 2, 剩余可用: 1498
[2026-08-05 23:05:05] [INFO] [javdb_scraper.py:391] - 🎭 [User] 正在拉取用户订阅演员...
[2026-08-05 23:05:09] [INFO] [javdb_scraper.py:409] - ✅ [User] 成功拉取到 6 位已订阅演员
[2026-08-05 23:05:18] [INFO] [server.py:255] - 💾 已成功将 3 个定时任务持久化保存至 D:\JAVDB_AutoSpider_V1.2\backend\scheduled_jobs.json
[2026-08-05 23:05:18] [INFO] [server.py:255] - 💾 已成功将 4 个定时任务持久化保存至 D:\JAVDB_AutoSpider_V1.2\backend\scheduled_jobs.json
[2026-08-05 23:05:18] [INFO] [server.py:255] - 💾 已成功将 4 个定时任务持久化保存至 D:\JAVDB_AutoSpider_V1.2\backend\scheduled_jobs.json
[2026-08-05 23:05:18] [INFO] [server.py:255] - 💾 已成功将 4 个定时任务持久化保存至 D:\JAVDB_AutoSpider_V1.2\backend\scheduled_jobs.json
[2026-08-05 23:05:18] [INFO] [server.py:255] - 💾 已成功将 4 个定时任务持久化保存至 D:\JAVDB_AutoSpider_V1.2\backend\scheduled_jobs.json
[2026-08-05 23:05:18] [INFO] [server.py:255] - 💾 已成功将 4 个定时任务持久化保存至 D:\JAVDB_AutoSpider_V1.2\backend\scheduled_jobs.json
[2026-08-05 23:05:35] [INFO] [javdb_scraper.py:1344] - 📊 [115 Quota] 离线配额 -> 总量: 1500, 已用: 2, 剩余可用: 1498
[2026-08-05 23:05:52] [INFO] [server.py:255] - 💾 已成功将 3 个定时任务持久化保存至 D:\JAVDB_AutoSpider_V1.2\backend\scheduled_jobs.json
[2026-08-05 23:05:53] [INFO] [server.py:255] - 💾 已成功将 2 个定时任务持久化保存至 D:\JAVDB_AutoSpider_V1.2\backend\scheduled_jobs.json
[2026-08-05 23:05:54] [INFO] [server.py:255] - 💾 已成功将 1 个定时任务持久化保存至 D:\JAVDB_AutoSpider_V1.2\backend\scheduled_jobs.json
[2026-08-05 23:05:56] [INFO] [server.py:255] - 💾 已成功将 0 个定时任务持久化保存至 D:\JAVDB_AutoSpider_V1.2\backend\scheduled_jobs.json
[2026-08-05 23:05:59] [INFO] [javdb_scraper.py:1344] - 📊 [115 Quota] 离线配额 -> 总量: 1500, 已用: 2, 剩余可用: 1498
[2026-08-05 23:06:03] [INFO] [javdb_scraper.py:1127] - 🧹 [DB] 成功清空数据库，共删除 35 条影片记录
[2026-08-05 23:06:28] [INFO] [server.py:255] - 💾 已成功将 1 个定时任务持久化保存至 D:\JAVDB_AutoSpider_V1.2\backend\scheduled_jobs.json
[2026-08-05 23:06:28] [INFO] [server.py:255] - 💾 已成功将 2 个定时任务持久化保存至 D:\JAVDB_AutoSpider_V1.2\backend\scheduled_jobs.json
[2026-08-05 23:06:28] [INFO] [server.py:255] - 💾 已成功将 2 个定时任务持久化保存至 D:\JAVDB_AutoSpider_V1.2\backend\scheduled_jobs.json
[2026-08-05 23:06:28] [INFO] [server.py:255] - 💾 已成功将 2 个定时任务持久化保存至 D:\JAVDB_AutoSpider_V1.2\backend\scheduled_jobs.json
[2026-08-05 23:06:28] [INFO] [server.py:255] - 💾 已成功将 2 个定时任务持久化保存至 D:\JAVDB_AutoSpider_V1.2\backend\scheduled_jobs.json
[2026-08-05 23:06:28] [INFO] [server.py:255] - 💾 已成功将 2 个定时任务持久化保存至 D:\JAVDB_AutoSpider_V1.2\backend\scheduled_jobs.json
[2026-08-05 23:06:31] [INFO] [javdb_scraper.py:1344] - 📊 [115 Quota] 离线配额 -> 总量: 1500, 已用: 2, 剩余可用: 1498
[2026-08-05 23:06:58] [INFO] [server.py:255] - 💾 已成功将 2 个定时任务持久化保存至 D:\JAVDB_AutoSpider_V1.2\backend\scheduled_jobs.json
[2026-08-05 23:06:58] [INFO] [server.py:255] - 💾 已成功将 2 个定时任务持久化保存至 D:\JAVDB_AutoSpider_V1.2\backend\scheduled_jobs.json
[2026-08-05 23:07:04] [INFO] [javdb_scraper.py:1344] - 📊 [115 Quota] 离线配额 -> 总量: 1500, 已用: 2, 剩余可用: 1498
[2026-08-05 23:07:08] [INFO] [server.py:255] - 💾 已成功将 1 个定时任务持久化保存至 D:\JAVDB_AutoSpider_V1.2\backend\scheduled_jobs.json
[2026-08-05 23:07:11] [INFO] [server.py:255] - 💾 已成功将 0 个定时任务持久化保存至 D:\JAVDB_AutoSpider_V1.2\backend\scheduled_jobs.json
[2026-08-05 23:07:16] [INFO] [javdb_scraper.py:391] - 🎭 [User] 正在拉取用户订阅演员...
[2026-08-05 23:07:19] [INFO] [javdb_scraper.py:409] - ✅ [User] 成功拉取到 6 位已订阅演员
[2026-08-05 23:07:27] [INFO] [server.py:255] - 💾 已成功将 1 个定时任务持久化保存至 D:\JAVDB_AutoSpider_V1.2\backend\scheduled_jobs.json
[2026-08-05 23:07:27] [INFO] [server.py:255] - 💾 已成功将 2 个定时任务持久化保存至 D:\JAVDB_AutoSpider_V1.2\backend\scheduled_jobs.json
[2026-08-05 23:07:27] [INFO] [server.py:255] - 💾 已成功将 2 个定时任务持久化保存至 D:\JAVDB_AutoSpider_V1.2\backend\scheduled_jobs.json
[2026-08-05 23:07:27] [INFO] [server.py:255] - 💾 已成功将 2 个定时任务持久化保存至 D:\JAVDB_AutoSpider_V1.2\backend\scheduled_jobs.json
[2026-08-05 23:07:27] [INFO] [server.py:255] - 💾 已成功将 2 个定时任务持久化保存至 D:\JAVDB_AutoSpider_V1.2\backend\scheduled_jobs.json
[2026-08-05 23:07:27] [INFO] [server.py:255] - 💾 已成功将 2 个定时任务持久化保存至 D:\JAVDB_AutoSpider_V1.2\backend\scheduled_jobs.json
[2026-08-06 19:50:27] [INFO] [server.py:293] - ⏰ APScheduler 定时任务引擎已启动
[2026-08-06 19:50:27] [INFO] [server.py:306] - 🔄 [Lifespan] 自动成功恢复了 2 个持久化 Cron 定时任务！
[2026-08-06 19:50:27] [INFO] [server.py:309] - 📥 异步任务队列 Consumer 已就绪
[2026-08-06 19:50:49] [INFO] [javdb_scraper.py:1169] - ℹ️ [115 Push] 无待推送的 [magnet_uc] 磁力
[2026-08-06 19:51:22] [INFO] [javdb_scraper.py:1356] - 📊 [115 Quota] 离线配额 -> 总量: 1500, 已用: 2, 剩余可用: 1498
[2026-08-06 19:51:32] [INFO] [javdb_scraper.py:391] - 🎭 [User] 正在拉取用户订阅演员...
[2026-08-06 19:51:35] [WARNING] [javdb_scraper.py:320] - ⚠️ HTTP 请求返回状态码: 403 | URL: https://javdb.com/users/collection_actors
[2026-08-06 19:51:35] [WARNING] [javdb_scraper.py:394] - ⚠️ [User] 拉取订阅演员失败：Cookie 已失效，需重新登录或设置 Cookie
[2026-08-06 19:53:24] [INFO] [javdb_scraper.py:1356] - 📊 [115 Quota] 离线配额 -> 总量: 1500, 已用: 2, 剩余可用: 1498
[2026-08-06 19:53:25] [INFO] [javdb_scraper.py:378] - 🔍 [User] 正在请求个人中心校验 Cookie 权限...
[2026-08-06 19:53:28] [WARNING] [javdb_scraper.py:320] - ⚠️ HTTP 请求返回状态码: 403 | URL: https://javdb.com/users/profile
[2026-08-06 19:53:31] [INFO] [javdb_scraper.py:378] - 🔍 [User] 正在请求个人中心校验 Cookie 权限...
[2026-08-06 19:53:33] [WARNING] [javdb_scraper.py:320] - ⚠️ HTTP 请求返回状态码: 403 | URL: https://javdb.com/users/profile
[2026-08-06 19:53:36] [INFO] [javdb_scraper.py:49] - 🔑 [Auth] 正在请求 JavDB 登录页面获取 CSRF Token: https://javdb.com/login
[2026-08-06 19:53:36] [ERROR] [javdb_scraper.py:57] - ❌ [Auth] 打开登录页失败，HTTP 状态码: 403
[2026-08-06 19:54:04] [INFO] [javdb_scraper.py:1356] - 📊 [115 Quota] 离线配额 -> 总量: 1500, 已用: 2, 剩余可用: 1498
[2026-08-06 19:54:30] [INFO] [javdb_scraper.py:378] - 🔍 [User] 正在请求个人中心校验 Cookie 权限...
[2026-08-06 19:54:32] [WARNING] [javdb_scraper.py:320] - ⚠️ HTTP 请求返回状态码: 403 | URL: https://javdb.com/users/profile
[2026-08-06 19:54:51] [INFO] [server.py:293] - ⏰ APScheduler 定时任务引擎已启动
[2026-08-06 19:54:51] [INFO] [server.py:306] - 🔄 [Lifespan] 自动成功恢复了 2 个持久化 Cron 定时任务！
[2026-08-06 19:54:51] [INFO] [server.py:309] - 📥 异步任务队列 Consumer 已就绪
[2026-08-06 19:55:33] [INFO] [javdb_scraper.py:1356] - 📊 [115 Quota] 离线配额 -> 总量: 1500, 已用: 2, 剩余可用: 1498
[2026-08-06 19:55:34] [INFO] [javdb_scraper.py:378] - 🔍 [User] 正在请求个人中心校验 Cookie 权限...
[2026-08-06 19:55:36] [WARNING] [javdb_scraper.py:320] - ⚠️ HTTP 请求返回状态码: 403 | URL: https://javdb.com/users/profile
[2026-08-06 19:55:47] [INFO] [javdb_scraper.py:49] - 🔑 [Auth] 正在请求 JavDB 登录页面获取 CSRF Token: https://javdb.com/login
[2026-08-06 19:55:48] [ERROR] [javdb_scraper.py:57] - ❌ [Auth] 打开登录页失败，HTTP 状态码: 403
[2026-08-06 19:55:49] [INFO] [javdb_scraper.py:49] - 🔑 [Auth] 正在请求 JavDB 登录页面获取 CSRF Token: https://javdb.com/login
[2026-08-06 19:55:50] [ERROR] [javdb_scraper.py:57] - ❌ [Auth] 打开登录页失败，HTTP 状态码: 403
[2026-08-06 19:55:52] [INFO] [javdb_scraper.py:378] - 🔍 [User] 正在请求个人中心校验 Cookie 权限...
[2026-08-06 19:55:54] [WARNING] [javdb_scraper.py:320] - ⚠️ HTTP 请求返回状态码: 403 | URL: https://javdb.com/users/profile
[2026-08-06 20:04:46] [INFO] [server.py:293] - ⏰ APScheduler 定时任务引擎已启动
[2026-08-06 20:04:46] [INFO] [server.py:306] - 🔄 [Lifespan] 自动成功恢复了 2 个持久化 Cron 定时任务！
[2026-08-06 20:04:46] [INFO] [server.py:309] - 📥 异步任务队列 Consumer 已就绪
[2026-08-06 20:06:10] [INFO] [javdb_scraper.py:1360] - 📊 [115 Quota] 离线配额 -> 总量: 1500, 已用: 2, 剩余可用: 1498
[2026-08-06 20:06:16] [INFO] [javdb_scraper.py:382] - 🔍 [User] 正在请求个人中心校验 Cookie 权限...
[2026-08-06 20:06:18] [WARNING] [javdb_scraper.py:324] - ⚠️ HTTP 请求返回状态码: 403 | URL: https://javdb.com/users/profile
[2026-08-06 20:06:37] [INFO] [javdb_scraper.py:49] - 🔑 [Auth] 正在请求 JavDB 登录页面获取 CSRF Token: https://javdb.com/login
[2026-08-06 20:06:37] [ERROR] [javdb_scraper.py:57] - ❌ [Auth] 打开登录页失败，HTTP 状态码: 403
[2026-08-06 20:06:41] [INFO] [javdb_scraper.py:382] - 🔍 [User] 正在请求个人中心校验 Cookie 权限...
[2026-08-06 20:06:44] [WARNING] [javdb_scraper.py:324] - ⚠️ HTTP 请求返回状态码: 403 | URL: https://javdb.com/users/profile
[2026-08-06 20:06:47] [INFO] [javdb_scraper.py:1360] - 📊 [115 Quota] 离线配额 -> 总量: 1500, 已用: 2, 剩余可用: 1498
[2026-08-06 20:06:49] [INFO] [javdb_scraper.py:382] - 🔍 [User] 正在请求个人中心校验 Cookie 权限...
[2026-08-06 20:06:52] [WARNING] [javdb_scraper.py:324] - ⚠️ HTTP 请求返回状态码: 403 | URL: https://javdb.com/users/profile
[2026-08-06 20:09:45] [INFO] [server.py:293] - ⏰ APScheduler 定时任务引擎已启动
[2026-08-06 20:09:45] [INFO] [server.py:306] - 🔄 [Lifespan] 自动成功恢复了 2 个持久化 Cron 定时任务！
[2026-08-06 20:09:45] [INFO] [server.py:309] - 📥 异步任务队列 Consumer 已就绪
[2026-08-06 20:10:47] [INFO] [javdb_scraper.py:1373] - 📊 [115 Quota] 离线配额 -> 总量: 1500, 已用: 2, 剩余可用: 1498
[2026-08-06 20:10:48] [INFO] [javdb_scraper.py:395] - 🔍 [User] 正在请求个人中心校验 Cookie 权限...
[2026-08-06 20:10:51] [WARNING] [javdb_scraper.py:334] - ⚠️ [Cloudflare 403 拦截] 访问 URL [https://javdb.com/users/profile] 被 Cloudflare 防火墙拦截 (HTTP 403)！请在【系统设置】更新最新包含 cf_clearance 的 Cookie 凭证，或配置网络代理 IP (HTTP_PROXY)。
[2026-08-06 20:15:42] [INFO] [server.py:293] - ⏰ APScheduler 定时任务引擎已启动
[2026-08-06 20:15:42] [INFO] [server.py:306] - 🔄 [Lifespan] 自动成功恢复了 2 个持久化 Cron 定时任务！
[2026-08-06 20:15:42] [INFO] [server.py:309] - 📥 异步任务队列 Consumer 已就绪
[2026-08-06 20:17:14] [INFO] [javdb_scraper.py:1349] - 📊 [115 Quota] 离线配额 -> 总量: 1500, 已用: 2, 剩余可用: 1498
[2026-08-06 20:17:14] [INFO] [javdb_scraper.py:371] - 🔍 [User] 正在请求个人中心校验 Cookie 权限...
[2026-08-06 20:17:16] [WARNING] [javdb_scraper.py:310] - ⚠️ [Cloudflare 403 拦截] 访问 URL [https://javdb.com/users/profile] 被 Cloudflare 防火墙拦截 (HTTP 403)！请在【系统设置】更新最新包含 cf_clearance 的 Cookie 凭证，或配置网络代理 IP (HTTP_PROXY)。
[2026-08-06 20:17:19] [INFO] [javdb_scraper.py:49] - 🔑 [Auth] 正在请求 JavDB 登录页面获取 CSRF Token: https://javdb.com/login
[2026-08-06 20:17:19] [ERROR] [javdb_scraper.py:57] - ❌ [Auth] 打开登录页失败，HTTP 状态码: 403
[2026-08-06 20:17:33] [INFO] [server.py:1256] - ⚙️ [Config] 配置修改成功！已更新 ['BASE_URL', 'API_HOST', 'API_PORT', 'DEFAULT_DB_PATH', 'SECURITY_CLEAR_KEY', 'DEFAULT_USER_AGENT', 'DEFAULT_COOKIES', 'REQUEST_DELAY_MIN', 'REQUEST_DELAY_MAX', 'MAX_RETRIES', 'RETRY_WAIT_BASE', 'REQUEST_TIMEOUT', 'HTTP_PROXY', 'HTTPS_PROXY', 'AUTH_SESSION_TTL', 'AUTH_HTTP_TIMEOUT', 'QUEUE_WORKER_CONCURRENCY', 'MAX_QUEUE_SIZE', 'ENABLE_SCHEDULER', 'DEFAULT_CRON_MAX_PAGES', 'INCREMENTAL_THRESHOLD', 'OLD_MOVIE_DAYS', 'DB_BUSY_TIMEOUT', 'ENABLE_WAL_MODE', 'REGEX_4K', 'REGEX_TAG_UC', 'REGEX_TAG_C', 'REGEX_TAG_U', 'REGEX_SUBTITLE', 'REGEX_UNCENSORED', 'GATEWAY_115_URL', 'GATEWAY_115_API_KEY', 'PUSH_BATCH_SIZE', 'PUSH_INTERVAL_MIN', 'PUSH_INTERVAL_MAX'] 并同步写回 config.ini
[2026-08-06 20:17:36] [INFO] [javdb_scraper.py:1349] - 📊 [115 Quota] 离线配额 -> 总量: 1500, 已用: 2, 剩余可用: 1498
[2026-08-06 20:17:37] [INFO] [javdb_scraper.py:371] - 🔍 [User] 正在请求个人中心校验 Cookie 权限...
[2026-08-06 20:17:40] [WARNING] [javdb_scraper.py:310] - ⚠️ [Cloudflare 403 拦截] 访问 URL [https://javdb.com/users/profile] 被 Cloudflare 防火墙拦截 (HTTP 403)！请在【系统设置】更新最新包含 cf_clearance 的 Cookie 凭证，或配置网络代理 IP (HTTP_PROXY)。
[2026-08-06 20:18:16] [WARNING] [javdb_scraper.py:310] - ⚠️ [Cloudflare 403 拦截] 访问 URL [https://javdb.com/search?q=SSNI] 被 Cloudflare 防火墙拦截 (HTTP 403)！请在【系统设置】更新最新包含 cf_clearance 的 Cookie 凭证，或配置网络代理 IP (HTTP_PROXY)。
[2026-08-06 20:20:30] [WARNING] [javdb_scraper.py:310] - ⚠️ [Cloudflare 403 拦截] 访问 URL [https://javdb.com/search?q=SSNI] 被 Cloudflare 防火墙拦截 (HTTP 403)！请在【系统设置】更新最新包含 cf_clearance 的 Cookie 凭证，或配置网络代理 IP (HTTP_PROXY)。
[2026-08-06 20:22:14] [INFO] [javdb_scraper.py:198] - 📄 [Scrape] 正在抓取索引页 [1]: https://javdb.com/search?q=SSNI
[2026-08-06 20:22:16] [WARNING] [javdb_scraper.py:310] - ⚠️ HTTP 请求返回状态码: 403 | URL: https://javdb.com/search?q=SSNI
[2026-08-06 20:22:16] [ERROR] [javdb_scraper.py:196] - ❌ [Scrape] 索引页响应异常，结束翻页
[2026-08-06 20:23:05] [WARNING] [javdb_scraper.py:310] - ⚠️ HTTP 请求返回状态码: 403 | URL: https://javdb.com/search?q=SSNI
[2026-08-06 20:24:21] [INFO] [javdb_scraper.py:1349] - 📊 [115 Quota] 离线配额 -> 总量: 1500, 已用: 2, 剩余可用: 1498
[2026-08-06 20:24:25] [INFO] [javdb_scraper.py:371] - 🔍 [User] 正在请求个人中心校验 Cookie 权限...
[2026-08-06 20:24:27] [WARNING] [javdb_scraper.py:310] - ⚠️ [Cloudflare 403 拦截] 访问 URL [https://javdb.com/users/profile] 被 Cloudflare 防火墙拦截 (HTTP 403)！请在【系统设置】更新最新包含 cf_clearance 的 Cookie 凭证，或配置网络代理 IP (HTTP_PROXY)。
[2026-08-06 20:24:28] [INFO] [javdb_scraper.py:49] - 🔑 [Auth] 正在请求 JavDB 登录页面获取 CSRF Token: https://javdb.com/login
[2026-08-06 20:24:28] [ERROR] [javdb_scraper.py:57] - ❌ [Auth] 打开登录页失败，HTTP 状态码: 403
[2026-08-06 20:30:14] [INFO] [server.py:216] - ⏰ APScheduler 定时任务引擎已启动
[2026-08-06 20:30:14] [INFO] [server.py:229] - 🔄 [Lifespan] 自动成功恢复了 2 个持久化 Cron 定时任务！
[2026-08-06 20:30:14] [INFO] [server.py:232] - 📥 异步任务队列 Consumer 已就绪
[2026-08-06 20:38:51] [INFO] [javdb_scraper.py:1332] - 📊 [115 Quota] 离线配额 -> 总量: 1500, 已用: 2, 剩余可用: 1498
[2026-08-06 20:38:55] [INFO] [javdb_scraper.py:49] - 🔑 [Auth] 正在请求 JavDB 登录页面获取 CSRF Token: https://javdb.com/login
[2026-08-06 20:38:55] [ERROR] [javdb_scraper.py:57] - ❌ [Auth] 打开登录页失败，HTTP 状态码: 403
[2026-08-06 20:38:57] [INFO] [javdb_scraper.py:49] - 🔑 [Auth] 正在请求 JavDB 登录页面获取 CSRF Token: https://javdb.com/login
[2026-08-06 20:38:57] [ERROR] [javdb_scraper.py:57] - ❌ [Auth] 打开登录页失败，HTTP 状态码: 403
[2026-08-06 20:39:10] [INFO] [server.py:1089] - ⚙️ [Config] 配置修改成功！已更新 ['BASE_URL', 'API_HOST', 'API_PORT', 'DEFAULT_DB_PATH', 'SECURITY_CLEAR_KEY', 'DEFAULT_USER_AGENT', 'DEFAULT_COOKIES', 'REQUEST_DELAY_MIN', 'REQUEST_DELAY_MAX', 'MAX_RETRIES', 'RETRY_WAIT_BASE', 'REQUEST_TIMEOUT', 'HTTP_PROXY', 'HTTPS_PROXY', 'AUTH_SESSION_TTL', 'AUTH_HTTP_TIMEOUT', 'QUEUE_WORKER_CONCURRENCY', 'MAX_QUEUE_SIZE', 'ENABLE_SCHEDULER', 'DEFAULT_CRON_MAX_PAGES', 'INCREMENTAL_THRESHOLD', 'OLD_MOVIE_DAYS', 'DB_BUSY_TIMEOUT', 'ENABLE_WAL_MODE', 'REGEX_4K', 'REGEX_TAG_UC', 'REGEX_TAG_C', 'REGEX_TAG_U', 'REGEX_SUBTITLE', 'REGEX_UNCENSORED', 'GATEWAY_115_URL', 'GATEWAY_115_API_KEY', 'PUSH_BATCH_SIZE', 'PUSH_INTERVAL_MIN', 'PUSH_INTERVAL_MAX'] 并同步写回 config.ini
[2026-08-06 20:39:13] [INFO] [javdb_scraper.py:1332] - 📊 [115 Quota] 离线配额 -> 总量: 1500, 已用: 2, 剩余可用: 1498
[2026-08-06 20:39:21] [INFO] [javdb_scraper.py:366] - 🔍 [User] 正在请求个人中心校验 Cookie 权限...
[2026-08-06 20:39:24] [WARNING] [javdb_scraper.py:308] - ⚠️ HTTP 请求返回状态码: 403 | URL: https://javdb.com/users/profile
[2026-08-06 20:39:31] [INFO] [javdb_scraper.py:49] - 🔑 [Auth] 正在请求 JavDB 登录页面获取 CSRF Token: https://javdb.com/login
[2026-08-06 20:39:31] [ERROR] [javdb_scraper.py:57] - ❌ [Auth] 打开登录页失败，HTTP 状态码: 403
[2026-08-06 20:41:22] [INFO] [server.py:216] - ⏰ APScheduler 定时任务引擎已启动
[2026-08-06 20:41:22] [INFO] [server.py:229] - 🔄 [Lifespan] 自动成功恢复了 2 个持久化 Cron 定时任务！
[2026-08-06 20:41:22] [INFO] [server.py:232] - 📥 异步任务队列 Consumer 已就绪
[2026-08-06 20:41:31] [INFO] [javdb_scraper.py:369] - 🔍 [User] 正在请求个人中心校验 Cookie 权限...
[2026-08-06 20:41:33] [WARNING] [javdb_scraper.py:311] - ⚠️ HTTP 请求返回状态码: 403 | URL: https://javdb.com/users/profile
[2026-08-06 20:42:41] [INFO] [javdb_scraper.py:1338] - 📊 [115 Quota] 离线配额 -> 总量: 1500, 已用: 2, 剩余可用: 1498
[2026-08-06 20:42:44] [INFO] [javdb_scraper.py:49] - 🔑 [Auth] 正在请求 JavDB 登录页面获取 CSRF Token: https://javdb.com/login
[2026-08-06 20:42:44] [ERROR] [javdb_scraper.py:58] - ❌ [Auth] 打开 JavDB 登录页遭遇 Cloudflare 防火墙拦截 (HTTP 403)
[2026-08-06 20:42:55] [INFO] [javdb_scraper.py:1338] - 📊 [115 Quota] 离线配额 -> 总量: 1500, 已用: 2, 剩余可用: 1498
[2026-08-06 20:42:57] [INFO] [javdb_scraper.py:369] - 🔍 [User] 正在请求个人中心校验 Cookie 权限...
[2026-08-06 20:42:59] [WARNING] [javdb_scraper.py:311] - ⚠️ HTTP 请求返回状态码: 403 | URL: https://javdb.com/users/profile
[2026-08-06 20:45:45] [INFO] [server.py:216] - ⏰ APScheduler 定时任务引擎已启动
[2026-08-06 20:45:45] [INFO] [server.py:229] - 🔄 [Lifespan] 自动成功恢复了 2 个持久化 Cron 定时任务！
[2026-08-06 20:45:45] [INFO] [server.py:232] - 📥 异步任务队列 Consumer 已就绪
[2026-08-06 20:46:13] [INFO] [javdb_scraper.py:1332] - 📊 [115 Quota] 离线配额 -> 总量: 1500, 已用: 2, 剩余可用: 1498
[2026-08-06 20:46:15] [INFO] [javdb_scraper.py:366] - 🔍 [User] 正在请求个人中心校验 Cookie 权限...
[2026-08-06 20:46:18] [WARNING] [javdb_scraper.py:308] - ⚠️ HTTP 请求返回状态码: 403 | URL: https://javdb.com/users/profile
[2026-08-06 20:46:27] [INFO] [javdb_scraper.py:366] - 🔍 [User] 正在请求个人中心校验 Cookie 权限...
[2026-08-06 20:46:29] [WARNING] [javdb_scraper.py:308] - ⚠️ HTTP 请求返回状态码: 403 | URL: https://javdb.com/users/profile
[2026-08-06 20:46:32] [INFO] [javdb_scraper.py:49] - 🔑 [Auth] 正在请求 JavDB 登录页面获取 CSRF Token: https://javdb.com/login
[2026-08-06 20:46:33] [ERROR] [javdb_scraper.py:57] - ❌ [Auth] 打开登录页失败，HTTP 状态码: 403
[2026-08-06 20:46:34] [INFO] [javdb_scraper.py:49] - 🔑 [Auth] 正在请求 JavDB 登录页面获取 CSRF Token: https://javdb.com/login
[2026-08-06 20:46:34] [ERROR] [javdb_scraper.py:57] - ❌ [Auth] 打开登录页失败，HTTP 状态码: 403
[2026-08-06 20:47:37] [INFO] [javdb_scraper.py:1332] - 📊 [115 Quota] 离线配额 -> 总量: 1500, 已用: 2, 剩余可用: 1498
[2026-08-06 20:47:43] [INFO] [javdb_scraper.py:366] - 🔍 [User] 正在请求个人中心校验 Cookie 权限...
[2026-08-06 20:47:46] [WARNING] [javdb_scraper.py:308] - ⚠️ HTTP 请求返回状态码: 403 | URL: https://javdb.com/users/profile
[2026-08-06 20:47:54] [INFO] [javdb_scraper.py:366] - 🔍 [User] 正在请求个人中心校验 Cookie 权限...
[2026-08-06 20:47:57] [WARNING] [javdb_scraper.py:308] - ⚠️ HTTP 请求返回状态码: 403 | URL: https://javdb.com/users/profile
[2026-08-06 20:48:01] [INFO] [javdb_scraper.py:49] - 🔑 [Auth] 正在请求 JavDB 登录页面获取 CSRF Token: https://javdb.com/login
[2026-08-06 20:48:02] [ERROR] [javdb_scraper.py:57] - ❌ [Auth] 打开登录页失败，HTTP 状态码: 403
[2026-08-06 20:48:13] [INFO] [javdb_scraper.py:366] - 🔍 [User] 正在请求个人中心校验 Cookie 权限...
[2026-08-06 20:48:16] [WARNING] [javdb_scraper.py:308] - ⚠️ HTTP 请求返回状态码: 403 | URL: https://javdb.com/users/profile
[2026-08-06 20:48:37] [INFO] [server.py:1089] - ⚙️ [Config] 配置修改成功！已更新 ['BASE_URL', 'API_HOST', 'API_PORT', 'DEFAULT_DB_PATH', 'SECURITY_CLEAR_KEY', 'DEFAULT_USER_AGENT', 'DEFAULT_COOKIES', 'REQUEST_DELAY_MIN', 'REQUEST_DELAY_MAX', 'MAX_RETRIES', 'RETRY_WAIT_BASE', 'REQUEST_TIMEOUT', 'HTTP_PROXY', 'HTTPS_PROXY', 'AUTH_SESSION_TTL', 'AUTH_HTTP_TIMEOUT', 'QUEUE_WORKER_CONCURRENCY', 'MAX_QUEUE_SIZE', 'ENABLE_SCHEDULER', 'DEFAULT_CRON_MAX_PAGES', 'INCREMENTAL_THRESHOLD', 'OLD_MOVIE_DAYS', 'DB_BUSY_TIMEOUT', 'ENABLE_WAL_MODE', 'REGEX_4K', 'REGEX_TAG_UC', 'REGEX_TAG_C', 'REGEX_TAG_U', 'REGEX_SUBTITLE', 'REGEX_UNCENSORED', 'GATEWAY_115_URL', 'GATEWAY_115_API_KEY', 'PUSH_BATCH_SIZE', 'PUSH_INTERVAL_MIN', 'PUSH_INTERVAL_MAX'] 并同步写回 config.ini
[2026-08-06 20:49:09] [INFO] [javdb_scraper.py:366] - 🔍 [User] 正在请求个人中心校验 Cookie 权限...
[2026-08-06 20:49:11] [INFO] [javdb_scraper.py:374] - ✅ [User] Cookie 验证有效！
[2026-08-06 20:49:29] [INFO] [javdb_scraper.py:1115] - 🧹 [DB] 成功清空数据库，共删除 0 条影片记录
[2026-08-06 20:49:31] [INFO] [javdb_scraper.py:379] - 🎭 [User] 正在拉取用户订阅演员...
[2026-08-06 20:49:33] [INFO] [javdb_scraper.py:397] - ✅ [User] 成功拉取到 6 位已订阅演员
[2026-08-06 20:49:35] [INFO] [javdb_scraper.py:402] - 📋 [User] 正在拉取用户清单目录 (类型: mine)...
[2026-08-06 20:49:38] [INFO] [javdb_scraper.py:452] - ✅ [User] 成功拉取到 3 个 [mine] 清单
[2026-08-06 20:49:40] [INFO] [server.py:184] - 💾 已成功将 3 个定时任务持久化保存至 D:\JAVDB_AutoSpider_V1.2\backend\scheduled_jobs.json
[2026-08-06 20:49:40] [INFO] [server.py:184] - 💾 已成功将 4 个定时任务持久化保存至 D:\JAVDB_AutoSpider_V1.2\backend\scheduled_jobs.json
[2026-08-06 20:49:40] [INFO] [server.py:184] - 💾 已成功将 5 个定时任务持久化保存至 D:\JAVDB_AutoSpider_V1.2\backend\scheduled_jobs.json
[2026-08-06 20:49:45] [INFO] [server.py:184] - 💾 已成功将 4 个定时任务持久化保存至 D:\JAVDB_AutoSpider_V1.2\backend\scheduled_jobs.json
[2026-08-06 20:49:46] [INFO] [server.py:184] - 💾 已成功将 3 个定时任务持久化保存至 D:\JAVDB_AutoSpider_V1.2\backend\scheduled_jobs.json
[2026-08-06 20:49:48] [INFO] [server.py:184] - 💾 已成功将 2 个定时任务持久化保存至 D:\JAVDB_AutoSpider_V1.2\backend\scheduled_jobs.json
[2026-08-06 20:49:49] [INFO] [server.py:184] - 💾 已成功将 1 个定时任务持久化保存至 D:\JAVDB_AutoSpider_V1.2\backend\scheduled_jobs.json
[2026-08-06 20:49:50] [INFO] [server.py:184] - 💾 已成功将 0 个定时任务持久化保存至 D:\JAVDB_AutoSpider_V1.2\backend\scheduled_jobs.json
[2026-08-06 20:49:55] [INFO] [javdb_scraper.py:402] - 📋 [User] 正在拉取用户清单目录 (类型: mine)...
[2026-08-06 20:49:57] [INFO] [javdb_scraper.py:452] - ✅ [User] 成功拉取到 3 个 [mine] 清单
[2026-08-06 20:49:59] [INFO] [server.py:184] - 💾 已成功将 1 个定时任务持久化保存至 D:\JAVDB_AutoSpider_V1.2\backend\scheduled_jobs.json
[2026-08-06 20:49:59] [INFO] [server.py:184] - 💾 已成功将 2 个定时任务持久化保存至 D:\JAVDB_AutoSpider_V1.2\backend\scheduled_jobs.json
[2026-08-06 20:49:59] [INFO] [server.py:184] - 💾 已成功将 3 个定时任务持久化保存至 D:\JAVDB_AutoSpider_V1.2\backend\scheduled_jobs.json
[2026-08-06 20:50:03] [INFO] [server.py:66] - ▶️ [Queue] 开始执行队列任务 [list_cron_452GVp] | [手动触发] 清单 [21321] - 智能增量更新
[2026-08-06 20:50:03] [INFO] [javdb_scraper.py:196] - 📄 [Scrape] 正在抓取索引页 [1]: https://javdb.com/lists/452GVp?lst=0
[2026-08-06 20:50:06] [INFO] [javdb_scraper.py:727] - 📥 [DB] 索引记录批量存库成功 (5 条)
[2026-08-06 20:50:06] [INFO] [javdb_scraper.py:196] - 📥 [DB] 索引记录批量存库成功 (5 条)
[2026-08-06 20:50:06] [INFO] [javdb_scraper.py:196] - 🔚 [Scrape] 抓取至末页
[2026-08-06 20:50:06] [INFO] [javdb_scraper.py:196] - 🚀 [Scrape] 开始抓取待更新影片详情，总量: 5
[2026-08-06 20:50:06] [INFO] [javdb_scraper.py:196] - 🔎 [1/5] 抓取详情: LUXU-1891 (https://javdb.com/v/yxYR0W)
[2026-08-06 20:50:08] [INFO] [javdb_scraper.py:196] - 💾 [DB] 番号 [LUXU-1891] 详细数据及磁力已成功存库
[2026-08-06 20:50:08] [INFO] [javdb_scraper.py:196] - 🔎 [2/5] 抓取详情: MIUM-1445 (https://javdb.com/v/96Qq95)
[2026-08-06 20:50:10] [INFO] [javdb_scraper.py:196] - 💾 [DB] 番号 [MIUM-1445] 详细数据及磁力已成功存库
[2026-08-06 20:50:10] [INFO] [javdb_scraper.py:196] - 🔎 [3/5] 抓取详情: OFJE-540 (https://javdb.com/v/r3D57z)
[2026-08-06 20:50:13] [INFO] [javdb_scraper.py:196] - 💾 [DB] 番号 [OFJE-540] 详细数据及磁力已成功存库
[2026-08-06 20:50:13] [INFO] [javdb_scraper.py:196] - 🔎 [4/5] 抓取详情: OFJE-543 (https://javdb.com/v/dezWBM)
[2026-08-06 20:50:16] [INFO] [javdb_scraper.py:196] - 💾 [DB] 番号 [OFJE-543] 详细数据及磁力已成功存库
[2026-08-06 20:50:16] [INFO] [javdb_scraper.py:196] - 🔎 [5/5] 抓取详情: SNOS-258 (https://javdb.com/v/Ww7RYR)
[2026-08-06 20:50:18] [INFO] [javdb_scraper.py:196] - 💾 [DB] 番号 [SNOS-258] 详细数据及磁力已成功存库
[2026-08-06 20:50:35] [INFO] [javdb_scraper.py:1332] - 📊 [115 Quota] 离线配额 -> 总量: 1500, 已用: 2, 剩余可用: 1498
[2026-08-06 20:50:54] [INFO] [javdb_scraper.py:49] - 🔑 [Auth] 正在请求 JavDB 登录页面获取 CSRF Token: https://javdb.com/login
[2026-08-06 20:50:55] [ERROR] [javdb_scraper.py:57] - ❌ [Auth] 打开登录页失败，HTTP 状态码: 403
[2026-08-06 20:50:59] [INFO] [javdb_scraper.py:49] - 🔑 [Auth] 正在请求 JavDB 登录页面获取 CSRF Token: https://javdb.com/login
[2026-08-06 20:50:59] [ERROR] [javdb_scraper.py:57] - ❌ [Auth] 打开登录页失败，HTTP 状态码: 403
[2026-08-06 20:51:03] [INFO] [javdb_scraper.py:1332] - 📊 [115 Quota] 离线配额 -> 总量: 1500, 已用: 2, 剩余可用: 1498
[2026-08-06 20:55:53] [INFO] [server.py:216] - ⏰ APScheduler 定时任务引擎已启动
[2026-08-06 20:55:53] [INFO] [server.py:229] - 🔄 [Lifespan] 自动成功恢复了 3 个持久化 Cron 定时任务！
[2026-08-06 20:55:53] [INFO] [server.py:232] - 📥 异步任务队列 Consumer 已就绪
[2026-08-06 20:56:13] [INFO] [javdb_scraper.py:1332] - 📊 [115 Quota] 离线配额 -> 总量: 1500, 已用: 2, 剩余可用: 1498
[2026-08-06 20:56:14] [INFO] [javdb_scraper.py:366] - 🔍 [User] 正在请求个人中心校验 Cookie 权限...
[2026-08-06 20:56:16] [INFO] [javdb_scraper.py:374] - ✅ [User] Cookie 验证有效！
[2026-08-06 20:57:05] [INFO] [javdb_scraper.py:1332] - 📊 [115 Quota] 离线配额 -> 总量: 1500, 已用: 2, 剩余可用: 1498
[2026-08-06 20:57:38] [INFO] [javdb_scraper.py:366] - 🔍 [User] 正在请求个人中心校验 Cookie 权限...
[2026-08-06 20:58:00] [WARNING] [javdb_scraper.py:312] - ⚠️ 网络请求异常 (第 1/3 次): HTTPSConnectionPool(host='javdb.com', port=443): Read timed out. (read timeout=20)
[2026-08-06 20:58:14] [INFO] [javdb_scraper.py:1332] - 📊 [115 Quota] 离线配额 -> 总量: 1500, 已用: 2, 剩余可用: 1498
[2026-08-06 20:58:18] [WARNING] [javdb_scraper.py:308] - ⚠️ HTTP 请求返回状态码: 403 | URL: https://javdb.com/users/profile
[2026-08-06 20:58:26] [INFO] [server.py:213] - ⏰ APScheduler 定时任务引擎已启动
[2026-08-06 20:58:26] [INFO] [server.py:226] - 🔄 [Lifespan] 自动成功恢复了 3 个持久化 Cron 定时任务！
[2026-08-06 20:58:26] [INFO] [server.py:229] - 📥 异步任务队列 Consumer 已就绪
[2026-08-06 20:58:37] [INFO] [javdb_scraper.py:1332] - 📊 [115 Quota] 离线配额 -> 总量: 1500, 已用: 2, 剩余可用: 1498
[2026-08-06 20:58:41] [INFO] [javdb_scraper.py:366] - 🔍 [User] 正在请求个人中心校验 Cookie 权限...
[2026-08-06 20:58:44] [WARNING] [javdb_scraper.py:308] - ⚠️ HTTP 请求返回状态码: 403 | URL: https://javdb.com/users/profile
[2026-08-06 20:58:50] [INFO] [javdb_scraper.py:1332] - 📊 [115 Quota] 离线配额 -> 总量: 1500, 已用: 2, 剩余可用: 1498
[2026-08-06 20:58:51] [INFO] [javdb_scraper.py:366] - 🔍 [User] 正在请求个人中心校验 Cookie 权限...
[2026-08-06 20:58:54] [WARNING] [javdb_scraper.py:308] - ⚠️ HTTP 请求返回状态码: 403 | URL: https://javdb.com/users/profile
[2026-08-06 20:58:57] [INFO] [javdb_scraper.py:49] - 🔑 [Auth] 正在请求 JavDB 登录页面获取 CSRF Token: https://javdb.com/login
[2026-08-06 20:58:57] [ERROR] [javdb_scraper.py:57] - ❌ [Auth] 打开登录页失败，HTTP 状态码: 403
[2026-08-06 20:59:14] [INFO] [server.py:975] - ⚙️ [Config] 配置修改成功！已更新 ['BASE_URL', 'API_HOST', 'API_PORT', 'DEFAULT_DB_PATH', 'SECURITY_CLEAR_KEY', 'DEFAULT_USER_AGENT', 'DEFAULT_COOKIES', 'REQUEST_DELAY_MIN', 'REQUEST_DELAY_MAX', 'MAX_RETRIES', 'RETRY_WAIT_BASE', 'REQUEST_TIMEOUT', 'HTTP_PROXY', 'HTTPS_PROXY', 'AUTH_SESSION_TTL', 'AUTH_HTTP_TIMEOUT', 'QUEUE_WORKER_CONCURRENCY', 'MAX_QUEUE_SIZE', 'ENABLE_SCHEDULER', 'DEFAULT_CRON_MAX_PAGES', 'INCREMENTAL_THRESHOLD', 'OLD_MOVIE_DAYS', 'DB_BUSY_TIMEOUT', 'ENABLE_WAL_MODE', 'REGEX_4K', 'REGEX_TAG_UC', 'REGEX_TAG_C', 'REGEX_TAG_U', 'REGEX_SUBTITLE', 'REGEX_UNCENSORED', 'GATEWAY_115_URL', 'GATEWAY_115_API_KEY', 'PUSH_BATCH_SIZE', 'PUSH_INTERVAL_MIN', 'PUSH_INTERVAL_MAX'] 并同步写回 config.ini
[2026-08-06 20:59:18] [INFO] [javdb_scraper.py:366] - 🔍 [User] 正在请求个人中心校验 Cookie 权限...
[2026-08-06 20:59:21] [INFO] [javdb_scraper.py:374] - ✅ [User] Cookie 验证有效！
[2026-08-06 20:59:27] [INFO] [javdb_scraper.py:49] - 🔑 [Auth] 正在请求 JavDB 登录页面获取 CSRF Token: https://javdb.com/login
[2026-08-06 20:59:27] [ERROR] [javdb_scraper.py:57] - ❌ [Auth] 打开登录页失败，HTTP 状态码: 403
[2026-08-06 20:59:36] [INFO] [javdb_scraper.py:49] - 🔑 [Auth] 正在请求 JavDB 登录页面获取 CSRF Token: https://javdb.com/login
[2026-08-06 20:59:37] [ERROR] [javdb_scraper.py:57] - ❌ [Auth] 打开登录页失败，HTTP 状态码: 403
[2026-08-06 21:02:07] [INFO] [javdb_scraper.py:1332] - 📊 [115 Quota] 离线配额 -> 总量: 1500, 已用: 2, 剩余可用: 1498
[2026-08-06 21:02:11] [INFO] [javdb_scraper.py:49] - 🔑 [Auth] 正在请求 JavDB 登录页面获取 CSRF Token: https://javdb.com/login
[2026-08-06 21:02:12] [ERROR] [javdb_scraper.py:57] - ❌ [Auth] 打开登录页失败，HTTP 状态码: 403
[2026-08-06 21:02:12] [INFO] [javdb_scraper.py:49] - 🔑 [Auth] 正在请求 JavDB 登录页面获取 CSRF Token: https://javdb.com/login
[2026-08-06 21:02:13] [ERROR] [javdb_scraper.py:57] - ❌ [Auth] 打开登录页失败，HTTP 状态码: 403
[2026-08-06 21:02:22] [INFO] [javdb_scraper.py:1065] - 🚀 [115 Gateway] 提交离线任务到 115 网关 | 保存路径: /有码/河北彩花/中字有码/2026-08-06
[2026-08-06 21:02:27] [INFO] [javdb_scraper.py:1069] - ✅ [115 Gateway] 网关返回结果: {"code":0,"message":"处理完成。成功: 0 个任务，失败: 1 个任务","data":{"total":1,"success_count":0,"failed_count":1,"failed_details":[{"url":"magnet:?xt=urn:btih:f2f49e383cf3227f77fc7e98286b0ace32211493&dn=[javdb.com]OFJE-543-C トップS1女優のアヘ顔も結合部も同時に堪能できる貴重アングル！超美女なのに超下品！ぬき挿し丸見えオーガズム120本番","error":"任务已存在，请勿输入重复的链接地址"}],"wp_path":"/有码/河北彩花/中字有码/2026-08-06","wp_path_id":"3489705763264268156"}}
[2026-08-06 21:02:27] [INFO] [javdb_scraper.py:1092] - 📝 [Push History] 记录番号 [OFJE-543] 离线任务 (Hash: f2f49e383cf3227f77fc7e98286b0ace32211493)
[2026-08-06 21:02:31] [INFO] [javdb_scraper.py:366] - 🔍 [User] 正在请求个人中心校验 Cookie 权限...
[2026-08-06 21:02:33] [WARNING] [javdb_scraper.py:308] - ⚠️ HTTP 请求返回状态码: 403 | URL: https://javdb.com/users/profile
[2026-08-06 21:02:58] [INFO] [javdb_scraper.py:1332] - 📊 [115 Quota] 离线配额 -> 总量: 1500, 已用: 2, 剩余可用: 1498
[2026-08-06 21:03:00] [INFO] [javdb_scraper.py:366] - 🔍 [User] 正在请求个人中心校验 Cookie 权限...
[2026-08-06 21:03:23] [WARNING] [javdb_scraper.py:312] - ⚠️ 网络请求异常 (第 1/3 次): HTTPSConnectionPool(host='javdb.com', port=443): Read timed out. (read timeout=20)
[2026-08-06 21:03:26] [INFO] [javdb_scraper.py:1332] - 📊 [115 Quota] 离线配额 -> 总量: 1500, 已用: 2, 剩余可用: 1498
[2026-08-06 21:03:41] [WARNING] [javdb_scraper.py:308] - ⚠️ HTTP 请求返回状态码: 403 | URL: https://javdb.com/users/profile
[2026-08-06 21:03:42] [INFO] [server.py:975] - ⚙️ [Config] 配置修改成功！已更新 ['BASE_URL', 'API_HOST', 'API_PORT', 'DEFAULT_DB_PATH', 'SECURITY_CLEAR_KEY', 'DEFAULT_USER_AGENT', 'DEFAULT_COOKIES', 'REQUEST_DELAY_MIN', 'REQUEST_DELAY_MAX', 'MAX_RETRIES', 'RETRY_WAIT_BASE', 'REQUEST_TIMEOUT', 'HTTP_PROXY', 'HTTPS_PROXY', 'AUTH_SESSION_TTL', 'AUTH_HTTP_TIMEOUT', 'QUEUE_WORKER_CONCURRENCY', 'MAX_QUEUE_SIZE', 'ENABLE_SCHEDULER', 'DEFAULT_CRON_MAX_PAGES', 'INCREMENTAL_THRESHOLD', 'OLD_MOVIE_DAYS', 'DB_BUSY_TIMEOUT', 'ENABLE_WAL_MODE', 'REGEX_4K', 'REGEX_TAG_UC', 'REGEX_TAG_C', 'REGEX_TAG_U', 'REGEX_SUBTITLE', 'REGEX_UNCENSORED', 'GATEWAY_115_URL', 'GATEWAY_115_API_KEY', 'PUSH_BATCH_SIZE', 'PUSH_INTERVAL_MIN', 'PUSH_INTERVAL_MAX'] 并同步写回 config.ini
[2026-08-06 21:03:44] [INFO] [javdb_scraper.py:1332] - 📊 [115 Quota] 离线配额 -> 总量: 1500, 已用: 2, 剩余可用: 1498
[2026-08-06 21:03:47] [INFO] [javdb_scraper.py:366] - 🔍 [User] 正在请求个人中心校验 Cookie 权限...
[2026-08-06 21:03:50] [WARNING] [javdb_scraper.py:308] - ⚠️ HTTP 请求返回状态码: 403 | URL: https://javdb.com/users/profile
[2026-08-06 21:03:56] [INFO] [javdb_scraper.py:49] - 🔑 [Auth] 正在请求 JavDB 登录页面获取 CSRF Token: https://javdb.com/login
[2026-08-06 21:03:57] [ERROR] [javdb_scraper.py:57] - ❌ [Auth] 打开登录页失败，HTTP 状态码: 403
[2026-08-06 21:04:08] [INFO] [javdb_scraper.py:49] - 🔑 [Auth] 正在请求 JavDB 登录页面获取 CSRF Token: https://javdb.com/login
[2026-08-06 21:04:09] [ERROR] [javdb_scraper.py:57] - ❌ [Auth] 打开登录页失败，HTTP 状态码: 403
[2026-08-06 21:04:29] [INFO] [server.py:975] - ⚙️ [Config] 配置修改成功！已更新 ['BASE_URL', 'API_HOST', 'API_PORT', 'DEFAULT_DB_PATH', 'SECURITY_CLEAR_KEY', 'DEFAULT_USER_AGENT', 'DEFAULT_COOKIES', 'REQUEST_DELAY_MIN', 'REQUEST_DELAY_MAX', 'MAX_RETRIES', 'RETRY_WAIT_BASE', 'REQUEST_TIMEOUT', 'HTTP_PROXY', 'HTTPS_PROXY', 'AUTH_SESSION_TTL', 'AUTH_HTTP_TIMEOUT', 'QUEUE_WORKER_CONCURRENCY', 'MAX_QUEUE_SIZE', 'ENABLE_SCHEDULER', 'DEFAULT_CRON_MAX_PAGES', 'INCREMENTAL_THRESHOLD', 'OLD_MOVIE_DAYS', 'DB_BUSY_TIMEOUT', 'ENABLE_WAL_MODE', 'REGEX_4K', 'REGEX_TAG_UC', 'REGEX_TAG_C', 'REGEX_TAG_U', 'REGEX_SUBTITLE', 'REGEX_UNCENSORED', 'GATEWAY_115_URL', 'GATEWAY_115_API_KEY', 'PUSH_BATCH_SIZE', 'PUSH_INTERVAL_MIN', 'PUSH_INTERVAL_MAX'] 并同步写回 config.ini
[2026-08-06 21:04:40] [INFO] [server.py:975] - ⚙️ [Config] 配置修改成功！已更新 ['BASE_URL', 'API_HOST', 'API_PORT', 'DEFAULT_DB_PATH', 'SECURITY_CLEAR_KEY', 'DEFAULT_USER_AGENT', 'DEFAULT_COOKIES', 'REQUEST_DELAY_MIN', 'REQUEST_DELAY_MAX', 'MAX_RETRIES', 'RETRY_WAIT_BASE', 'REQUEST_TIMEOUT', 'HTTP_PROXY', 'HTTPS_PROXY', 'AUTH_SESSION_TTL', 'AUTH_HTTP_TIMEOUT', 'QUEUE_WORKER_CONCURRENCY', 'MAX_QUEUE_SIZE', 'ENABLE_SCHEDULER', 'DEFAULT_CRON_MAX_PAGES', 'INCREMENTAL_THRESHOLD', 'OLD_MOVIE_DAYS', 'DB_BUSY_TIMEOUT', 'ENABLE_WAL_MODE', 'REGEX_4K', 'REGEX_TAG_UC', 'REGEX_TAG_C', 'REGEX_TAG_U', 'REGEX_SUBTITLE', 'REGEX_UNCENSORED', 'GATEWAY_115_URL', 'GATEWAY_115_API_KEY', 'PUSH_BATCH_SIZE', 'PUSH_INTERVAL_MIN', 'PUSH_INTERVAL_MAX'] 并同步写回 config.ini
[2026-08-06 21:04:43] [INFO] [javdb_scraper.py:1332] - 📊 [115 Quota] 离线配额 -> 总量: 1500, 已用: 2, 剩余可用: 1498
[2026-08-06 21:04:44] [INFO] [javdb_scraper.py:366] - 🔍 [User] 正在请求个人中心校验 Cookie 权限...
[2026-08-06 21:04:48] [WARNING] [javdb_scraper.py:308] - ⚠️ HTTP 请求返回状态码: 403 | URL: https://javdb.com/users/profile
[2026-08-06 21:04:54] [INFO] [javdb_scraper.py:1332] - 📊 [115 Quota] 离线配额 -> 总量: 1500, 已用: 2, 剩余可用: 1498
[2026-08-06 21:05:34] [INFO] [javdb_scraper.py:1332] - 📊 [115 Quota] 离线配额 -> 总量: 1500, 已用: 2, 剩余可用: 1498
[2026-08-06 21:05:39] [INFO] [javdb_scraper.py:366] - 🔍 [User] 正在请求个人中心校验 Cookie 权限...
[2026-08-06 21:05:41] [WARNING] [javdb_scraper.py:308] - ⚠️ HTTP 请求返回状态码: 403 | URL: https://javdb.com/users/profile
[2026-08-06 21:06:28] [INFO] [server.py:213] - ⏰ APScheduler 定时任务引擎已启动
[2026-08-06 21:06:28] [INFO] [server.py:226] - 🔄 [Lifespan] 自动成功恢复了 3 个持久化 Cron 定时任务！
[2026-08-06 21:06:28] [INFO] [server.py:229] - 📥 异步任务队列 Consumer 已就绪
[2026-08-06 21:06:43] [INFO] [javdb_scraper.py:1332] - 📊 [115 Quota] 离线配额 -> 总量: 1500, 已用: 2, 剩余可用: 1498
[2026-08-06 21:06:46] [INFO] [javdb_scraper.py:49] - 🔑 [Auth] 正在请求 JavDB 登录页面获取 CSRF Token: https://javdb.com/login
[2026-08-06 21:06:46] [ERROR] [javdb_scraper.py:57] - ❌ [Auth] 打开登录页失败，HTTP 状态码: 403
[2026-08-06 21:07:07] [INFO] [javdb_scraper.py:379] - 🎭 [User] 正在拉取用户订阅演员...
[2026-08-06 21:07:10] [WARNING] [javdb_scraper.py:308] - ⚠️ HTTP 请求返回状态码: 403 | URL: https://javdb.com/users/collection_actors
[2026-08-06 21:07:10] [WARNING] [javdb_scraper.py:382] - ⚠️ [User] 拉取订阅演员失败：Cookie 已失效，需重新登录或设置 Cookie
[2026-08-06 21:07:10] [INFO] [javdb_scraper.py:49] - 🔑 [Auth] 正在请求 JavDB 登录页面获取 CSRF Token: https://javdb.com/login
[2026-08-06 21:07:11] [ERROR] [javdb_scraper.py:57] - ❌ [Auth] 打开登录页失败，HTTP 状态码: 403
[2026-08-06 21:07:18] [INFO] [javdb_scraper.py:1332] - 📊 [115 Quota] 离线配额 -> 总量: 1500, 已用: 2, 剩余可用: 1498
[2026-08-06 21:07:19] [INFO] [javdb_scraper.py:366] - 🔍 [User] 正在请求个人中心校验 Cookie 权限...
[2026-08-06 21:07:22] [WARNING] [javdb_scraper.py:308] - ⚠️ HTTP 请求返回状态码: 403 | URL: https://javdb.com/users/profile
[2026-08-06 21:07:35] [INFO] [server.py:975] - ⚙️ [Config] 配置修改成功！已更新 ['BASE_URL', 'API_HOST', 'API_PORT', 'DEFAULT_DB_PATH', 'SECURITY_CLEAR_KEY', 'DEFAULT_USER_AGENT', 'DEFAULT_COOKIES', 'REQUEST_DELAY_MIN', 'REQUEST_DELAY_MAX', 'MAX_RETRIES', 'RETRY_WAIT_BASE', 'REQUEST_TIMEOUT', 'HTTP_PROXY', 'HTTPS_PROXY', 'AUTH_SESSION_TTL', 'AUTH_HTTP_TIMEOUT', 'QUEUE_WORKER_CONCURRENCY', 'MAX_QUEUE_SIZE', 'ENABLE_SCHEDULER', 'DEFAULT_CRON_MAX_PAGES', 'INCREMENTAL_THRESHOLD', 'OLD_MOVIE_DAYS', 'DB_BUSY_TIMEOUT', 'ENABLE_WAL_MODE', 'REGEX_4K', 'REGEX_TAG_UC', 'REGEX_TAG_C', 'REGEX_TAG_U', 'REGEX_SUBTITLE', 'REGEX_UNCENSORED', 'GATEWAY_115_URL', 'GATEWAY_115_API_KEY', 'PUSH_BATCH_SIZE', 'PUSH_INTERVAL_MIN', 'PUSH_INTERVAL_MAX'] 并同步写回 config.ini
[2026-08-06 21:07:39] [INFO] [javdb_scraper.py:1332] - 📊 [115 Quota] 离线配额 -> 总量: 1500, 已用: 2, 剩余可用: 1498
[2026-08-06 21:07:40] [INFO] [javdb_scraper.py:366] - 🔍 [User] 正在请求个人中心校验 Cookie 权限...
[2026-08-06 21:07:43] [WARNING] [javdb_scraper.py:308] - ⚠️ HTTP 请求返回状态码: 403 | URL: https://javdb.com/users/profile
[2026-08-06 21:46:00] [INFO] [javdb_scraper.py:1332] - 📊 [115 Quota] 离线配额 -> 总量: 1500, 已用: 2, 剩余可用: 1498
[2026-08-06 21:46:52] [INFO] [javdb_scraper.py:1332] - 📊 [115 Quota] 离线配额 -> 总量: 1500, 已用: 2, 剩余可用: 1498
[2026-08-06 21:47:25] [INFO] [javdb_scraper.py:366] - 🔍 [User] 正在请求个人中心校验 Cookie 权限...
[2026-08-06 21:47:27] [INFO] [javdb_scraper.py:374] - ✅ [User] Cookie 验证有效！
[2026-08-06 21:47:28] [INFO] [javdb_scraper.py:1332] - 📊 [115 Quota] 离线配额 -> 总量: 1500, 已用: 2, 剩余可用: 1498
[2026-08-06 21:47:43] [INFO] [javdb_scraper.py:1103] - 🗑️ [DB] 成功从数据库删除番号 [LUXU-1891] 的影片记录
[2026-08-06 21:48:58] [INFO] [server.py:181] - 💾 已成功将 4 个定时任务持久化保存至 D:\JAVDB_AutoSpider_V1.2\backend\scheduled_jobs.json
[2026-08-06 21:48:58] [INFO] [server.py:181] - 💾 已成功将 5 个定时任务持久化保存至 D:\JAVDB_AutoSpider_V1.2\backend\scheduled_jobs.json
[2026-08-06 21:48:58] [INFO] [server.py:181] - 💾 已成功将 5 个定时任务持久化保存至 D:\JAVDB_AutoSpider_V1.2\backend\scheduled_jobs.json
[2026-08-06 21:48:58] [INFO] [server.py:181] - 💾 已成功将 5 个定时任务持久化保存至 D:\JAVDB_AutoSpider_V1.2\backend\scheduled_jobs.json
[2026-08-06 21:48:58] [INFO] [server.py:181] - 💾 已成功将 5 个定时任务持久化保存至 D:\JAVDB_AutoSpider_V1.2\backend\scheduled_jobs.json
[2026-08-06 21:48:58] [INFO] [server.py:181] - 💾 已成功将 5 个定时任务持久化保存至 D:\JAVDB_AutoSpider_V1.2\backend\scheduled_jobs.json
[2026-08-06 21:49:05] [INFO] [server.py:181] - 💾 已成功将 4 个定时任务持久化保存至 D:\JAVDB_AutoSpider_V1.2\backend\scheduled_jobs.json
[2026-08-06 21:49:06] [INFO] [server.py:181] - 💾 已成功将 3 个定时任务持久化保存至 D:\JAVDB_AutoSpider_V1.2\backend\scheduled_jobs.json
[2026-08-06 21:49:08] [INFO] [server.py:181] - 💾 已成功将 2 个定时任务持久化保存至 D:\JAVDB_AutoSpider_V1.2\backend\scheduled_jobs.json
[2026-08-06 21:49:10] [INFO] [server.py:181] - 💾 已成功将 1 个定时任务持久化保存至 D:\JAVDB_AutoSpider_V1.2\backend\scheduled_jobs.json
[2026-08-06 21:49:11] [INFO] [server.py:181] - 💾 已成功将 0 个定时任务持久化保存至 D:\JAVDB_AutoSpider_V1.2\backend\scheduled_jobs.json
[2026-08-06 21:50:48] [INFO] [server.py:213] - ⏰ APScheduler 定时任务引擎已启动
[2026-08-06 21:50:48] [INFO] [server.py:229] - 📥 异步任务队列 Consumer 已就绪
[2026-08-06 21:53:48] [INFO] [server.py:220] - ⏰ APScheduler 定时任务引擎已启动
[2026-08-06 21:53:48] [INFO] [server.py:236] - 📥 异步任务队列 Consumer 已就绪
[2026-08-06 21:54:07] [INFO] [javdb_scraper.py:1332] - 📊 [115 Quota] 离线配额 -> 总量: 1500, 已用: 2, 剩余可用: 1498
[2026-08-06 21:54:11] [INFO] [server.py:188] - 💾 已成功将 1 个定时任务持久化保存至 D:\JAVDB_AutoSpider_V1.2\backend\scheduled_jobs.json
[2026-08-06 21:55:20] [INFO] [javdb_scraper.py:1332] - 📊 [115 Quota] 离线配额 -> 总量: 1500, 已用: 2, 剩余可用: 1498
[2026-08-06 21:56:11] [INFO] [javdb_scraper.py:402] - 📋 [User] 正在拉取用户清单目录 (类型: mine)...
[2026-08-06 21:56:13] [WARNING] [javdb_scraper.py:308] - ⚠️ HTTP 请求返回状态码: 403 | URL: https://javdb.com/users/lists
[2026-08-06 21:56:13] [WARNING] [javdb_scraper.py:405] - ⚠️ [User] 拉取 [mine] 清单失败：Cookie 已失效，需重新登录或设置 Cookie
[2026-08-06 21:56:13] [INFO] [javdb_scraper.py:402] - 📋 [User] 正在拉取用户清单目录 (类型: favorite)...
[2026-08-06 21:56:16] [WARNING] [javdb_scraper.py:308] - ⚠️ HTTP 请求返回状态码: 403 | URL: https://javdb.com/users/favorite_lists
[2026-08-06 21:56:16] [WARNING] [javdb_scraper.py:405] - ⚠️ [User] 拉取 [favorite] 清单失败：Cookie 已失效，需重新登录或设置 Cookie
[2026-08-06 21:56:24] [INFO] [javdb_scraper.py:402] - 📋 [User] 正在拉取用户清单目录 (类型: mine)...
[2026-08-06 21:56:27] [WARNING] [javdb_scraper.py:308] - ⚠️ HTTP 请求返回状态码: 403 | URL: https://javdb.com/users/lists
[2026-08-06 21:56:27] [WARNING] [javdb_scraper.py:405] - ⚠️ [User] 拉取 [mine] 清单失败：Cookie 已失效，需重新登录或设置 Cookie
[2026-08-06 21:56:27] [INFO] [javdb_scraper.py:402] - 📋 [User] 正在拉取用户清单目录 (类型: favorite)...
[2026-08-06 21:56:30] [WARNING] [javdb_scraper.py:308] - ⚠️ HTTP 请求返回状态码: 403 | URL: https://javdb.com/users/favorite_lists
[2026-08-06 21:56:30] [WARNING] [javdb_scraper.py:405] - ⚠️ [User] 拉取 [favorite] 清单失败：Cookie 已失效，需重新登录或设置 Cookie
[2026-08-06 21:57:07] [INFO] [server.py:220] - ⏰ APScheduler 定时任务引擎已启动
[2026-08-06 21:57:07] [INFO] [server.py:233] - 🔄 [Lifespan] 自动成功恢复了 1 个持久化 Cron 定时任务！
[2026-08-06 21:57:07] [INFO] [server.py:236] - 📥 异步任务队列 Consumer 已就绪
[2026-08-06 21:57:22] [INFO] [javdb_scraper.py:1338] - 📊 [115 Quota] 离线配额 -> 总量: 1500, 已用: 2, 剩余可用: 1498
[2026-08-06 21:57:24] [INFO] [javdb_scraper.py:402] - 📋 [User] 正在拉取用户清单目录 (类型: mine)...
[2026-08-06 21:57:28] [INFO] [javdb_scraper.py:458] - ✅ [User] 成功拉取到 3 个 [mine] 清单
[2026-08-06 21:59:02] [INFO] [server.py:220] - ⏰ APScheduler 定时任务引擎已启动
[2026-08-06 21:59:02] [INFO] [server.py:233] - 🔄 [Lifespan] 自动成功恢复了 1 个持久化 Cron 定时任务！
[2026-08-06 21:59:02] [INFO] [server.py:236] - 📥 异步任务队列 Consumer 已就绪
[2026-08-06 21:59:16] [INFO] [javdb_scraper.py:1343] - 📊 [115 Quota] 离线配额 -> 总量: 1500, 已用: 2, 剩余可用: 1498
[2026-08-06 21:59:17] [INFO] [javdb_scraper.py:402] - 📋 [User] 正在拉取用户清单目录 (类型: mine)...
[2026-08-06 21:59:20] [INFO] [javdb_scraper.py:463] - ✅ [User] 成功拉取到 3 个 [mine] 清单
[2026-08-06 22:05:17] [INFO] [server.py:220] - ⏰ APScheduler 定时任务引擎已启动
[2026-08-06 22:05:17] [INFO] [server.py:233] - 🔄 [Lifespan] 自动成功恢复了 1 个持久化 Cron 定时任务！
[2026-08-06 22:05:17] [INFO] [server.py:236] - 📥 异步任务队列 Consumer 已就绪
[2026-08-06 22:05:34] [ERROR] [server.py:1114] - ❌ [115 API] 获取 115 远端离线任务失败: HTTPConnectionPool(host='192.168.6.32', port=9119): Read timed out. (read timeout=12)
[2026-08-06 22:06:04] [INFO] [javdb_scraper.py:1343] - 📊 [115 Quota] 离线配额 -> 总量: 1500, 已用: 2, 剩余可用: 1498
[2026-08-06 22:06:17] [ERROR] [server.py:1114] - ❌ [115 API] 获取 115 远端离线任务失败: HTTPConnectionPool(host='192.168.6.32', port=9119): Read timed out. (read timeout=12)
[2026-08-06 22:06:23] [INFO] [server.py:1182] - 🗑️ [Transfer] 已重置清理 1 条 115 推送离线记录 (ID: 7, Code: OFJE-543)
[2026-08-06 22:06:24] [INFO] [server.py:1182] - 🗑️ [Transfer] 已重置清理 1 条 115 推送离线记录 (ID: 6, Code: SSNI-299)
[2026-08-06 22:06:25] [INFO] [server.py:1182] - 🗑️ [Transfer] 已重置清理 1 条 115 推送离线记录 (ID: 5, Code: SSNI-299)
[2026-08-06 22:06:27] [INFO] [server.py:1182] - 🗑️ [Transfer] 已重置清理 1 条 115 推送离线记录 (ID: 4, Code: IPZZ-788)
[2026-08-06 22:06:28] [INFO] [server.py:1182] - 🗑️ [Transfer] 已重置清理 1 条 115 推送离线记录 (ID: 3, Code: OFJE-543)
[2026-08-06 22:06:29] [INFO] [server.py:1182] - 🗑️ [Transfer] 已重置清理 1 条 115 推送离线记录 (ID: 2, Code: SNOS-258)
[2026-08-06 22:06:31] [INFO] [server.py:1182] - 🗑️ [Transfer] 已重置清理 1 条 115 推送离线记录 (ID: 1, Code: OFJE-543)
[2026-08-06 22:07:18] [ERROR] [server.py:1114] - ❌ [115 API] 获取 115 远端离线任务失败: HTTPConnectionPool(host='192.168.6.32', port=9119): Read timed out. (read timeout=12)
[2026-08-06 22:09:07] [INFO] [javdb_scraper.py:1076] - 🚀 [115 Gateway] 提交离线任务到 115 网关 | 保存路径: /有码/瀬戸環奈/高清破解/2026-08-06
[2026-08-06 22:09:15] [INFO] [javdb_scraper.py:1080] - ✅ [115 Gateway] 网关返回结果: {"code":0,"message":"处理完成。成功: 1 个任务，失败: 0 个任务","data":{"total":1,"success_count":1,"failed_count":0,"failed_details":[],"wp_path":"/有码/瀬戸環奈/高清破解/2026-08-06","wp_path_id":"3489739383261628137"}}
[2026-08-06 22:09:15] [INFO] [javdb_scraper.py:1103] - 📝 [Push History] 记录番号 [SNOS-258] 离线任务 (Hash: a9378aacdbfa49ed1fbc40c9ad61c9b3ebffde9b)
[2026-08-06 22:13:17] [INFO] [server.py:220] - ⏰ APScheduler 定时任务引擎已启动
[2026-08-06 22:13:17] [INFO] [server.py:233] - 🔄 [Lifespan] 自动成功恢复了 1 个持久化 Cron 定时任务！
[2026-08-06 22:13:17] [INFO] [server.py:236] - 📥 异步任务队列 Consumer 已就绪
[2026-08-06 22:13:37] [INFO] [server.py:220] - ⏰ APScheduler 定时任务引擎已启动
[2026-08-06 22:13:37] [INFO] [server.py:233] - 🔄 [Lifespan] 自动成功恢复了 1 个持久化 Cron 定时任务！
[2026-08-06 22:13:37] [INFO] [server.py:236] - 📥 异步任务队列 Consumer 已就绪
[2026-08-06 22:13:43] [INFO] [javdb_scraper.py:1249] - 🔄 [115 Sync] 正在拉取 115 网关全量离线任务...
[2026-08-06 22:13:57] [INFO] [javdb_scraper.py:1345] - 📊 [115 Quota] 离线配额 -> 总量: 1500, 已用: 3, 剩余可用: 1497
[2026-08-06 22:13:58] [ERROR] [javdb_scraper.py:1296] - ❌ [115 Sync] 离线任务状态同步比对异常: HTTPConnectionPool(host='192.168.6.32', port=9119): Read timed out. (read timeout=15)
[2026-08-06 22:14:06] [INFO] [javdb_scraper.py:1249] - 🔄 [115 Sync] 正在拉取 115 网关全量离线任务...
[2026-08-06 22:14:21] [ERROR] [javdb_scraper.py:1296] - ❌ [115 Sync] 离线任务状态同步比对异常: HTTPConnectionPool(host='192.168.6.32', port=9119): Read timed out. (read timeout=15)
[2026-08-06 22:15:57] [INFO] [javdb_scraper.py:1249] - 🔄 [115 Sync] 正在拉取 115 网关全量离线任务...
[2026-08-06 22:16:19] [INFO] [javdb_scraper.py:1249] - 🔄 [115 Sync] 正在拉取 115 网关离线任务 (page=1)...
[2026-08-06 22:16:20] [INFO] [javdb_scraper.py:1265] - 📊 [115 Sync] 成功获取到 115 网关 30 条远端离线任务
[2026-08-06 22:16:20] [INFO] [javdb_scraper.py:1295] - 🔄 [115 Sync] 番号 [SNOS-258] 状态对齐: 0 -> 2 (离线成功 🎉)
[2026-08-06 22:16:20] [INFO] [javdb_scraper.py:1300] - ✅ [115 Sync] 任务状态比对对齐完成，更新了 1 条离线记录
[2026-08-06 22:16:23] [INFO] [server.py:220] - ⏰ APScheduler 定时任务引擎已启动
[2026-08-06 22:16:23] [INFO] [server.py:233] - 🔄 [Lifespan] 自动成功恢复了 1 个持久化 Cron 定时任务！
[2026-08-06 22:16:23] [INFO] [server.py:236] - 📥 异步任务队列 Consumer 已就绪
[2026-08-06 22:16:46] [INFO] [javdb_scraper.py:1249] - 🔄 [115 Sync] 正在拉取 115 网关离线任务 (page=1)...
[2026-08-06 22:16:47] [INFO] [javdb_scraper.py:1265] - 📊 [115 Sync] 成功获取到 115 网关 30 条远端离线任务
[2026-08-06 22:16:47] [INFO] [javdb_scraper.py:1300] - ✅ [115 Sync] 任务状态比对对齐完成，更新了 0 条离线记录
[2026-08-06 22:18:18] [INFO] [javdb_scraper.py:1249] - 🔄 [115 Sync] 开始自动遍历拉取 115 网关全量离线任务...
[2026-08-06 22:18:25] [INFO] [javdb_scraper.py:1278] - 📊 [115 Sync] 累计获取到 115 网关 300 条远端离线任务
[2026-08-06 22:18:25] [INFO] [javdb_scraper.py:1313] - ✅ [115 Sync] 任务状态比对对齐完成，更新了 0 条离线记录
[2026-08-06 22:18:41] [INFO] [server.py:220] - ⏰ APScheduler 定时任务引擎已启动
[2026-08-06 22:18:41] [INFO] [server.py:233] - 🔄 [Lifespan] 自动成功恢复了 1 个持久化 Cron 定时任务！
[2026-08-06 22:18:41] [INFO] [server.py:236] - 📥 异步任务队列 Consumer 已就绪
[2026-08-06 22:18:48] [INFO] [javdb_scraper.py:1249] - 🔄 [115 Sync] 开始自动遍历拉取 115 网关全量离线任务...
[2026-08-06 22:18:55] [INFO] [javdb_scraper.py:1268] - ℹ️ [115 Sync] 第 14 页无更多离线任务，全量拉取完成
[2026-08-06 22:18:55] [INFO] [javdb_scraper.py:1278] - 📊 [115 Sync] 累计获取到 115 网关 385 条远端离线任务
[2026-08-06 22:18:55] [INFO] [javdb_scraper.py:1313] - ✅ [115 Sync] 任务状态比对对齐完成，更新了 0 条离线记录
[2026-08-06 22:20:15] [INFO] [javdb_scraper.py:1249] - 🔄 [115 Sync] 正在单次请求拉取 115 网关全量离线任务 (不带 URL Query)...
[2026-08-06 22:20:33] [INFO] [server.py:220] - ⏰ APScheduler 定时任务引擎已启动
[2026-08-06 22:20:33] [INFO] [server.py:233] - 🔄 [Lifespan] 自动成功恢复了 1 个持久化 Cron 定时任务！
[2026-08-06 22:20:33] [INFO] [server.py:236] - 📥 异步任务队列 Consumer 已就绪
[2026-08-06 22:20:45] [INFO] [javdb_scraper.py:1249] - 🔄 [115 Sync] 正在单次请求拉取 115 网关全量离线任务 (不带 URL Query)...
[2026-08-06 22:21:04] [INFO] [javdb_scraper.py:1276] - 📊 [115 Sync] 成功获取到 115 网关 385 条远端全量离线任务
[2026-08-06 22:21:04] [INFO] [javdb_scraper.py:1311] - ✅ [115 Sync] 任务状态比对对齐完成，更新了 0 条离线记录
[2026-08-06 22:22:42] [INFO] [javdb_scraper.py:1364] - 📊 [115 Quota] 离线配额 -> 总量: 1500, 已用: 3, 剩余可用: 1497
[2026-08-06 22:23:02] [INFO] [javdb_scraper.py:1249] - 🔄 [115 Sync] 正在单次请求拉取 115 网关全量离线任务 (不带 URL Query)...
[2026-08-06 22:23:21] [INFO] [javdb_scraper.py:1276] - 📊 [115 Sync] 成功获取到 115 网关 385 条远端全量离线任务
[2026-08-06 22:23:21] [INFO] [javdb_scraper.py:1311] - ✅ [115 Sync] 任务状态比对对齐完成，更新了 0 条离线记录
[2026-08-06 22:24:36] [INFO] [server.py:220] - ⏰ APScheduler 定时任务引擎已启动
[2026-08-06 22:24:36] [INFO] [server.py:233] - 🔄 [Lifespan] 自动成功恢复了 1 个持久化 Cron 定时任务！
[2026-08-06 22:24:36] [INFO] [server.py:236] - 📥 异步任务队列 Consumer 已就绪
[2026-08-06 22:24:57] [INFO] [javdb_scraper.py:1364] - 📊 [115 Quota] 离线配额 -> 总量: 1500, 已用: 3, 剩余可用: 1497
[2026-08-06 22:27:35] [INFO] [server.py:220] - ⏰ APScheduler 定时任务引擎已启动
[2026-08-06 22:27:35] [INFO] [server.py:233] - 🔄 [Lifespan] 自动成功恢复了 1 个持久化 Cron 定时任务！
[2026-08-06 22:27:35] [INFO] [server.py:236] - 📥 异步任务队列 Consumer 已就绪
[2026-08-06 22:27:49] [INFO] [javdb_scraper.py:1364] - 📊 [115 Quota] 离线配额 -> 总量: 1500, 已用: 3, 剩余可用: 1497
[2026-08-06 22:28:03] [INFO] [javdb_scraper.py:1364] - 📊 [115 Quota] 离线配额 -> 总量: 1500, 已用: 3, 剩余可用: 1497
[2026-08-06 22:38:38] [INFO] [server.py:220] - ⏰ APScheduler 定时任务引擎已启动
[2026-08-06 22:38:38] [INFO] [server.py:233] - 🔄 [Lifespan] 自动成功恢复了 1 个持久化 Cron 定时任务！
[2026-08-06 22:38:38] [INFO] [server.py:236] - 📥 异步任务队列 Consumer 已就绪
[2026-08-06 22:38:44] [INFO] [server.py:188] - 💾 已成功将 2 个定时任务持久化保存至 D:\JAVDB_AutoSpider_V1.2\backend\scheduled_jobs.json
[2026-08-06 22:39:00] [INFO] [server.py:188] - 💾 已成功将 1 个定时任务持久化保存至 D:\JAVDB_AutoSpider_V1.2\backend\scheduled_jobs.json
[2026-08-06 22:39:12] [INFO] [javdb_scraper.py:1496] - 📊 [115 Quota] 离线配额 -> 总量: 1500, 已用: 3, 剩余可用: 1497
[2026-08-06 22:39:15] [INFO] [server.py:188] - 💾 已成功将 2 个定时任务持久化保存至 D:\JAVDB_AutoSpider_V1.2\backend\scheduled_jobs.json
[2026-08-06 22:42:22] [INFO] [server.py:220] - ⏰ APScheduler 定时任务引擎已启动
[2026-08-06 22:42:22] [INFO] [server.py:233] - 🔄 [Lifespan] 自动成功恢复了 2 个持久化 Cron 定时任务！
[2026-08-06 22:42:22] [INFO] [server.py:236] - 📥 异步任务队列 Consumer 已就绪
[2026-08-06 22:42:28] [INFO] [server.py:188] - 💾 已成功将 3 个定时任务持久化保存至 D:\JAVDB_AutoSpider_V1.2\backend\scheduled_jobs.json
[2026-08-06 22:42:28] [INFO] [server.py:188] - 💾 已成功将 2 个定时任务持久化保存至 D:\JAVDB_AutoSpider_V1.2\backend\scheduled_jobs.json
[2026-08-06 22:42:41] [INFO] [javdb_scraper.py:1496] - 📊 [115 Quota] 离线配额 -> 总量: 1500, 已用: 3, 剩余可用: 1497
[2026-08-06 22:43:07] [INFO] [server.py:188] - 💾 已成功将 1 个定时任务持久化保存至 D:\JAVDB_AutoSpider_V1.2\backend\scheduled_jobs.json
[2026-08-06 22:43:09] [INFO] [server.py:188] - 💾 已成功将 0 个定时任务持久化保存至 D:\JAVDB_AutoSpider_V1.2\backend\scheduled_jobs.json
[2026-08-11 21:03:43] [INFO] [server.py:220] - ⏰ APScheduler 定时任务引擎已启动
[2026-08-11 21:03:43] [INFO] [server.py:236] - 📥 异步任务队列 Consumer 已就绪
[2026-08-11 21:04:25] [INFO] [javdb_scraper.py:1496] - 📊 [115 Quota] 离线配额 -> 总量: 1500, 已用: 3, 剩余可用: 1497
[2026-08-11 21:04:30] [INFO] [javdb_scraper.py:366] - 🔍 [User] 正在请求个人中心校验 Cookie 权限...
[2026-08-11 21:04:33] [INFO] [javdb_scraper.py:374] - ✅ [User] Cookie 验证有效！
[2026-08-11 21:04:41] [INFO] [javdb_scraper.py:379] - 🎭 [User] 正在拉取用户订阅演员...
[2026-08-11 21:04:44] [INFO] [javdb_scraper.py:397] - ✅ [User] 成功拉取到 6 位已订阅演员
[2026-08-11 21:04:50] [INFO] [javdb_scraper.py:402] - 📋 [User] 正在拉取用户清单目录 (类型: mine)...
[2026-08-11 21:04:53] [INFO] [javdb_scraper.py:463] - ✅ [User] 成功拉取到 3 个 [mine] 清单
[2026-08-11 21:06:01] [INFO] [javdb_scraper.py:1126] - 🧹 [DB] 成功清空数据库，共删除 4 条影片记录
[2026-08-11 21:06:15] [INFO] [server.py:63] - ▶️ [Queue] 开始执行队列任务 [84fd74b3] | 清单 [21321] - 智能增量更新
[2026-08-11 21:06:15] [INFO] [javdb_scraper.py:196] - 📄 [Scrape] 正在抓取索引页 [1]: https://javdb.com/lists/452GVp?lst=0
[2026-08-11 21:06:18] [INFO] [javdb_scraper.py:738] - 📥 [DB] 索引记录批量存库成功 (5 条)
[2026-08-11 21:06:18] [INFO] [javdb_scraper.py:196] - 📥 [DB] 索引记录批量存库成功 (5 条)
[2026-08-11 21:06:18] [INFO] [javdb_scraper.py:196] - 🔚 [Scrape] 抓取至末页
[2026-08-11 21:06:18] [INFO] [javdb_scraper.py:196] - 🚀 [Scrape] 开始抓取待更新影片详情，总量: 5
[2026-08-11 21:06:18] [INFO] [javdb_scraper.py:196] - 🔎 [1/5] 抓取详情: LUXU-1891 (https://javdb.com/v/yxYR0W)
[2026-08-11 21:06:21] [INFO] [javdb_scraper.py:196] - 💾 [DB] 番号 [LUXU-1891] 详细数据及磁力已成功存库
[2026-08-11 21:06:21] [INFO] [javdb_scraper.py:196] - 🔎 [2/5] 抓取详情: MIUM-1445 (https://javdb.com/v/96Qq95)
[2026-08-11 21:06:24] [INFO] [javdb_scraper.py:196] - 💾 [DB] 番号 [MIUM-1445] 详细数据及磁力已成功存库
[2026-08-11 21:06:24] [INFO] [javdb_scraper.py:196] - 🔎 [3/5] 抓取详情: OFJE-540 (https://javdb.com/v/r3D57z)
[2026-08-11 21:06:27] [INFO] [javdb_scraper.py:196] - 💾 [DB] 番号 [OFJE-540] 详细数据及磁力已成功存库
[2026-08-11 21:06:27] [INFO] [javdb_scraper.py:196] - 🔎 [4/5] 抓取详情: OFJE-543 (https://javdb.com/v/dezWBM)
[2026-08-11 21:06:31] [INFO] [javdb_scraper.py:196] - 💾 [DB] 番号 [OFJE-543] 详细数据及磁力已成功存库
[2026-08-11 21:06:31] [INFO] [javdb_scraper.py:196] - 🔎 [5/5] 抓取详情: SNOS-258 (https://javdb.com/v/Ww7RYR)
[2026-08-11 21:06:33] [INFO] [javdb_scraper.py:196] - 💾 [DB] 番号 [SNOS-258] 详细数据及磁力已成功存库
[2026-08-11 21:09:09] [INFO] [server.py:188] - 💾 已成功将 1 个定时任务持久化保存至 D:\JAVDB_AutoSpider_V1.2\backend\scheduled_jobs.json
[2026-08-11 21:09:16] [INFO] [server.py:188] - 💾 已成功将 0 个定时任务持久化保存至 D:\JAVDB_AutoSpider_V1.2\backend\scheduled_jobs.json
[2026-08-11 21:10:36] [INFO] [javdb_scraper.py:1496] - 📊 [115 Quota] 离线配额 -> 总量: 1500, 已用: 3, 剩余可用: 1497
[2026-08-11 21:12:23] [INFO] [javdb_scraper.py:1496] - 📊 [115 Quota] 离线配额 -> 总量: 1500, 已用: 3, 剩余可用: 1497
[2026-08-11 21:15:27] [INFO] [javdb_scraper.py:1496] - 📊 [115 Quota] 离线配额 -> 总量: 1500, 已用: 3, 剩余可用: 1497
[2026-08-11 21:15:58] [INFO] [javdb_scraper.py:1496] - 📊 [115 Quota] 离线配额 -> 总量: 1500, 已用: 3, 剩余可用: 1497
[2026-08-11 21:16:09] [INFO] [javdb_scraper.py:1496] - 📊 [115 Quota] 离线配额 -> 总量: 1500, 已用: 3, 剩余可用: 1497
[2026-08-11 21:19:35] [INFO] [javdb_scraper.py:1496] - 📊 [115 Quota] 离线配额 -> 总量: 1500, 已用: 3, 剩余可用: 1497
[2026-08-11 21:20:17] [INFO] [server.py:1283] - 🗑️ [Transfer] 已重置清理 1 条 115 推送离线记录 (ID: 8, Code: SNOS-258)
[2026-08-11 21:20:20] [INFO] [javdb_scraper.py:1381] - 🔄 [115 Sync] 正在单次请求拉取 115 网关全量离线任务 (不带 URL Query)...
[2026-08-11 21:20:39] [INFO] [javdb_scraper.py:1408] - 📊 [115 Sync] 成功获取到 115 网关 385 条远端全量离线任务
[2026-08-11 21:20:39] [INFO] [javdb_scraper.py:1443] - ✅ [115 Sync] 任务状态比对对齐完成，更新了 0 条离线记录
[2026-08-11 21:21:17] [INFO] [javdb_scraper.py:1496] - 📊 [115 Quota] 离线配额 -> 总量: 1500, 已用: 3, 剩余可用: 1497
[2026-08-11 21:25:27] [INFO] [server.py:220] - ⏰ APScheduler 定时任务引擎已启动
[2026-08-11 21:25:27] [INFO] [server.py:236] - 📥 异步任务队列 Consumer 已就绪
[2026-08-11 21:25:43] [INFO] [server.py:188] - 💾 已成功将 1 个定时任务持久化保存至 D:\JAVDB_AutoSpider_V1.2\backend\scheduled_jobs.json
[2026-08-11 21:25:43] [INFO] [server.py:188] - 💾 已成功将 0 个定时任务持久化保存至 D:\JAVDB_AutoSpider_V1.2\backend\scheduled_jobs.json
[2026-08-11 21:27:27] [INFO] [server.py:220] - ⏰ APScheduler 定时任务引擎已启动
[2026-08-11 21:27:27] [INFO] [server.py:236] - 📥 异步任务队列 Consumer 已就绪
[2026-08-11 21:27:40] [INFO] [javdb_scraper.py:1496] - 📊 [115 Quota] 离线配额 -> 总量: 1500, 已用: 3, 剩余可用: 1497
[2026-08-11 21:29:30] [INFO] [server.py:220] - ⏰ APScheduler 定时任务引擎已启动
[2026-08-11 21:29:30] [INFO] [server.py:236] - 📥 异步任务队列 Consumer 已就绪
[2026-08-11 21:33:59] [INFO] [javdb_scraper.py:1496] - 📊 [115 Quota] 离线配额 -> 总量: 1500, 已用: 3, 剩余可用: 1497
[2026-08-11 21:35:08] [INFO] [server.py:220] - ⏰ APScheduler 定时任务引擎已启动
[2026-08-11 21:35:08] [INFO] [server.py:236] - 📥 异步任务队列 Consumer 已就绪
[2026-08-11 21:35:20] [INFO] [javdb_scraper.py:1496] - 📊 [115 Quota] 离线配额 -> 总量: 1500, 已用: 3, 剩余可用: 1497
[2026-08-11 21:36:11] [INFO] [server.py:188] - 💾 已成功将 1 个定时任务持久化保存至 D:\JAVDB_AutoSpider_V1.2\backend\scheduled_jobs.json
[2026-08-11 21:36:25] [INFO] [server.py:188] - 💾 已成功将 0 个定时任务持久化保存至 D:\JAVDB_AutoSpider_V1.2\backend\scheduled_jobs.json
[2026-08-11 21:36:34] [INFO] [server.py:188] - 💾 已成功将 1 个定时任务持久化保存至 D:\JAVDB_AutoSpider_V1.2\backend\scheduled_jobs.json
[2026-08-11 21:36:43] [INFO] [server.py:188] - 💾 已成功将 2 个定时任务持久化保存至 D:\JAVDB_AutoSpider_V1.2\backend\scheduled_jobs.json
[2026-08-11 21:37:12] [INFO] [server.py:63] - ▶️ [Queue] 开始执行队列任务 [9b5587db] | 演员 [有栖花緋] - 智能增量更新
[2026-08-11 21:37:12] [INFO] [javdb_scraper.py:196] - 📄 [Scrape] 正在抓取索引页 [1]: https://javdb.com/actors/1G09
[2026-08-11 21:37:15] [INFO] [javdb_scraper.py:738] - 📥 [DB] 索引记录批量存库成功 (40 条)
[2026-08-11 21:37:15] [INFO] [javdb_scraper.py:196] - 📥 [DB] 索引记录批量存库成功 (40 条)
[2026-08-11 21:37:15] [INFO] [javdb_scraper.py:196] - 📄 [Scrape] 正在抓取索引页 [2]: https://javdb.com/actors/1G09?page=2
[2026-08-11 21:37:19] [INFO] [javdb_scraper.py:738] - 📥 [DB] 索引记录批量存库成功 (40 条)
[2026-08-11 21:37:19] [INFO] [javdb_scraper.py:196] - 📥 [DB] 索引记录批量存库成功 (40 条)
[2026-08-11 21:37:19] [INFO] [javdb_scraper.py:196] - 📄 [Scrape] 正在抓取索引页 [3]: https://javdb.com/actors/1G09?page=3
[2026-08-11 21:37:21] [INFO] [javdb_scraper.py:738] - 📥 [DB] 索引记录批量存库成功 (40 条)
[2026-08-11 21:37:21] [INFO] [javdb_scraper.py:196] - 📥 [DB] 索引记录批量存库成功 (40 条)
[2026-08-11 21:37:21] [INFO] [javdb_scraper.py:196] - 📄 [Scrape] 正在抓取索引页 [4]: https://javdb.com/actors/1G09?page=4
[2026-08-11 21:37:24] [INFO] [javdb_scraper.py:738] - 📥 [DB] 索引记录批量存库成功 (29 条)
[2026-08-11 21:37:24] [INFO] [javdb_scraper.py:196] - 📥 [DB] 索引记录批量存库成功 (29 条)
[2026-08-11 21:37:24] [INFO] [javdb_scraper.py:196] - 🔚 [Scrape] 抓取至末页
[2026-08-11 21:37:24] [INFO] [javdb_scraper.py:196] - 🚀 [Scrape] 开始抓取待更新影片详情，总量: 149
[2026-08-11 21:37:24] [INFO] [javdb_scraper.py:196] - 🔎 [1/149] 抓取详情: FC2-1785726 (https://javdb.com/v/kAev4)
[2026-08-11 21:37:28] [WARNING] [javdb_scraper.py:195] - 🔒 [Paywall Guard] 番号 [FC2-1785726] 触发 VIP 权限限制重定向 (https://javdb.com/plans/ypay)，标记为已尝试，以后不再重复抓取。
[2026-08-11 21:37:28] [INFO] [javdb_scraper.py:650] - 🔒 [DB] 番号 [FC2-1785726] 已标记为 is_vip_blocked = 1 (自动在前端海报墙隐匿，且防止重复探寻)
[2026-08-11 21:37:28] [INFO] [javdb_scraper.py:196] - 🔎 [2/149] 抓取详情: FWAY-001 (https://javdb.com/v/D2pD6a)
[2026-08-11 21:37:30] [INFO] [javdb_scraper.py:196] - 💾 [DB] 番号 [FWAY-001] 详细数据及磁力已成功存库
[2026-08-11 21:37:30] [INFO] [javdb_scraper.py:196] - 🔎 [3/149] 抓取详情: OAE-205 (https://javdb.com/v/RPNnn)
[2026-08-11 21:37:32] [INFO] [javdb_scraper.py:196] - 💾 [DB] 番号 [OAE-205] 详细数据及磁力已成功存库
[2026-08-11 21:37:32] [INFO] [javdb_scraper.py:196] - 🔎 [4/149] 抓取详情: OAE-212 (https://javdb.com/v/Md2yk)
[2026-08-11 21:37:34] [INFO] [javdb_scraper.py:196] - 💾 [DB] 番号 [OAE-212] 详细数据及磁力已成功存库
[2026-08-11 21:37:34] [INFO] [javdb_scraper.py:196] - 🔎 [5/149] 抓取详情: OFJE-292 (https://javdb.com/v/eWr8N)
[2026-08-11 21:37:45] [INFO] [server.py:220] - ⏰ APScheduler 定时任务引擎已启动
[2026-08-11 21:37:45] [INFO] [server.py:233] - 🔄 [Lifespan] 自动成功恢复了 2 个持久化 Cron 定时任务！
[2026-08-11 21:37:45] [INFO] [server.py:236] - 📥 异步任务队列 Consumer 已就绪
[2026-08-11 21:37:51] [INFO] [server.py:188] - 💾 已成功将 3 个定时任务持久化保存至 D:\JAVDB_AutoSpider_V1.2\backend\scheduled_jobs.json
[2026-08-11 21:38:27] [INFO] [server.py:223] - ⏰ APScheduler 定时任务引擎已启动
[2026-08-11 21:38:27] [INFO] [server.py:236] - 🔄 [Lifespan] 自动成功恢复了 3 个持久化 Cron 定时任务！
[2026-08-11 21:38:27] [INFO] [server.py:239] - 📥 异步任务队列 Consumer 已就绪
[2026-08-11 21:38:32] [INFO] [server.py:191] - 💾 已成功将 4 个定时任务持久化保存至 D:\JAVDB_AutoSpider_V1.2\backend\scheduled_jobs.json
[2026-08-11 21:38:32] [INFO] [server.py:775] - 🚀 [Cron Trigger] 手动触发运行定时任务 ID: test_trig_2 (测试触发)
[2026-08-11 21:38:32] [INFO] [server.py:191] - 💾 已成功将 3 个定时任务持久化保存至 D:\JAVDB_AutoSpider_V1.2\backend\scheduled_jobs.json
[2026-08-11 21:38:44] [INFO] [javdb_scraper.py:1496] - 📊 [115 Quota] 离线配额 -> 总量: 1500, 已用: 3, 剩余可用: 1497
[2026-08-11 21:38:59] [INFO] [server.py:775] - 🚀 [Cron Trigger] 手动触发运行定时任务 ID: 1 (test)
[2026-08-11 21:39:25] [INFO] [server.py:775] - 🚀 [Cron Trigger] 手动触发运行定时任务 ID: actors_pipeline_msopf76b (全量订阅演员一条龙 [智能增量 | 抓取元数据入库])
[2026-08-11 21:39:52] [WARNING] [server.py:534] - 🛑 [Queue] 用户发出了针对运行中任务 [actors_pipeline_msopf76b] 的停止指令
[2026-08-11 21:39:53] [WARNING] [server.py:534] - 🛑 [Queue] 用户发出了针对运行中任务 [test_trig_2] 的停止指令
[2026-08-11 21:39:53] [WARNING] [server.py:534] - 🛑 [Queue] 用户发出了针对运行中任务 [1] 的停止指令
[2026-08-11 21:39:57] [INFO] [javdb_scraper.py:1496] - 📊 [115 Quota] 离线配额 -> 总量: 1500, 已用: 3, 剩余可用: 1497
[2026-08-11 21:40:02] [INFO] [server.py:775] - 🚀 [Cron Trigger] 手动触发运行定时任务 ID: 1 (test)
[2026-08-11 21:40:37] [INFO] [server.py:66] - ▶️ [Queue] 开始执行队列任务 [1df34314] | 任务 [1df34314]
[2026-08-11 21:40:37] [INFO] [javdb_scraper.py:893] - 🔍 [Search] 精准搜索番号 [WICP-005] -> URL: https://javdb.com/search?q=WICP-005&sb=0
[2026-08-11 21:40:40] [INFO] [javdb_scraper.py:911] - 🔗 [Search] 匹配到番号 [WICP-005] 目标链接: https://javdb.com/v/bmbGP
[2026-08-11 21:40:43] [INFO] [javdb_scraper.py:922] - 📥 [DB] 番号 [WICP-005] 存库成功
[2026-08-11 21:41:28] [INFO] [server.py:223] - ⏰ APScheduler 定时任务引擎已启动
[2026-08-11 21:41:28] [INFO] [server.py:236] - 🔄 [Lifespan] 自动成功恢复了 3 个持久化 Cron 定时任务！
[2026-08-11 21:41:28] [INFO] [server.py:239] - 📥 异步任务队列 Consumer 已就绪
[2026-08-11 21:41:42] [INFO] [server.py:191] - 💾 已成功将 4 个定时任务持久化保存至 D:\JAVDB_AutoSpider_V1.2\backend\scheduled_jobs.json
[2026-08-11 21:41:42] [INFO] [server.py:564] - ⏰ [Cron 定时任务触发] ID: test_trig_3 | 测试手动触发115
[2026-08-11 21:41:42] [INFO] [server.py:775] - 🚀 [Cron Trigger] 手动触发运行定时任务 ID: test_trig_3 (测试手动触发115)
[2026-08-11 21:41:42] [INFO] [server.py:707] - ✅ [Cron 定时任务完成] ID: test_trig_3
[2026-08-11 21:41:55] [INFO] [server.py:775] - 🚀 [Cron Trigger] 手动触发运行定时任务 ID: 1 (test)
[2026-08-11 21:41:55] [INFO] [server.py:564] - ⏰ [Cron 定时任务触发] ID: 1 | test
[2026-08-11 21:41:55] [INFO] [javdb_scraper.py:196] - 📄 [Scrape] 正在抓取索引页 [1]: https://javdb.com/actors/1Bk9J
[2026-08-11 21:41:58] [INFO] [javdb_scraper.py:738] - 📥 [DB] 索引记录批量存库成功 (5 条)
[2026-08-11 21:41:58] [INFO] [javdb_scraper.py:196] - 📥 [DB] 索引记录批量存库成功 (5 条)
[2026-08-11 21:41:58] [INFO] [javdb_scraper.py:196] - ✅ [Scrape] 达到最大指定抓取页数 (1 页)，停止翻页。
[2026-08-11 21:41:58] [INFO] [javdb_scraper.py:196] - 🚀 [Scrape] 开始抓取待更新影片详情，总量: 5
[2026-08-11 21:41:58] [INFO] [javdb_scraper.py:196] - 🔎 [1/5] 抓取详情: AGMX-271 (https://javdb.com/v/96Q8GX)
[2026-08-11 21:42:01] [INFO] [javdb_scraper.py:196] - 💾 [DB] 番号 [AGMX-271] 详细数据及磁力已成功存库
[2026-08-11 21:42:01] [INFO] [javdb_scraper.py:196] - 🔎 [2/5] 抓取详情: BACJ-190 (https://javdb.com/v/DRXe62)
[2026-08-11 21:42:04] [INFO] [javdb_scraper.py:196] - 💾 [DB] 番号 [BACJ-190] 详细数据及磁力已成功存库
[2026-08-11 21:42:04] [INFO] [javdb_scraper.py:196] - 🔎 [3/5] 抓取详情: IPZZ-893 (https://javdb.com/v/ZN3WMJ)
[2026-08-11 21:42:07] [INFO] [javdb_scraper.py:196] - 💾 [DB] 番号 [IPZZ-893] 详细数据及磁力已成功存库
[2026-08-11 21:42:07] [INFO] [javdb_scraper.py:196] - 🔎 [4/5] 抓取详情: IPZZ-919 (https://javdb.com/v/0eEdNq)
[2026-08-11 21:42:10] [INFO] [javdb_scraper.py:196] - 💾 [DB] 番号 [IPZZ-919] 详细数据及磁力已成功存库
[2026-08-11 21:42:10] [INFO] [javdb_scraper.py:196] - 🔎 [5/5] 抓取详情: IPZZ-944 (https://javdb.com/v/P9me8a)
[2026-08-11 21:42:13] [INFO] [javdb_scraper.py:196] - 💾 [DB] 番号 [IPZZ-944] 详细数据及磁力已成功存库
[2026-08-11 21:42:13] [INFO] [server.py:707] - ✅ [Cron 定时任务完成] ID: 1
[2026-08-11 21:43:04] [INFO] [server.py:191] - 💾 已成功将 3 个定时任务持久化保存至 D:\JAVDB_AutoSpider_V1.2\backend\scheduled_jobs.json
[2026-08-11 21:44:53] [INFO] [server.py:223] - ⏰ APScheduler 定时任务引擎已启动
[2026-08-11 21:44:53] [INFO] [server.py:236] - 🔄 [Lifespan] 自动成功恢复了 3 个持久化 Cron 定时任务！
[2026-08-11 21:44:53] [INFO] [server.py:239] - 📥 异步任务队列 Consumer 已就绪
[2026-08-11 21:44:57] [INFO] [javdb_scraper.py:1496] - 📊 [115 Quota] 离线配额 -> 总量: 1500, 已用: 3, 剩余可用: 1497
[2026-08-11 21:45:02] [INFO] [server.py:191] - 💾 已成功将 4 个定时任务持久化保存至 D:\JAVDB_AutoSpider_V1.2\backend\scheduled_jobs.json
[2026-08-11 21:45:02] [INFO] [server.py:564] - ⏰ [Cron 定时任务触发] ID: test_stop_1 | 测试停止按钮
[2026-08-11 21:45:02] [INFO] [server.py:776] - 🚀 [Cron Trigger] 手动触发运行定时任务 ID: test_stop_1 (测试停止按钮)
[2026-08-11 21:45:02] [INFO] [server.py:712] - ✅ [Cron 定时任务完成] ID: test_stop_1
[2026-08-11 21:45:02] [INFO] [server.py:191] - 💾 已成功将 3 个定时任务持久化保存至 D:\JAVDB_AutoSpider_V1.2\backend\scheduled_jobs.json
[2026-08-11 21:46:42] [INFO] [javdb_scraper.py:1126] - 🧹 [DB] 成功清空数据库，共删除 158 条影片记录
[2026-08-11 21:46:45] [INFO] [javdb_scraper.py:1496] - 📊 [115 Quota] 离线配额 -> 总量: 1500, 已用: 3, 剩余可用: 1497
[2026-08-11 21:47:00] [INFO] [server.py:776] - 🚀 [Cron Trigger] 手动触发运行定时任务 ID: actors_pipeline_msopf76b (全量订阅演员一条龙 [智能增量 | 抓取元数据入库])
[2026-08-11 21:47:00] [INFO] [server.py:564] - ⏰ [Cron 定时任务触发] ID: actors_pipeline_msopf76b | 全量订阅演员一条龙 [智能增量 | 抓取元数据入库]
[2026-08-11 21:47:00] [INFO] [server.py:712] - ✅ [Cron 定时任务完成] ID: actors_pipeline_msopf76b
[2026-08-11 21:47:13] [INFO] [server.py:191] - 💾 已成功将 2 个定时任务持久化保存至 D:\JAVDB_AutoSpider_V1.2\backend\scheduled_jobs.json
[2026-08-11 21:47:20] [INFO] [server.py:191] - 💾 已成功将 3 个定时任务持久化保存至 D:\JAVDB_AutoSpider_V1.2\backend\scheduled_jobs.json
[2026-08-11 21:47:22] [INFO] [server.py:776] - 🚀 [Cron Trigger] 手动触发运行定时任务 ID: actors_pipeline_msopsuu6 (全量订阅演员一条龙 [全量翻页 | 抓取元数据入库])
[2026-08-11 21:47:22] [INFO] [server.py:564] - ⏰ [Cron 定时任务触发] ID: actors_pipeline_msopsuu6 | 全量订阅演员一条龙 [全量翻页 | 抓取元数据入库]
[2026-08-11 21:47:22] [INFO] [server.py:712] - ✅ [Cron 定时任务完成] ID: actors_pipeline_msopsuu6
[2026-08-11 21:47:31] [INFO] [javdb_scraper.py:1496] - 📊 [115 Quota] 离线配额 -> 总量: 1500, 已用: 3, 剩余可用: 1497
[2026-08-11 21:47:36] [INFO] [server.py:776] - 🚀 [Cron Trigger] 手动触发运行定时任务 ID: actors_pipeline_msopsuu6 (全量订阅演员一条龙 [全量翻页 | 抓取元数据入库])
[2026-08-11 21:47:36] [INFO] [server.py:564] - ⏰ [Cron 定时任务触发] ID: actors_pipeline_msopsuu6 | 全量订阅演员一条龙 [全量翻页 | 抓取元数据入库]
[2026-08-11 21:47:36] [INFO] [server.py:712] - ✅ [Cron 定时任务完成] ID: actors_pipeline_msopsuu6
[2026-08-11 21:47:38] [INFO] [server.py:776] - 🚀 [Cron Trigger] 手动触发运行定时任务 ID: actors_pipeline_msopsuu6 (全量订阅演员一条龙 [全量翻页 | 抓取元数据入库])
[2026-08-11 21:47:38] [INFO] [server.py:564] - ⏰ [Cron 定时任务触发] ID: actors_pipeline_msopsuu6 | 全量订阅演员一条龙 [全量翻页 | 抓取元数据入库]
[2026-08-11 21:47:38] [INFO] [server.py:712] - ✅ [Cron 定时任务完成] ID: actors_pipeline_msopsuu6
[2026-08-11 21:48:13] [INFO] [server.py:776] - 🚀 [Cron Trigger] 手动触发运行定时任务 ID: actors_pipeline_msopsuu6 (全量订阅演员一条龙 [全量翻页 | 抓取元数据入库])
[2026-08-11 21:48:13] [INFO] [server.py:564] - ⏰ [Cron 定时任务触发] ID: actors_pipeline_msopsuu6 | 全量订阅演员一条龙 [全量翻页 | 抓取元数据入库]
[2026-08-11 21:48:13] [INFO] [server.py:712] - ✅ [Cron 定时任务完成] ID: actors_pipeline_msopsuu6
[2026-08-11 21:48:56] [INFO] [server.py:223] - ⏰ APScheduler 定时任务引擎已启动
[2026-08-11 21:48:56] [INFO] [server.py:236] - 🔄 [Lifespan] 自动成功恢复了 3 个持久化 Cron 定时任务！
[2026-08-11 21:48:56] [INFO] [server.py:239] - 📥 异步任务队列 Consumer 已就绪
[2026-08-11 21:49:03] [INFO] [server.py:191] - 💾 已成功将 4 个定时任务持久化保存至 D:\JAVDB_AutoSpider_V1.2\backend\scheduled_jobs.json
[2026-08-11 21:49:03] [INFO] [server.py:567] - ⏰ [Cron 定时任务触发] ID: test_actors_1 | 测试演员一条龙
[2026-08-11 21:49:03] [INFO] [server.py:779] - 🚀 [Cron Trigger] 手动触发运行定时任务 ID: test_actors_1 (测试演员一条龙)
[2026-08-11 21:49:03] [ERROR] [server.py:720] - ❌ [Cron 定时任务异常] ID: test_actors_1 | 报错: 'JavDBScraper' object has no attribute 'get_subscribed_actors'
[2026-08-11 21:50:03] [INFO] [server.py:223] - ⏰ APScheduler 定时任务引擎已启动
[2026-08-11 21:50:03] [INFO] [server.py:236] - 🔄 [Lifespan] 自动成功恢复了 4 个持久化 Cron 定时任务！
[2026-08-11 21:50:03] [INFO] [server.py:239] - 📥 异步任务队列 Consumer 已就绪
[2026-08-11 21:50:08] [INFO] [server.py:191] - 💾 已成功将 5 个定时任务持久化保存至 D:\JAVDB_AutoSpider_V1.2\backend\scheduled_jobs.json
[2026-08-11 21:50:08] [INFO] [server.py:567] - ⏰ [Cron 定时任务触发] ID: test_actors_2 | 测试演员一条龙
[2026-08-11 21:50:08] [INFO] [server.py:779] - 🚀 [Cron Trigger] 手动触发运行定时任务 ID: test_actors_2 (测试演员一条龙)
[2026-08-11 21:50:08] [INFO] [javdb_scraper.py:379] - 🎭 [User] 正在拉取用户订阅演员...
[2026-08-11 21:50:10] [INFO] [server.py:191] - 💾 已成功将 4 个定时任务持久化保存至 D:\JAVDB_AutoSpider_V1.2\backend\scheduled_jobs.json
[2026-08-11 21:50:11] [INFO] [javdb_scraper.py:397] - ✅ [User] 成功拉取到 3 位已订阅演员
[2026-08-11 21:50:11] [INFO] [javdb_scraper.py:196] - 📄 [Scrape] 正在抓取索引页 [1]: https://javdb.com/actors/RdEb4
[2026-08-11 21:50:14] [INFO] [server.py:191] - 💾 已成功将 5 个定时任务持久化保存至 D:\JAVDB_AutoSpider_V1.2\backend\scheduled_jobs.json
[2026-08-11 21:50:14] [INFO] [server.py:567] - ⏰ [Cron 定时任务触发] ID: test_actors_3 | 测试
[2026-08-11 21:50:14] [INFO] [server.py:779] - 🚀 [Cron Trigger] 手动触发运行定时任务 ID: test_actors_3 (测试)
[2026-08-11 21:50:14] [INFO] [javdb_scraper.py:379] - 🎭 [User] 正在拉取用户订阅演员...
[2026-08-11 21:50:14] [INFO] [server.py:191] - 💾 已成功将 4 个定时任务持久化保存至 D:\JAVDB_AutoSpider_V1.2\backend\scheduled_jobs.json
[2026-08-11 21:50:14] [INFO] [javdb_scraper.py:738] - 📥 [DB] 索引记录批量存库成功 (40 条)
[2026-08-11 21:50:14] [INFO] [javdb_scraper.py:196] - 📥 [DB] 索引记录批量存库成功 (40 条)
[2026-08-11 21:50:14] [INFO] [javdb_scraper.py:196] - ✅ [Scrape] 达到最大指定抓取页数 (1 页)，停止翻页。
[2026-08-11 21:50:14] [INFO] [javdb_scraper.py:196] - 📄 [Scrape] 正在抓取索引页 [1]: https://javdb.com/actors/1Bk9J
[2026-08-11 21:50:16] [INFO] [javdb_scraper.py:397] - ✅ [User] 成功拉取到 3 位已订阅演员
[2026-08-11 21:50:16] [INFO] [javdb_scraper.py:196] - 📄 [Scrape] 正在抓取索引页 [1]: https://javdb.com/actors/RdEb4
[2026-08-11 21:50:16] [INFO] [javdb_scraper.py:738] - 📥 [DB] 索引记录批量存库成功 (5 条)
[2026-08-11 21:50:16] [INFO] [javdb_scraper.py:196] - 📥 [DB] 索引记录批量存库成功 (5 条)
[2026-08-11 21:50:16] [INFO] [javdb_scraper.py:196] - ✅ [Scrape] 达到最大指定抓取页数 (1 页)，停止翻页。
[2026-08-11 21:50:16] [INFO] [javdb_scraper.py:196] - 📄 [Scrape] 正在抓取索引页 [1]: https://javdb.com/actors/XxvJ
[2026-08-11 21:50:18] [INFO] [javdb_scraper.py:738] - 📥 [DB] 索引记录批量存库成功 (29 条)
[2026-08-11 21:50:18] [INFO] [javdb_scraper.py:196] - 📥 [DB] 索引记录批量存库成功 (29 条)
[2026-08-11 21:50:18] [INFO] [javdb_scraper.py:196] - ✅ [Scrape] 达到最大指定抓取页数 (1 页)，停止翻页。
[2026-08-11 21:50:18] [INFO] [javdb_scraper.py:196] - 🚀 [Scrape] 开始抓取待更新影片详情，总量: 74
[2026-08-11 21:50:18] [INFO] [javdb_scraper.py:196] - 🔎 [1/74] 抓取详情: ADN-801 (https://javdb.com/v/z4ZKgb)
[2026-08-11 21:50:19] [INFO] [javdb_scraper.py:738] - 📥 [DB] 索引记录批量存库成功 (40 条)
[2026-08-11 21:50:19] [INFO] [javdb_scraper.py:196] - 📥 [DB] 索引记录批量存库成功 (40 条)
[2026-08-11 21:50:19] [INFO] [javdb_scraper.py:196] - ✅ [Scrape] 达到最大指定抓取页数 (1 页)，停止翻页。
[2026-08-11 21:50:19] [INFO] [javdb_scraper.py:196] - 📄 [Scrape] 正在抓取索引页 [1]: https://javdb.com/actors/1Bk9J
[2026-08-11 21:50:21] [INFO] [javdb_scraper.py:738] - 📥 [DB] 索引记录批量存库成功 (5 条)
[2026-08-11 21:50:21] [INFO] [javdb_scraper.py:196] - 📥 [DB] 索引记录批量存库成功 (5 条)
[2026-08-11 21:50:21] [INFO] [javdb_scraper.py:196] - ✅ [Scrape] 达到最大指定抓取页数 (1 页)，停止翻页。
[2026-08-11 21:50:21] [INFO] [javdb_scraper.py:196] - 📄 [Scrape] 正在抓取索引页 [1]: https://javdb.com/actors/XxvJ
[2026-08-11 21:50:22] [INFO] [javdb_scraper.py:196] - 💾 [DB] 番号 [ADN-801] 详细数据及磁力已成功存库
[2026-08-11 21:50:22] [INFO] [javdb_scraper.py:196] - 🔎 [2/74] 抓取详情: AGMX-271 (https://javdb.com/v/96Q8GX)
[2026-08-11 21:50:23] [INFO] [javdb_scraper.py:738] - 📥 [DB] 索引记录批量存库成功 (29 条)
[2026-08-11 21:50:23] [INFO] [javdb_scraper.py:196] - 📥 [DB] 索引记录批量存库成功 (29 条)
[2026-08-11 21:50:23] [INFO] [javdb_scraper.py:196] - ✅ [Scrape] 达到最大指定抓取页数 (1 页)，停止翻页。
[2026-08-11 21:50:23] [INFO] [javdb_scraper.py:196] - 🚀 [Scrape] 开始抓取待更新影片详情，总量: 74
[2026-08-11 21:50:23] [INFO] [javdb_scraper.py:196] - 🔎 [1/74] 抓取详情: ADN-801 (https://javdb.com/v/z4ZKgb)
[2026-08-11 21:50:24] [INFO] [javdb_scraper.py:196] - 💾 [DB] 番号 [AGMX-271] 详细数据及磁力已成功存库
[2026-08-11 21:50:24] [INFO] [javdb_scraper.py:196] - 🔎 [3/74] 抓取详情: ATKD-289 (https://javdb.com/v/AQeyn)
[2026-08-11 21:50:26] [INFO] [javdb_scraper.py:196] - 💾 [DB] 番号 [ADN-801] 详细数据及磁力已成功存库
[2026-08-11 21:50:26] [INFO] [javdb_scraper.py:196] - 🔎 [2/74] 抓取详情: AGMX-271 (https://javdb.com/v/96Q8GX)
[2026-08-11 21:50:26] [INFO] [javdb_scraper.py:196] - 💾 [DB] 番号 [ATKD-289] 详细数据及磁力已成功存库
[2026-08-11 21:50:26] [INFO] [javdb_scraper.py:196] - 🔎 [4/74] 抓取详情: ATKD-302 (https://javdb.com/v/GPQ22)
[2026-08-11 21:50:29] [INFO] [javdb_scraper.py:196] - 💾 [DB] 番号 [ATKD-302] 详细数据及磁力已成功存库
[2026-08-11 21:50:29] [INFO] [javdb_scraper.py:196] - 🔎 [5/74] 抓取详情: ATKD-311 (https://javdb.com/v/9GmwE)
[2026-08-11 21:50:29] [INFO] [javdb_scraper.py:196] - 💾 [DB] 番号 [AGMX-271] 详细数据及磁力已成功存库
[2026-08-11 21:50:29] [INFO] [javdb_scraper.py:196] - 🔎 [3/74] 抓取详情: ATKD-289 (https://javdb.com/v/AQeyn)
[2026-08-11 21:50:32] [INFO] [javdb_scraper.py:196] - 💾 [DB] 番号 [ATKD-311] 详细数据及磁力已成功存库
[2026-08-11 21:50:32] [INFO] [javdb_scraper.py:196] - 🔎 [6/74] 抓取详情: ATKD-313 (https://javdb.com/v/7avGB)
[2026-08-11 21:50:32] [INFO] [javdb_scraper.py:196] - 💾 [DB] 番号 [ATKD-289] 详细数据及磁力已成功存库
[2026-08-11 21:50:32] [INFO] [javdb_scraper.py:196] - 🔎 [4/74] 抓取详情: ATKD-302 (https://javdb.com/v/GPQ22)
[2026-08-11 21:50:34] [WARNING] [server.py:537] - 🛑 [Queue] 用户发出了针对运行中任务 [test_actors_2] 的停止指令
[2026-08-11 21:50:34] [INFO] [javdb_scraper.py:196] - 💾 [DB] 番号 [ATKD-313] 详细数据及磁力已成功存库
[2026-08-11 21:50:34] [WARNING] [javdb_scraper.py:195] - 🛑 [Cancel Guard] 收到用户取消任务指令，中断详情抓取过程。
[2026-08-11 21:50:35] [WARNING] [server.py:537] - 🛑 [Queue] 用户发出了针对运行中任务 [test_actors_3] 的停止指令
[2026-08-11 21:50:36] [INFO] [javdb_scraper.py:196] - 💾 [DB] 番号 [ATKD-302] 详细数据及磁力已成功存库
[2026-08-11 21:50:36] [WARNING] [javdb_scraper.py:195] - 🛑 [Cancel Guard] 收到用户取消任务指令，中断详情抓取过程。
[2026-08-11 21:51:42] [INFO] [server.py:191] - 💾 已成功将 3 个定时任务持久化保存至 D:\JAVDB_AutoSpider_V1.2\backend\scheduled_jobs.json
[2026-08-11 21:51:44] [INFO] [server.py:191] - 💾 已成功将 2 个定时任务持久化保存至 D:\JAVDB_AutoSpider_V1.2\backend\scheduled_jobs.json
[2026-08-11 21:51:46] [INFO] [server.py:191] - 💾 已成功将 1 个定时任务持久化保存至 D:\JAVDB_AutoSpider_V1.2\backend\scheduled_jobs.json
[2026-08-11 21:51:47] [INFO] [server.py:191] - 💾 已成功将 0 个定时任务持久化保存至 D:\JAVDB_AutoSpider_V1.2\backend\scheduled_jobs.json
[2026-08-11 21:52:06] [INFO] [server.py:223] - ⏰ APScheduler 定时任务引擎已启动
[2026-08-11 21:52:06] [INFO] [server.py:239] - 📥 异步任务队列 Consumer 已就绪
[2026-08-11 21:52:48] [INFO] [server.py:191] - 💾 已成功将 1 个定时任务持久化保存至 D:\JAVDB_AutoSpider_V1.2\backend\scheduled_jobs.json
[2026-08-11 21:52:49] [INFO] [server.py:567] - ⏰ [Cron 定时任务触发] ID: actors_pipeline_msopzw4t | 全量订阅演员一条龙 [智能增量 | 抓取元数据入库]
[2026-08-11 21:52:49] [INFO] [server.py:779] - 🚀 [Cron Trigger] 手动触发运行定时任务 ID: actors_pipeline_msopzw4t (全量订阅演员一条龙 [智能增量 | 抓取元数据入库])
[2026-08-11 21:52:49] [INFO] [javdb_scraper.py:379] - 🎭 [User] 正在拉取用户订阅演员...
[2026-08-11 21:52:53] [INFO] [javdb_scraper.py:397] - ✅ [User] 成功拉取到 3 位已订阅演员
[2026-08-11 21:52:53] [INFO] [javdb_scraper.py:196] - 📄 [Scrape] 正在抓取索引页 [1]: https://javdb.com/actors/RdEb4
[2026-08-11 21:52:55] [INFO] [javdb_scraper.py:738] - 📥 [DB] 索引记录批量存库成功 (40 条)
[2026-08-11 21:52:55] [INFO] [javdb_scraper.py:196] - 📥 [DB] 索引记录批量存库成功 (40 条)
[2026-08-11 21:52:55] [INFO] [javdb_scraper.py:196] - ✅ [Scrape] 达到最大指定抓取页数 (1 页)，停止翻页。
[2026-08-11 21:52:55] [INFO] [javdb_scraper.py:196] - 📄 [Scrape] 正在抓取索引页 [1]: https://javdb.com/actors/1Bk9J
[2026-08-11 21:52:57] [INFO] [javdb_scraper.py:738] - 📥 [DB] 索引记录批量存库成功 (5 条)
[2026-08-11 21:52:57] [INFO] [javdb_scraper.py:196] - 📥 [DB] 索引记录批量存库成功 (5 条)
[2026-08-11 21:52:57] [INFO] [javdb_scraper.py:196] - ✅ [Scrape] 达到最大指定抓取页数 (1 页)，停止翻页。
[2026-08-11 21:52:57] [INFO] [javdb_scraper.py:196] - 📄 [Scrape] 正在抓取索引页 [1]: https://javdb.com/actors/XxvJ
[2026-08-11 21:53:00] [INFO] [javdb_scraper.py:738] - 📥 [DB] 索引记录批量存库成功 (29 条)
[2026-08-11 21:53:00] [INFO] [javdb_scraper.py:196] - 📥 [DB] 索引记录批量存库成功 (29 条)
[2026-08-11 21:53:00] [INFO] [javdb_scraper.py:196] - ✅ [Scrape] 达到最大指定抓取页数 (1 页)，停止翻页。
[2026-08-11 21:53:00] [INFO] [javdb_scraper.py:196] - 🚀 [Scrape] 开始抓取待更新影片详情，总量: 72
[2026-08-11 21:53:00] [INFO] [javdb_scraper.py:196] - 🔎 [1/72] 抓取详情: ADN-801 (https://javdb.com/v/z4ZKgb)
[2026-08-11 21:53:03] [INFO] [javdb_scraper.py:196] - 💾 [DB] 番号 [ADN-801] 详细数据及磁力已成功存库
[2026-08-11 21:53:03] [INFO] [javdb_scraper.py:196] - 🔎 [2/72] 抓取详情: AGMX-271 (https://javdb.com/v/96Q8GX)
[2026-08-11 21:53:06] [INFO] [javdb_scraper.py:196] - 💾 [DB] 番号 [AGMX-271] 详细数据及磁力已成功存库
[2026-08-11 21:53:06] [INFO] [javdb_scraper.py:196] - 🔎 [3/72] 抓取详情: ATKD-311 (https://javdb.com/v/9GmwE)
[2026-08-11 21:53:08] [INFO] [javdb_scraper.py:196] - 💾 [DB] 番号 [ATKD-311] 详细数据及磁力已成功存库
[2026-08-11 21:53:08] [INFO] [javdb_scraper.py:196] - 🔎 [4/72] 抓取详情: ATKD-313 (https://javdb.com/v/7avGB)
[2026-08-11 21:53:11] [INFO] [javdb_scraper.py:196] - 💾 [DB] 番号 [ATKD-313] 详细数据及磁力已成功存库
[2026-08-11 21:53:11] [INFO] [javdb_scraper.py:196] - 🔎 [5/72] 抓取详情: BACJ-190 (https://javdb.com/v/DRXe62)
[2026-08-11 21:53:13] [INFO] [javdb_scraper.py:196] - 💾 [DB] 番号 [BACJ-190] 详细数据及磁力已成功存库
[2026-08-11 21:53:13] [INFO] [javdb_scraper.py:196] - 🔎 [6/72] 抓取详情: CAWD-987 (https://javdb.com/v/yxzYpg)
[2026-08-11 21:53:16] [INFO] [javdb_scraper.py:196] - 💾 [DB] 番号 [CAWD-987] 详细数据及磁力已成功存库
[2026-08-11 21:53:16] [INFO] [javdb_scraper.py:196] - 🔎 [7/72] 抓取详情: CJOD-522 (https://javdb.com/v/EbP3pJ)
[2026-08-11 21:53:19] [INFO] [javdb_scraper.py:196] - 💾 [DB] 番号 [CJOD-522] 详细数据及磁力已成功存库
[2026-08-11 21:53:19] [INFO] [javdb_scraper.py:196] - 🔎 [8/72] 抓取详情: CJOD-527 (https://javdb.com/v/QNREbn)
[2026-08-11 21:53:21] [INFO] [javdb_scraper.py:196] - 💾 [DB] 番号 [CJOD-527] 详细数据及磁力已成功存库
[2026-08-11 21:53:21] [INFO] [javdb_scraper.py:196] - 🔎 [9/72] 抓取详情: DASS-945 (https://javdb.com/v/1AWGVZ)
[2026-08-11 21:53:23] [INFO] [javdb_scraper.py:196] - 💾 [DB] 番号 [DASS-945] 详细数据及磁力已成功存库
[2026-08-11 21:53:23] [INFO] [javdb_scraper.py:196] - 🔎 [10/72] 抓取详情: DASS-977 (https://javdb.com/v/4D4W2p)
[2026-08-11 21:53:26] [INFO] [javdb_scraper.py:196] - 💾 [DB] 番号 [DASS-977] 详细数据及磁力已成功存库
[2026-08-11 21:53:26] [INFO] [javdb_scraper.py:196] - 🔎 [11/72] 抓取详情: DSOD-060 (https://javdb.com/v/e8Nwnp)
[2026-08-11 21:53:28] [INFO] [javdb_scraper.py:196] - 💾 [DB] 番号 [DSOD-060] 详细数据及磁力已成功存库
[2026-08-11 21:53:28] [INFO] [javdb_scraper.py:196] - 🔎 [12/72] 抓取详情: DSOD-062 (https://javdb.com/v/96QqEg)
[2026-08-11 21:53:31] [INFO] [javdb_scraper.py:196] - 💾 [DB] 番号 [DSOD-062] 详细数据及磁力已成功存库
[2026-08-11 21:53:31] [INFO] [javdb_scraper.py:196] - 🔎 [13/72] 抓取详情: FC2-1062588 (https://javdb.com/v/8qRkO)
[2026-08-11 21:53:35] [WARNING] [javdb_scraper.py:195] - 🔒 [Paywall Guard] 番号 [FC2-1062588] 触发 VIP 权限限制重定向 (https://javdb.com/plans/ypay)，标记为已尝试，以后不再重复抓取。
[2026-08-11 21:53:35] [INFO] [javdb_scraper.py:650] - 🔒 [DB] 番号 [FC2-1062588] 已标记为 is_vip_blocked = 1 (自动在前端海报墙隐匿，且防止重复探寻)
[2026-08-11 21:53:35] [INFO] [javdb_scraper.py:196] - 🔎 [14/72] 抓取详情: FC2-1066192 (https://javdb.com/v/YrO8x)
[2026-08-11 21:53:38] [WARNING] [javdb_scraper.py:195] - 🔒 [Paywall Guard] 番号 [FC2-1066192] 触发 VIP 权限限制重定向 (https://javdb.com/plans/ypay)，标记为已尝试，以后不再重复抓取。
[2026-08-11 21:53:38] [INFO] [javdb_scraper.py:650] - 🔒 [DB] 番号 [FC2-1066192] 已标记为 is_vip_blocked = 1 (自动在前端海报墙隐匿，且防止重复探寻)
[2026-08-11 21:53:38] [INFO] [javdb_scraper.py:196] - 🔎 [15/72] 抓取详情: FC2-1083921 (https://javdb.com/v/14ZrZ)
[2026-08-11 21:53:41] [WARNING] [javdb_scraper.py:195] - 🔒 [Paywall Guard] 番号 [FC2-1083921] 触发 VIP 权限限制重定向 (https://javdb.com/plans/ypay)，标记为已尝试，以后不再重复抓取。
[2026-08-11 21:53:41] [INFO] [javdb_scraper.py:650] - 🔒 [DB] 番号 [FC2-1083921] 已标记为 is_vip_blocked = 1 (自动在前端海报墙隐匿，且防止重复探寻)
[2026-08-11 21:53:41] [INFO] [javdb_scraper.py:196] - 🔎 [16/72] 抓取详情: FC2-1100033 (https://javdb.com/v/9q8gX)
[2026-08-11 21:53:44] [WARNING] [javdb_scraper.py:195] - 🔒 [Paywall Guard] 番号 [FC2-1100033] 触发 VIP 权限限制重定向 (https://javdb.com/plans/ypay)，标记为已尝试，以后不再重复抓取。
[2026-08-11 21:53:44] [INFO] [javdb_scraper.py:650] - 🔒 [DB] 番号 [FC2-1100033] 已标记为 is_vip_blocked = 1 (自动在前端海报墙隐匿，且防止重复探寻)
[2026-08-11 21:53:44] [INFO] [javdb_scraper.py:196] - 🔎 [17/72] 抓取详情: FC2-1100498 (https://javdb.com/v/E6Q14)
[2026-08-11 21:53:47] [WARNING] [javdb_scraper.py:195] - 🔒 [Paywall Guard] 番号 [FC2-1100498] 触发 VIP 权限限制重定向 (https://javdb.com/plans/ypay)，标记为已尝试，以后不再重复抓取。
[2026-08-11 21:53:47] [INFO] [javdb_scraper.py:650] - 🔒 [DB] 番号 [FC2-1100498] 已标记为 is_vip_blocked = 1 (自动在前端海报墙隐匿，且防止重复探寻)
[2026-08-11 21:53:47] [INFO] [javdb_scraper.py:196] - 🔎 [18/72] 抓取详情: FC2-1110408 (https://javdb.com/v/gqZ7G)
[2026-08-11 21:53:50] [WARNING] [javdb_scraper.py:195] - 🔒 [Paywall Guard] 番号 [FC2-1110408] 触发 VIP 权限限制重定向 (https://javdb.com/plans/ypay)，标记为已尝试，以后不再重复抓取。
[2026-08-11 21:53:50] [INFO] [javdb_scraper.py:650] - 🔒 [DB] 番号 [FC2-1110408] 已标记为 is_vip_blocked = 1 (自动在前端海报墙隐匿，且防止重复探寻)
[2026-08-11 21:53:50] [INFO] [javdb_scraper.py:196] - 🔎 [19/72] 抓取详情: FC2-1135604 (https://javdb.com/v/2qpEW)
[2026-08-11 21:53:52] [WARNING] [javdb_scraper.py:195] - 🔒 [Paywall Guard] 番号 [FC2-1135604] 触发 VIP 权限限制重定向 (https://javdb.com/plans/ypay)，标记为已尝试，以后不再重复抓取。
[2026-08-11 21:53:52] [INFO] [javdb_scraper.py:650] - 🔒 [DB] 番号 [FC2-1135604] 已标记为 is_vip_blocked = 1 (自动在前端海报墙隐匿，且防止重复探寻)
[2026-08-11 21:53:52] [INFO] [javdb_scraper.py:196] - 🔎 [20/72] 抓取详情: FC2-1314418 (https://javdb.com/v/Kr8Kv)
[2026-08-11 21:53:56] [WARNING] [javdb_scraper.py:195] - 🔒 [Paywall Guard] 番号 [FC2-1314418] 触发 VIP 权限限制重定向 (https://javdb.com/plans/ypay)，标记为已尝试，以后不再重复抓取。
[2026-08-11 21:53:56] [INFO] [javdb_scraper.py:650] - 🔒 [DB] 番号 [FC2-1314418] 已标记为 is_vip_blocked = 1 (自动在前端海报墙隐匿，且防止重复探寻)
[2026-08-11 21:53:56] [INFO] [javdb_scraper.py:196] - 🔎 [21/72] 抓取详情: FC2-1625020 (https://javdb.com/v/8w4Md)
[2026-08-11 21:53:59] [WARNING] [javdb_scraper.py:195] - 🔒 [Paywall Guard] 番号 [FC2-1625020] 触发 VIP 权限限制重定向 (https://javdb.com/plans/ypay)，标记为已尝试，以后不再重复抓取。
[2026-08-11 21:53:59] [INFO] [javdb_scraper.py:650] - 🔒 [DB] 番号 [FC2-1625020] 已标记为 is_vip_blocked = 1 (自动在前端海报墙隐匿，且防止重复探寻)
[2026-08-11 21:53:59] [INFO] [javdb_scraper.py:196] - 🔎 [22/72] 抓取详情: FCP-058 (https://javdb.com/v/mBr2n)
[2026-08-11 21:54:01] [INFO] [javdb_scraper.py:196] - 💾 [DB] 番号 [FCP-058] 详细数据及磁力已成功存库
[2026-08-11 21:54:01] [INFO] [javdb_scraper.py:196] - 🔎 [23/72] 抓取详情: HMN-849 (https://javdb.com/v/OXra20)
[2026-08-11 21:54:04] [INFO] [javdb_scraper.py:196] - 💾 [DB] 番号 [HMN-849] 详细数据及磁力已成功存库
[2026-08-11 21:54:04] [INFO] [javdb_scraper.py:196] - 🔎 [24/72] 抓取详情: HMN-878 (https://javdb.com/v/ZN36w7)
[2026-08-11 21:54:06] [INFO] [javdb_scraper.py:196] - 💾 [DB] 番号 [HMN-878] 详细数据及磁力已成功存库
[2026-08-11 21:54:06] [INFO] [javdb_scraper.py:196] - 🔎 [25/72] 抓取详情: HMN-886 (https://javdb.com/v/6dQAQD)
[2026-08-11 21:54:08] [INFO] [javdb_scraper.py:196] - 💾 [DB] 番号 [HMN-886] 详细数据及磁力已成功存库
[2026-08-11 21:54:08] [INFO] [javdb_scraper.py:196] - 🔎 [26/72] 抓取详情: HSODA-124 (https://javdb.com/v/deDb7Q)
[2026-08-11 21:54:10] [INFO] [javdb_scraper.py:196] - 💾 [DB] 番号 [HSODA-124] 详细数据及磁力已成功存库
[2026-08-11 21:54:10] [INFO] [javdb_scraper.py:196] - 🔎 [27/72] 抓取详情: IPX-262 (https://javdb.com/v/rqGWJ)
[2026-08-11 21:54:13] [INFO] [javdb_scraper.py:196] - 💾 [DB] 番号 [IPX-262] 详细数据及磁力已成功存库
[2026-08-11 21:54:13] [INFO] [javdb_scraper.py:196] - 🔎 [28/72] 抓取详情: IPZZ-893 (https://javdb.com/v/ZN3WMJ)
[2026-08-11 21:54:17] [INFO] [javdb_scraper.py:196] - 💾 [DB] 番号 [IPZZ-893] 详细数据及磁力已成功存库
[2026-08-11 21:54:17] [INFO] [javdb_scraper.py:196] - 🔎 [29/72] 抓取详情: IPZZ-919 (https://javdb.com/v/0eEdNq)
[2026-08-11 21:54:20] [INFO] [javdb_scraper.py:196] - 💾 [DB] 番号 [IPZZ-919] 详细数据及磁力已成功存库
[2026-08-11 21:54:20] [INFO] [javdb_scraper.py:196] - 🔎 [30/72] 抓取详情: IPZZ-944 (https://javdb.com/v/P9me8a)
[2026-08-11 21:54:23] [INFO] [javdb_scraper.py:196] - 💾 [DB] 番号 [IPZZ-944] 详细数据及磁力已成功存库
[2026-08-11 21:54:23] [INFO] [javdb_scraper.py:196] - 🔎 [31/72] 抓取详情: JUFE-617 (https://javdb.com/v/EbnX6x)
[2026-08-11 21:54:25] [INFO] [javdb_scraper.py:196] - 💾 [DB] 番号 [JUFE-617] 详细数据及磁力已成功存库
[2026-08-11 21:54:25] [INFO] [javdb_scraper.py:196] - 🔎 [32/72] 抓取详情: JUFE-618 (https://javdb.com/v/AqnxEw)
[2026-08-11 21:54:27] [INFO] [javdb_scraper.py:196] - 💾 [DB] 番号 [JUFE-618] 详细数据及磁力已成功存库
[2026-08-11 21:54:27] [INFO] [javdb_scraper.py:196] - 🔎 [33/72] 抓取详情: JUFE-622 (https://javdb.com/v/kKDKMV)
[2026-08-11 21:54:30] [INFO] [javdb_scraper.py:196] - 💾 [DB] 番号 [JUFE-622] 详细数据及磁力已成功存库
[2026-08-11 21:54:30] [INFO] [javdb_scraper.py:196] - 🔎 [34/72] 抓取详情: JUR-753 (https://javdb.com/v/Ebn8eJ)
[2026-08-11 21:54:32] [INFO] [javdb_scraper.py:196] - 💾 [DB] 番号 [JUR-753] 详细数据及磁力已成功存库
[2026-08-11 21:54:32] [INFO] [javdb_scraper.py:196] - 🔎 [35/72] 抓取详情: MAAN-678 (https://javdb.com/v/ApQqy)
[2026-08-11 21:54:34] [INFO] [javdb_scraper.py:196] - 💾 [DB] 番号 [MAAN-678] 详细数据及磁力已成功存库
[2026-08-11 21:54:34] [INFO] [javdb_scraper.py:196] - 🔎 [36/72] 抓取详情: MBDD-2190 (https://javdb.com/v/Kkpg0M)
[2026-08-11 21:54:36] [INFO] [javdb_scraper.py:196] - 💾 [DB] 番号 [MBDD-2190] 详细数据及磁力已成功存库
[2026-08-11 21:54:36] [INFO] [javdb_scraper.py:196] - 🔎 [37/72] 抓取详情: MIMK-279 (https://javdb.com/v/Bzaz9G)
[2026-08-11 21:54:39] [INFO] [javdb_scraper.py:196] - 💾 [DB] 番号 [MIMK-279] 详细数据及磁力已成功存库
[2026-08-11 21:54:39] [INFO] [javdb_scraper.py:196] - 🔎 [38/72] 抓取详情: MNGS-051 (https://javdb.com/v/96p0mV)
[2026-08-11 21:54:42] [INFO] [javdb_scraper.py:196] - 💾 [DB] 番号 [MNGS-051] 详细数据及磁力已成功存库
[2026-08-11 21:54:42] [INFO] [javdb_scraper.py:196] - 🔎 [39/72] 抓取详情: MNGS-067 (https://javdb.com/v/kKDVR6)
[2026-08-11 21:54:45] [INFO] [javdb_scraper.py:196] - 💾 [DB] 番号 [MNGS-067] 详细数据及磁力已成功存库
[2026-08-11 21:54:45] [INFO] [javdb_scraper.py:196] - 🔎 [40/72] 抓取详情: MNGS-071 (https://javdb.com/v/pkz9Jb)
[2026-08-11 21:54:48] [INFO] [javdb_scraper.py:196] - 💾 [DB] 番号 [MNGS-071] 详细数据及磁力已成功存库
[2026-08-11 21:54:48] [INFO] [javdb_scraper.py:196] - 🔎 [41/72] 抓取详情: MUKA-008 (https://javdb.com/v/xAe6qE)
[2026-08-11 21:54:50] [INFO] [javdb_scraper.py:196] - 💾 [DB] 番号 [MUKA-008] 详细数据及磁力已成功存库
[2026-08-11 21:54:50] [INFO] [javdb_scraper.py:196] - 🔎 [42/72] 抓取详情: MVSD-696 (https://javdb.com/v/1Axvvw)
[2026-08-11 21:54:53] [INFO] [javdb_scraper.py:196] - 💾 [DB] 番号 [MVSD-696] 详细数据及磁力已成功存库
[2026-08-11 21:54:53] [INFO] [javdb_scraper.py:196] - 🔎 [43/72] 抓取详情: NAAC-036 (https://javdb.com/v/ZNKJ2X)
[2026-08-11 21:54:55] [INFO] [javdb_scraper.py:196] - 💾 [DB] 番号 [NAAC-036] 详细数据及磁力已成功存库
[2026-08-11 21:54:55] [INFO] [javdb_scraper.py:196] - 🔎 [44/72] 抓取详情: NAAC-050 (https://javdb.com/v/pkepzq)
[2026-08-11 21:54:57] [INFO] [javdb_scraper.py:196] - 💾 [DB] 番号 [NAAC-050] 详细数据及磁力已成功存库
[2026-08-11 21:54:57] [INFO] [javdb_scraper.py:196] - 🔎 [45/72] 抓取详情: NSODN-025 (https://javdb.com/v/96QVxw)
[2026-08-11 21:55:00] [INFO] [javdb_scraper.py:196] - 💾 [DB] 番号 [NSODN-025] 详细数据及磁力已成功存库
[2026-08-11 21:55:00] [INFO] [javdb_scraper.py:196] - 🔎 [46/72] 抓取详情: NTK-548 (https://javdb.com/v/vpePz)
[2026-08-11 21:55:02] [INFO] [javdb_scraper.py:196] - 💾 [DB] 番号 [NTK-548] 详细数据及磁力已成功存库
[2026-08-11 21:55:02] [INFO] [javdb_scraper.py:196] - 🔎 [47/72] 抓取详情: OFES-033 (https://javdb.com/v/kKDVB4)
[2026-08-11 21:55:05] [INFO] [javdb_scraper.py:196] - 💾 [DB] 番号 [OFES-033] 详细数据及磁力已成功存库
[2026-08-11 21:55:05] [INFO] [javdb_scraper.py:196] - 🔎 [48/72] 抓取详情: OFES-056 (https://javdb.com/v/OX7xQk)
[2026-08-11 21:55:07] [INFO] [javdb_scraper.py:196] - 💾 [DB] 番号 [OFES-056] 详细数据及磁力已成功存库
[2026-08-11 21:55:07] [INFO] [javdb_scraper.py:196] - 🔎 [49/72] 抓取详情: OFJE-199 (https://javdb.com/v/pP5zm)
[2026-08-11 21:55:10] [INFO] [javdb_scraper.py:196] - 💾 [DB] 番号 [OFJE-199] 详细数据及磁力已成功存库
[2026-08-11 21:55:10] [INFO] [javdb_scraper.py:196] - 🔎 [50/72] 抓取详情: OFJE-218 (https://javdb.com/v/Op610)
[2026-08-11 21:55:12] [INFO] [javdb_scraper.py:196] - 💾 [DB] 番号 [OFJE-218] 详细数据及磁力已成功存库
[2026-08-11 21:55:12] [INFO] [javdb_scraper.py:196] - 🔎 [51/72] 抓取详情: OFJE-397 (https://javdb.com/v/E2mk99)
[2026-08-11 21:55:15] [INFO] [javdb_scraper.py:196] - 💾 [DB] 番号 [OFJE-397] 详细数据及磁力已成功存库
[2026-08-11 21:55:15] [INFO] [javdb_scraper.py:196] - 🔎 [52/72] 抓取详情: OFJE-450 (https://javdb.com/v/Kkknz7)
[2026-08-11 21:55:17] [INFO] [javdb_scraper.py:196] - 💾 [DB] 番号 [OFJE-450] 详细数据及磁力已成功存库
[2026-08-11 21:55:17] [INFO] [javdb_scraper.py:196] - 🔎 [53/72] 抓取详情: PPPE-435 (https://javdb.com/v/e8NNDx)
[2026-08-11 21:55:20] [INFO] [javdb_scraper.py:196] - 💾 [DB] 番号 [PPPE-435] 详细数据及磁力已成功存库
[2026-08-11 21:55:20] [INFO] [javdb_scraper.py:196] - 🔎 [54/72] 抓取详情: PRED-886 (https://javdb.com/v/Xe7bb4)
[2026-08-11 21:55:22] [INFO] [javdb_scraper.py:196] - 💾 [DB] 番号 [PRED-886] 详细数据及磁力已成功存库
[2026-08-11 21:55:22] [INFO] [javdb_scraper.py:196] - 🔎 [55/72] 抓取详情: ROYD-318 (https://javdb.com/v/Mb7YG1)
[2026-08-11 21:55:26] [INFO] [javdb_scraper.py:196] - 💾 [DB] 番号 [ROYD-318] 详细数据及磁力已成功存库
[2026-08-11 21:55:26] [INFO] [javdb_scraper.py:196] - 🔎 [56/72] 抓取详情: ROYD-347 (https://javdb.com/v/qA7pZ9)
[2026-08-11 21:55:28] [INFO] [javdb_scraper.py:196] - 💾 [DB] 番号 [ROYD-347] 详细数据及磁力已成功存库
[2026-08-11 21:55:28] [INFO] [javdb_scraper.py:196] - 🔎 [57/72] 抓取详情: SDHS-065 (https://javdb.com/v/veydXk)
[2026-08-11 21:55:31] [INFO] [javdb_scraper.py:196] - 💾 [DB] 番号 [SDHS-065] 详细数据及磁力已成功存库
[2026-08-11 21:55:31] [INFO] [javdb_scraper.py:196] - 🔎 [58/72] 抓取详情: SHKD-831 (https://javdb.com/v/ARYQq)
[2026-08-11 21:55:33] [INFO] [javdb_scraper.py:196] - 💾 [DB] 番号 [SHKD-831] 详细数据及磁力已成功存库
[2026-08-11 21:55:33] [INFO] [javdb_scraper.py:196] - 🔎 [59/72] 抓取详情: SHKD-841 (https://javdb.com/v/xDYeP)
[2026-08-11 21:55:35] [INFO] [javdb_scraper.py:1076] - 🚀 [115 Gateway] 提交离线任务到 115 网关 | 保存路径: /有码/白石るな/普通磁力/2026-08-11
[2026-08-11 21:55:35] [INFO] [javdb_scraper.py:196] - 💾 [DB] 番号 [SHKD-841] 详细数据及磁力已成功存库
[2026-08-11 21:55:35] [INFO] [javdb_scraper.py:196] - 🔎 [60/72] 抓取详情: SODSVR-0001 (https://javdb.com/v/xA399n)
[2026-08-11 21:55:38] [INFO] [javdb_scraper.py:196] - 💾 [DB] 番号 [SODSVR-0001] 详细数据及磁力已成功存库
[2026-08-11 21:55:38] [INFO] [javdb_scraper.py:196] - 🔎 [61/72] 抓取详情: SSNI-253 (https://javdb.com/v/deyz0)
[2026-08-11 21:55:40] [INFO] [javdb_scraper.py:196] - 💾 [DB] 番号 [SSNI-253] 详细数据及磁力已成功存库
[2026-08-11 21:55:40] [INFO] [javdb_scraper.py:196] - 🔎 [62/72] 抓取详情: SSNI-277 (https://javdb.com/v/qAmvD)
[2026-08-11 21:55:42] [INFO] [javdb_scraper.py:196] - 💾 [DB] 番号 [SSNI-277] 详细数据及磁力已成功存库
[2026-08-11 21:55:42] [INFO] [javdb_scraper.py:196] - 🔎 [63/72] 抓取详情: SSNI-299 (https://javdb.com/v/QNwbG)
[2026-08-11 21:55:43] [INFO] [javdb_scraper.py:1080] - ✅ [115 Gateway] 网关返回结果: {"code":0,"message":"处理完成。成功: 1 个任务，失败: 0 个任务","data":{"total":1,"success_count":1,"failed_count":0,"failed_details":[],"wp_path":"/有码/白石るな/普通磁力/2026-08-11","wp_path_id":"3493356425495708784"}}
[2026-08-11 21:55:43] [INFO] [javdb_scraper.py:1103] - 📝 [Push History] 记录番号 [IPZZ-919] 离线任务 (Hash: 94d349be98787e851e148e6b4d534d340f39eaeb)
[2026-08-11 21:55:45] [INFO] [javdb_scraper.py:196] - 💾 [DB] 番号 [SSNI-299] 详细数据及磁力已成功存库
[2026-08-11 21:55:45] [INFO] [javdb_scraper.py:196] - 🔎 [64/72] 抓取详情: SSNI-319 (https://javdb.com/v/828EE)
[2026-08-11 21:55:56] [INFO] [server.py:223] - ⏰ APScheduler 定时任务引擎已启动
[2026-08-11 21:55:56] [INFO] [server.py:236] - 🔄 [Lifespan] 自动成功恢复了 1 个持久化 Cron 定时任务！
[2026-08-11 21:55:56] [INFO] [server.py:239] - 📥 异步任务队列 Consumer 已就绪
[2026-08-11 21:56:14] [INFO] [javdb_scraper.py:1381] - 🔄 [115 Sync] 正在单次请求拉取 115 网关全量离线任务 (不带 URL Query)...
[2026-08-11 21:56:34] [INFO] [javdb_scraper.py:1408] - 📊 [115 Sync] 成功获取到 115 网关 386 条远端全量离线任务
[2026-08-11 21:56:34] [INFO] [javdb_scraper.py:1438] - 🔄 [115 Sync] 番号 [IPZZ-919] 状态对齐: 0 -> 2 (离线成功 🎉)
[2026-08-11 21:56:34] [INFO] [javdb_scraper.py:1443] - ✅ [115 Sync] 任务状态比对对齐完成，更新了 1 条离线记录
[2026-08-11 21:56:37] [INFO] [javdb_scraper.py:1496] - 📊 [115 Quota] 离线配额 -> 总量: 1500, 已用: 4, 剩余可用: 1496
[2026-08-11 21:57:06] [INFO] [server.py:191] - 💾 已成功将 2 个定时任务持久化保存至 D:\JAVDB_AutoSpider_V1.2\backend\scheduled_jobs.json
[2026-08-11 21:57:14] [INFO] [server.py:567] - ⏰ [Cron 定时任务触发] ID: lists_pipeline_msoq5fb8 | 全量收藏清单一条龙 [全量翻页 | 排除预设 | 抓取元数据入库]
[2026-08-11 21:57:14] [INFO] [server.py:780] - 🚀 [Cron Trigger] 手动触发运行定时任务 ID: lists_pipeline_msoq5fb8 (全量收藏清单一条龙 [全量翻页 | 排除预设 | 抓取元数据入库])
[2026-08-11 21:57:14] [INFO] [server.py:581] - [全量收藏清单一条龙 [全量翻页 | 排除预设 | 抓取元数据入库]] 📋 [清单一条龙] 正在拉取收藏清单列表 (自动排除'預設清單')...
[2026-08-11 21:57:14] [INFO] [javdb_scraper.py:402] - 📋 [User] 正在拉取用户清单目录 (类型: mine)...
[2026-08-11 21:57:17] [INFO] [javdb_scraper.py:463] - ✅ [User] 成功拉取到 3 个 [mine] 清单
[2026-08-11 21:57:17] [INFO] [server.py:581] - [全量收藏清单一条龙 [全量翻页 | 排除预设 | 抓取元数据入库]] 🙈 [清单一条龙] 已自动排除预设清单: 預設清單
[2026-08-11 21:57:17] [INFO] [server.py:581] - [全量收藏清单一条龙 [全量翻页 | 排除预设 | 抓取元数据入库]] 📌 [清单一条龙] 共匹配到 2 个自定义收藏清单，开始全量增量抓取...
[2026-08-11 21:57:17] [INFO] [server.py:581] - [全量收藏清单一条龙 [全量翻页 | 排除预设 | 抓取元数据入库]] 📑 [1/2] 正在巡检清单 [21321]: https://javdb.com/lists/452GVp
[2026-08-11 21:57:17] [INFO] [javdb_scraper.py:196] - 📄 [Scrape] 正在抓取索引页 [1]: https://javdb.com/lists/452GVp
[2026-08-11 21:57:17] [INFO] [server.py:581] - [全量收藏清单一条龙 [全量翻页 | 排除预设 | 抓取元数据入库]] 📄 [Scrape] 正在抓取索引页 [1]: https://javdb.com/lists/452GVp
[2026-08-11 21:57:20] [INFO] [javdb_scraper.py:738] - 📥 [DB] 索引记录批量存库成功 (5 条)
[2026-08-11 21:57:20] [INFO] [javdb_scraper.py:196] - 📥 [DB] 索引记录批量存库成功 (5 条)
[2026-08-11 21:57:20] [INFO] [server.py:581] - [全量收藏清单一条龙 [全量翻页 | 排除预设 | 抓取元数据入库]] 📥 [DB] 索引记录批量存库成功 (5 条)
[2026-08-11 21:57:20] [INFO] [javdb_scraper.py:196] - ✅ [Scrape] 达到最大指定抓取页数 (1 页)，停止翻页。
[2026-08-11 21:57:20] [INFO] [server.py:581] - [全量收藏清单一条龙 [全量翻页 | 排除预设 | 抓取元数据入库]] ✅ [Scrape] 达到最大指定抓取页数 (1 页)，停止翻页。
[2026-08-11 21:57:20] [INFO] [server.py:581] - [全量收藏清单一条龙 [全量翻页 | 排除预设 | 抓取元数据入库]] 📑 [2/2] 正在巡检清单 [测试测试]: https://javdb.com/lists/VwKbrn
[2026-08-11 21:57:20] [INFO] [javdb_scraper.py:196] - 📄 [Scrape] 正在抓取索引页 [1]: https://javdb.com/lists/VwKbrn
[2026-08-11 21:57:20] [INFO] [server.py:581] - [全量收藏清单一条龙 [全量翻页 | 排除预设 | 抓取元数据入库]] 📄 [Scrape] 正在抓取索引页 [1]: https://javdb.com/lists/VwKbrn
[2026-08-11 21:57:24] [INFO] [javdb_scraper.py:738] - 📥 [DB] 索引记录批量存库成功 (1 条)
[2026-08-11 21:57:24] [INFO] [javdb_scraper.py:196] - 📥 [DB] 索引记录批量存库成功 (1 条)
[2026-08-11 21:57:24] [INFO] [server.py:581] - [全量收藏清单一条龙 [全量翻页 | 排除预设 | 抓取元数据入库]] 📥 [DB] 索引记录批量存库成功 (1 条)
[2026-08-11 21:57:24] [INFO] [javdb_scraper.py:196] - ✅ [Scrape] 达到最大指定抓取页数 (1 页)，停止翻页。
[2026-08-11 21:57:24] [INFO] [server.py:581] - [全量收藏清单一条龙 [全量翻页 | 排除预设 | 抓取元数据入库]] ✅ [Scrape] 达到最大指定抓取页数 (1 页)，停止翻页。
[2026-08-11 21:57:24] [INFO] [server.py:581] - [全量收藏清单一条龙 [全量翻页 | 排除预设 | 抓取元数据入库]] 📥 [清单一条龙] 抓取到 6 部新影片，正在补全磁力与海报详情...
[2026-08-11 21:57:24] [INFO] [javdb_scraper.py:196] - 🚀 [Scrape] 开始抓取待更新影片详情，总量: 6
[2026-08-11 21:57:24] [INFO] [server.py:581] - [全量收藏清单一条龙 [全量翻页 | 排除预设 | 抓取元数据入库]] 🚀 [Scrape] 开始抓取待更新影片详情，总量: 6
[2026-08-11 21:57:24] [INFO] [javdb_scraper.py:196] - 🔎 [1/6] 抓取详情: LUXU-1891 (https://javdb.com/v/yxYR0W)
[2026-08-11 21:57:24] [INFO] [server.py:581] - [全量收藏清单一条龙 [全量翻页 | 排除预设 | 抓取元数据入库]] 🔎 [1/6] 抓取详情: LUXU-1891 (https://javdb.com/v/yxYR0W)
[2026-08-11 21:57:26] [INFO] [javdb_scraper.py:196] - 💾 [DB] 番号 [LUXU-1891] 详细数据及磁力已成功存库
[2026-08-11 21:57:26] [INFO] [server.py:581] - [全量收藏清单一条龙 [全量翻页 | 排除预设 | 抓取元数据入库]] 💾 [DB] 番号 [LUXU-1891] 详细数据及磁力已成功存库
[2026-08-11 21:57:26] [INFO] [javdb_scraper.py:196] - 🔎 [2/6] 抓取详情: LUXU-1893 (https://javdb.com/v/EbOJaQ)
[2026-08-11 21:57:26] [INFO] [server.py:581] - [全量收藏清单一条龙 [全量翻页 | 排除预设 | 抓取元数据入库]] 🔎 [2/6] 抓取详情: LUXU-1893 (https://javdb.com/v/EbOJaQ)
[2026-08-11 21:57:29] [INFO] [javdb_scraper.py:196] - 💾 [DB] 番号 [LUXU-1893] 详细数据及磁力已成功存库
[2026-08-11 21:57:29] [INFO] [server.py:581] - [全量收藏清单一条龙 [全量翻页 | 排除预设 | 抓取元数据入库]] 💾 [DB] 番号 [LUXU-1893] 详细数据及磁力已成功存库
[2026-08-11 21:57:29] [INFO] [javdb_scraper.py:196] - 🔎 [3/6] 抓取详情: MIUM-1445 (https://javdb.com/v/96Qq95)
[2026-08-11 21:57:29] [INFO] [server.py:581] - [全量收藏清单一条龙 [全量翻页 | 排除预设 | 抓取元数据入库]] 🔎 [3/6] 抓取详情: MIUM-1445 (https://javdb.com/v/96Qq95)
[2026-08-11 21:57:32] [INFO] [javdb_scraper.py:196] - 💾 [DB] 番号 [MIUM-1445] 详细数据及磁力已成功存库
[2026-08-11 21:57:32] [INFO] [server.py:581] - [全量收藏清单一条龙 [全量翻页 | 排除预设 | 抓取元数据入库]] 💾 [DB] 番号 [MIUM-1445] 详细数据及磁力已成功存库
[2026-08-11 21:57:32] [INFO] [javdb_scraper.py:196] - 🔎 [4/6] 抓取详情: OFJE-540 (https://javdb.com/v/r3D57z)
[2026-08-11 21:57:32] [INFO] [server.py:581] - [全量收藏清单一条龙 [全量翻页 | 排除预设 | 抓取元数据入库]] 🔎 [4/6] 抓取详情: OFJE-540 (https://javdb.com/v/r3D57z)
[2026-08-11 21:57:35] [INFO] [javdb_scraper.py:196] - 💾 [DB] 番号 [OFJE-540] 详细数据及磁力已成功存库
[2026-08-11 21:57:35] [INFO] [server.py:581] - [全量收藏清单一条龙 [全量翻页 | 排除预设 | 抓取元数据入库]] 💾 [DB] 番号 [OFJE-540] 详细数据及磁力已成功存库
[2026-08-11 21:57:35] [INFO] [javdb_scraper.py:196] - 🔎 [5/6] 抓取详情: OFJE-543 (https://javdb.com/v/dezWBM)
[2026-08-11 21:57:35] [INFO] [server.py:581] - [全量收藏清单一条龙 [全量翻页 | 排除预设 | 抓取元数据入库]] 🔎 [5/6] 抓取详情: OFJE-543 (https://javdb.com/v/dezWBM)
[2026-08-11 21:57:37] [INFO] [javdb_scraper.py:196] - 💾 [DB] 番号 [OFJE-543] 详细数据及磁力已成功存库
[2026-08-11 21:57:37] [INFO] [server.py:581] - [全量收藏清单一条龙 [全量翻页 | 排除预设 | 抓取元数据入库]] 💾 [DB] 番号 [OFJE-543] 详细数据及磁力已成功存库
[2026-08-11 21:57:37] [INFO] [javdb_scraper.py:196] - 🔎 [6/6] 抓取详情: SNOS-258 (https://javdb.com/v/Ww7RYR)
[2026-08-11 21:57:37] [INFO] [server.py:581] - [全量收藏清单一条龙 [全量翻页 | 排除预设 | 抓取元数据入库]] 🔎 [6/6] 抓取详情: SNOS-258 (https://javdb.com/v/Ww7RYR)
[2026-08-11 21:57:40] [INFO] [javdb_scraper.py:196] - 💾 [DB] 番号 [SNOS-258] 详细数据及磁力已成功存库
[2026-08-11 21:57:40] [INFO] [server.py:581] - [全量收藏清单一条龙 [全量翻页 | 排除预设 | 抓取元数据入库]] 💾 [DB] 番号 [SNOS-258] 详细数据及磁力已成功存库
[2026-08-11 21:57:40] [INFO] [server.py:581] - [全量收藏清单一条龙 [全量翻页 | 排除预设 | 抓取元数据入库]] 🎉 [清单一条龙] 全部自定义收藏清单增量巡检与磁力详情抓取入库完成！(可由 '115 离线自动推送' 任务统一进行离线离线)
[2026-08-11 22:03:19] [INFO] [server.py:223] - ⏰ APScheduler 定时任务引擎已启动
[2026-08-11 22:03:19] [INFO] [server.py:236] - 🔄 [Lifespan] 自动成功恢复了 2 个持久化 Cron 定时任务！
[2026-08-11 22:03:19] [INFO] [server.py:239] - 📥 异步任务队列 Consumer 已就绪
[2026-08-11 22:03:30] [INFO] [javdb_scraper.py:1496] - 📊 [115 Quota] 离线配额 -> 总量: 1500, 已用: 4, 剩余可用: 1496
[2026-08-11 22:05:04] [INFO] [server.py:223] - ⏰ APScheduler 定时任务引擎已启动
[2026-08-11 22:05:04] [INFO] [server.py:236] - 🔄 [Lifespan] 自动成功恢复了 2 个持久化 Cron 定时任务！
[2026-08-11 22:05:04] [INFO] [server.py:239] - 📥 异步任务队列 Consumer 已就绪
[2026-08-11 22:05:16] [INFO] [javdb_scraper.py:1496] - 📊 [115 Quota] 离线配额 -> 总量: 1500, 已用: 4, 剩余可用: 1496
[2026-08-11 22:05:23] [INFO] [server.py:567] - ⏰ [Cron 定时任务触发] ID: actors_pipeline_msopzw4t | 全量订阅演员一条龙 [智能增量 | 抓取元数据入库]
[2026-08-11 22:05:23] [INFO] [server.py:780] - 🚀 [Cron Trigger] 手动触发运行定时任务 ID: actors_pipeline_msopzw4t (全量订阅演员一条龙 [智能增量 | 抓取元数据入库])
[2026-08-11 22:05:23] [INFO] [server.py:581] - [全量订阅演员一条龙 [智能增量 | 抓取元数据入库]] 🌟 [演员一条龙] 正在拉取我收藏的全部订阅演员列表...
[2026-08-11 22:05:23] [INFO] [javdb_scraper.py:379] - 🎭 [User] 正在拉取用户订阅演员...
[2026-08-11 22:05:26] [INFO] [javdb_scraper.py:397] - ✅ [User] 成功拉取到 3 位已订阅演员
[2026-08-11 22:05:26] [INFO] [server.py:581] - [全量订阅演员一条龙 [智能增量 | 抓取元数据入库]] 📌 [演员一条龙] 共匹配到 3 位订阅演员，开始全量增量抓取...
[2026-08-11 22:05:26] [INFO] [server.py:581] - [全量订阅演员一条龙 [智能增量 | 抓取元数据入库]] 🎬 [1/3] 正在巡检演员: https://javdb.com/actors/RdEb4
[2026-08-11 22:05:26] [INFO] [javdb_scraper.py:196] - 📄 [Scrape] 正在抓取索引页 [1]: https://javdb.com/actors/RdEb4
[2026-08-11 22:05:26] [INFO] [server.py:581] - [全量订阅演员一条龙 [智能增量 | 抓取元数据入库]] 📄 [Scrape] 正在抓取索引页 [1]: https://javdb.com/actors/RdEb4
[2026-08-11 22:05:28] [INFO] [javdb_scraper.py:738] - 📥 [DB] 索引记录批量存库成功 (40 条)
[2026-08-11 22:05:28] [INFO] [javdb_scraper.py:196] - 📥 [DB] 索引记录批量存库成功 (40 条)
[2026-08-11 22:05:28] [INFO] [server.py:581] - [全量订阅演员一条龙 [智能增量 | 抓取元数据入库]] 📥 [DB] 索引记录批量存库成功 (40 条)
[2026-08-11 22:05:28] [INFO] [javdb_scraper.py:196] - 🛑 [Smart Incremental] 检测到本页有 22 部影片在 演员 [RdEb4] 的历史记录中已存在且详情完整，智能判定已接轨历史，终止后续翻页！
[2026-08-11 22:05:28] [INFO] [server.py:581] - [全量订阅演员一条龙 [智能增量 | 抓取元数据入库]] 🛑 [Smart Incremental] 检测到本页有 22 部影片在 演员 [RdEb4] 的历史记录中已存在且详情完整，智能判定已接轨历史，终止后续翻页！
[2026-08-11 22:05:28] [INFO] [server.py:581] - [全量订阅演员一条龙 [智能增量 | 抓取元数据入库]] 🎬 [2/3] 正在巡检演员: https://javdb.com/actors/1Bk9J
[2026-08-11 22:05:28] [INFO] [javdb_scraper.py:196] - 📄 [Scrape] 正在抓取索引页 [1]: https://javdb.com/actors/1Bk9J
[2026-08-11 22:05:28] [INFO] [server.py:581] - [全量订阅演员一条龙 [智能增量 | 抓取元数据入库]] 📄 [Scrape] 正在抓取索引页 [1]: https://javdb.com/actors/1Bk9J
[2026-08-11 22:05:31] [INFO] [javdb_scraper.py:738] - 📥 [DB] 索引记录批量存库成功 (5 条)
[2026-08-11 22:05:31] [INFO] [javdb_scraper.py:196] - 📥 [DB] 索引记录批量存库成功 (5 条)
[2026-08-11 22:05:31] [INFO] [server.py:581] - [全量订阅演员一条龙 [智能增量 | 抓取元数据入库]] 📥 [DB] 索引记录批量存库成功 (5 条)
[2026-08-11 22:05:31] [INFO] [javdb_scraper.py:196] - ✅ [Scrape] 达到最大指定抓取页数 (1 页)，停止翻页。
[2026-08-11 22:05:31] [INFO] [server.py:581] - [全量订阅演员一条龙 [智能增量 | 抓取元数据入库]] ✅ [Scrape] 达到最大指定抓取页数 (1 页)，停止翻页。
[2026-08-11 22:05:31] [INFO] [server.py:581] - [全量订阅演员一条龙 [智能增量 | 抓取元数据入库]] 🎬 [3/3] 正在巡检演员: https://javdb.com/actors/XxvJ
[2026-08-11 22:05:31] [INFO] [javdb_scraper.py:196] - 📄 [Scrape] 正在抓取索引页 [1]: https://javdb.com/actors/XxvJ
[2026-08-11 22:05:31] [INFO] [server.py:581] - [全量订阅演员一条龙 [智能增量 | 抓取元数据入库]] 📄 [Scrape] 正在抓取索引页 [1]: https://javdb.com/actors/XxvJ
[2026-08-11 22:05:34] [INFO] [javdb_scraper.py:738] - 📥 [DB] 索引记录批量存库成功 (29 条)
[2026-08-11 22:05:34] [INFO] [javdb_scraper.py:196] - 📥 [DB] 索引记录批量存库成功 (29 条)
[2026-08-11 22:05:34] [INFO] [server.py:581] - [全量订阅演员一条龙 [智能增量 | 抓取元数据入库]] 📥 [DB] 索引记录批量存库成功 (29 条)
[2026-08-11 22:05:34] [INFO] [javdb_scraper.py:196] - 🛑 [Smart Incremental] 检测到本页有 17 部影片在 演员 [XxvJ] 的历史记录中已存在且详情完整，智能判定已接轨历史，终止后续翻页！
[2026-08-11 22:05:34] [INFO] [server.py:581] - [全量订阅演员一条龙 [智能增量 | 抓取元数据入库]] 🛑 [Smart Incremental] 检测到本页有 17 部影片在 演员 [XxvJ] 的历史记录中已存在且详情完整，智能判定已接轨历史，终止后续翻页！
[2026-08-11 22:05:34] [INFO] [server.py:581] - [全量订阅演员一条龙 [智能增量 | 抓取元数据入库]] 📥 [演员一条龙] 抓取到 74 部新影片，正在补全磁力与海报详情...
[2026-08-11 22:05:34] [INFO] [javdb_scraper.py:196] - 🚀 [Scrape] 开始抓取待更新影片详情，总量: 30
[2026-08-11 22:05:34] [INFO] [server.py:581] - [全量订阅演员一条龙 [智能增量 | 抓取元数据入库]] 🚀 [Scrape] 开始抓取待更新影片详情，总量: 30
[2026-08-11 22:05:34] [INFO] [javdb_scraper.py:196] - 🔎 [1/30] 抓取详情: ADN-801 (https://javdb.com/v/z4ZKgb)
[2026-08-11 22:05:34] [INFO] [server.py:581] - [全量订阅演员一条龙 [智能增量 | 抓取元数据入库]] 🔎 [1/30] 抓取详情: ADN-801 (https://javdb.com/v/z4ZKgb)
[2026-08-11 22:05:35] [INFO] [javdb_scraper.py:196] - 💾 [DB] 番号 [ADN-801] 详细数据及磁力已成功存库
[2026-08-11 22:05:35] [INFO] [server.py:581] - [全量订阅演员一条龙 [智能增量 | 抓取元数据入库]] 💾 [DB] 番号 [ADN-801] 详细数据及磁力已成功存库
[2026-08-11 22:05:35] [INFO] [javdb_scraper.py:196] - 🔎 [2/30] 抓取详情: AGMX-271 (https://javdb.com/v/96Q8GX)
[2026-08-11 22:05:35] [INFO] [server.py:581] - [全量订阅演员一条龙 [智能增量 | 抓取元数据入库]] 🔎 [2/30] 抓取详情: AGMX-271 (https://javdb.com/v/96Q8GX)
[2026-08-11 22:05:38] [INFO] [javdb_scraper.py:196] - 💾 [DB] 番号 [AGMX-271] 详细数据及磁力已成功存库
[2026-08-11 22:05:38] [INFO] [server.py:581] - [全量订阅演员一条龙 [智能增量 | 抓取元数据入库]] 💾 [DB] 番号 [AGMX-271] 详细数据及磁力已成功存库
[2026-08-11 22:05:38] [INFO] [javdb_scraper.py:196] - 🔎 [3/30] 抓取详情: ATKD-311 (https://javdb.com/v/9GmwE)
[2026-08-11 22:05:38] [INFO] [server.py:581] - [全量订阅演员一条龙 [智能增量 | 抓取元数据入库]] 🔎 [3/30] 抓取详情: ATKD-311 (https://javdb.com/v/9GmwE)
[2026-08-11 22:05:40] [INFO] [javdb_scraper.py:196] - 💾 [DB] 番号 [ATKD-311] 详细数据及磁力已成功存库
[2026-08-11 22:05:40] [INFO] [server.py:581] - [全量订阅演员一条龙 [智能增量 | 抓取元数据入库]] 💾 [DB] 番号 [ATKD-311] 详细数据及磁力已成功存库
[2026-08-11 22:05:40] [INFO] [javdb_scraper.py:196] - 🔎 [4/30] 抓取详情: ATKD-313 (https://javdb.com/v/7avGB)
[2026-08-11 22:05:40] [INFO] [server.py:581] - [全量订阅演员一条龙 [智能增量 | 抓取元数据入库]] 🔎 [4/30] 抓取详情: ATKD-313 (https://javdb.com/v/7avGB)
[2026-08-11 22:05:43] [INFO] [javdb_scraper.py:196] - 💾 [DB] 番号 [ATKD-313] 详细数据及磁力已成功存库
[2026-08-11 22:05:43] [INFO] [server.py:581] - [全量订阅演员一条龙 [智能增量 | 抓取元数据入库]] 💾 [DB] 番号 [ATKD-313] 详细数据及磁力已成功存库
[2026-08-11 22:05:43] [INFO] [javdb_scraper.py:196] - 🔎 [5/30] 抓取详情: BACJ-190 (https://javdb.com/v/DRXe62)
[2026-08-11 22:05:43] [INFO] [server.py:581] - [全量订阅演员一条龙 [智能增量 | 抓取元数据入库]] 🔎 [5/30] 抓取详情: BACJ-190 (https://javdb.com/v/DRXe62)
[2026-08-11 22:05:46] [INFO] [javdb_scraper.py:196] - 💾 [DB] 番号 [BACJ-190] 详细数据及磁力已成功存库
[2026-08-11 22:05:46] [INFO] [server.py:581] - [全量订阅演员一条龙 [智能增量 | 抓取元数据入库]] 💾 [DB] 番号 [BACJ-190] 详细数据及磁力已成功存库
[2026-08-11 22:05:46] [INFO] [javdb_scraper.py:196] - 🔎 [6/30] 抓取详情: CJOD-527 (https://javdb.com/v/QNREbn)
[2026-08-11 22:05:46] [INFO] [server.py:581] - [全量订阅演员一条龙 [智能增量 | 抓取元数据入库]] 🔎 [6/30] 抓取详情: CJOD-527 (https://javdb.com/v/QNREbn)
[2026-08-11 22:05:48] [INFO] [javdb_scraper.py:196] - 💾 [DB] 番号 [CJOD-527] 详细数据及磁力已成功存库
[2026-08-11 22:05:48] [INFO] [server.py:581] - [全量订阅演员一条龙 [智能增量 | 抓取元数据入库]] 💾 [DB] 番号 [CJOD-527] 详细数据及磁力已成功存库
[2026-08-11 22:05:48] [INFO] [javdb_scraper.py:196] - 🔎 [7/30] 抓取详情: DSOD-060 (https://javdb.com/v/e8Nwnp)
[2026-08-11 22:05:48] [INFO] [server.py:581] - [全量订阅演员一条龙 [智能增量 | 抓取元数据入库]] 🔎 [7/30] 抓取详情: DSOD-060 (https://javdb.com/v/e8Nwnp)
[2026-08-11 22:05:50] [INFO] [javdb_scraper.py:196] - 💾 [DB] 番号 [DSOD-060] 详细数据及磁力已成功存库
[2026-08-11 22:05:50] [INFO] [server.py:581] - [全量订阅演员一条龙 [智能增量 | 抓取元数据入库]] 💾 [DB] 番号 [DSOD-060] 详细数据及磁力已成功存库
[2026-08-11 22:05:50] [INFO] [javdb_scraper.py:196] - 🔎 [8/30] 抓取详情: DSOD-062 (https://javdb.com/v/96QqEg)
[2026-08-11 22:05:50] [INFO] [server.py:581] - [全量订阅演员一条龙 [智能增量 | 抓取元数据入库]] 🔎 [8/30] 抓取详情: DSOD-062 (https://javdb.com/v/96QqEg)
[2026-08-11 22:05:52] [INFO] [javdb_scraper.py:196] - 💾 [DB] 番号 [DSOD-062] 详细数据及磁力已成功存库
[2026-08-11 22:05:52] [INFO] [server.py:581] - [全量订阅演员一条龙 [智能增量 | 抓取元数据入库]] 💾 [DB] 番号 [DSOD-062] 详细数据及磁力已成功存库
[2026-08-11 22:05:52] [INFO] [javdb_scraper.py:196] - 🔎 [9/30] 抓取详情: HMN-886 (https://javdb.com/v/6dQAQD)
[2026-08-11 22:05:52] [INFO] [server.py:581] - [全量订阅演员一条龙 [智能增量 | 抓取元数据入库]] 🔎 [9/30] 抓取详情: HMN-886 (https://javdb.com/v/6dQAQD)
[2026-08-11 22:05:54] [INFO] [javdb_scraper.py:196] - 💾 [DB] 番号 [HMN-886] 详细数据及磁力已成功存库
[2026-08-11 22:05:54] [INFO] [server.py:581] - [全量订阅演员一条龙 [智能增量 | 抓取元数据入库]] 💾 [DB] 番号 [HMN-886] 详细数据及磁力已成功存库
[2026-08-11 22:05:54] [INFO] [javdb_scraper.py:196] - 🔎 [10/30] 抓取详情: IPZZ-893 (https://javdb.com/v/ZN3WMJ)
[2026-08-11 22:05:54] [INFO] [server.py:581] - [全量订阅演员一条龙 [智能增量 | 抓取元数据入库]] 🔎 [10/30] 抓取详情: IPZZ-893 (https://javdb.com/v/ZN3WMJ)
[2026-08-11 22:05:56] [INFO] [javdb_scraper.py:196] - 💾 [DB] 番号 [IPZZ-893] 详细数据及磁力已成功存库
[2026-08-11 22:05:56] [INFO] [server.py:581] - [全量订阅演员一条龙 [智能增量 | 抓取元数据入库]] 💾 [DB] 番号 [IPZZ-893] 详细数据及磁力已成功存库
[2026-08-11 22:05:56] [INFO] [javdb_scraper.py:196] - 🔎 [11/30] 抓取详情: IPZZ-919 (https://javdb.com/v/0eEdNq)
[2026-08-11 22:05:56] [INFO] [server.py:581] - [全量订阅演员一条龙 [智能增量 | 抓取元数据入库]] 🔎 [11/30] 抓取详情: IPZZ-919 (https://javdb.com/v/0eEdNq)
[2026-08-11 22:05:59] [INFO] [javdb_scraper.py:196] - 💾 [DB] 番号 [IPZZ-919] 详细数据及磁力已成功存库
[2026-08-11 22:05:59] [INFO] [server.py:581] - [全量订阅演员一条龙 [智能增量 | 抓取元数据入库]] 💾 [DB] 番号 [IPZZ-919] 详细数据及磁力已成功存库
[2026-08-11 22:05:59] [INFO] [javdb_scraper.py:196] - 🔎 [12/30] 抓取详情: IPZZ-944 (https://javdb.com/v/P9me8a)
[2026-08-11 22:05:59] [INFO] [server.py:581] - [全量订阅演员一条龙 [智能增量 | 抓取元数据入库]] 🔎 [12/30] 抓取详情: IPZZ-944 (https://javdb.com/v/P9me8a)
[2026-08-11 22:06:02] [INFO] [javdb_scraper.py:196] - 💾 [DB] 番号 [IPZZ-944] 详细数据及磁力已成功存库
[2026-08-11 22:06:02] [INFO] [server.py:581] - [全量订阅演员一条龙 [智能增量 | 抓取元数据入库]] 💾 [DB] 番号 [IPZZ-944] 详细数据及磁力已成功存库
[2026-08-11 22:06:02] [INFO] [javdb_scraper.py:196] - 🔎 [13/30] 抓取详情: MBDD-2190 (https://javdb.com/v/Kkpg0M)
[2026-08-11 22:06:02] [INFO] [server.py:581] - [全量订阅演员一条龙 [智能增量 | 抓取元数据入库]] 🔎 [13/30] 抓取详情: MBDD-2190 (https://javdb.com/v/Kkpg0M)
[2026-08-11 22:06:05] [INFO] [javdb_scraper.py:196] - 💾 [DB] 番号 [MBDD-2190] 详细数据及磁力已成功存库
[2026-08-11 22:06:05] [INFO] [server.py:581] - [全量订阅演员一条龙 [智能增量 | 抓取元数据入库]] 💾 [DB] 番号 [MBDD-2190] 详细数据及磁力已成功存库
[2026-08-11 22:06:05] [INFO] [javdb_scraper.py:196] - 🔎 [14/30] 抓取详情: MVSD-696 (https://javdb.com/v/1Axvvw)
[2026-08-11 22:06:05] [INFO] [server.py:581] - [全量订阅演员一条龙 [智能增量 | 抓取元数据入库]] 🔎 [14/30] 抓取详情: MVSD-696 (https://javdb.com/v/1Axvvw)
[2026-08-11 22:06:07] [INFO] [javdb_scraper.py:196] - 💾 [DB] 番号 [MVSD-696] 详细数据及磁力已成功存库
[2026-08-11 22:06:07] [INFO] [server.py:581] - [全量订阅演员一条龙 [智能增量 | 抓取元数据入库]] 💾 [DB] 番号 [MVSD-696] 详细数据及磁力已成功存库
[2026-08-11 22:06:07] [INFO] [javdb_scraper.py:196] - 🔎 [15/30] 抓取详情: NSODN-025 (https://javdb.com/v/96QVxw)
[2026-08-11 22:06:07] [INFO] [server.py:581] - [全量订阅演员一条龙 [智能增量 | 抓取元数据入库]] 🔎 [15/30] 抓取详情: NSODN-025 (https://javdb.com/v/96QVxw)
[2026-08-11 22:06:09] [INFO] [javdb_scraper.py:196] - 💾 [DB] 番号 [NSODN-025] 详细数据及磁力已成功存库
[2026-08-11 22:06:09] [INFO] [server.py:581] - [全量订阅演员一条龙 [智能增量 | 抓取元数据入库]] 💾 [DB] 番号 [NSODN-025] 详细数据及磁力已成功存库
[2026-08-11 22:06:09] [INFO] [javdb_scraper.py:196] - 🔎 [16/30] 抓取详情: OFJE-397 (https://javdb.com/v/E2mk99)
[2026-08-11 22:06:09] [INFO] [server.py:581] - [全量订阅演员一条龙 [智能增量 | 抓取元数据入库]] 🔎 [16/30] 抓取详情: OFJE-397 (https://javdb.com/v/E2mk99)
[2026-08-11 22:06:11] [INFO] [javdb_scraper.py:196] - 💾 [DB] 番号 [OFJE-397] 详细数据及磁力已成功存库
[2026-08-11 22:06:11] [INFO] [server.py:581] - [全量订阅演员一条龙 [智能增量 | 抓取元数据入库]] 💾 [DB] 番号 [OFJE-397] 详细数据及磁力已成功存库
[2026-08-11 22:06:11] [INFO] [javdb_scraper.py:196] - 🔎 [17/30] 抓取详情: OFJE-450 (https://javdb.com/v/Kkknz7)
[2026-08-11 22:06:11] [INFO] [server.py:581] - [全量订阅演员一条龙 [智能增量 | 抓取元数据入库]] 🔎 [17/30] 抓取详情: OFJE-450 (https://javdb.com/v/Kkknz7)
[2026-08-11 22:06:35] [INFO] [server.py:223] - ⏰ APScheduler 定时任务引擎已启动
[2026-08-11 22:06:35] [INFO] [server.py:236] - 🔄 [Lifespan] 自动成功恢复了 2 个持久化 Cron 定时任务！
[2026-08-11 22:06:35] [INFO] [server.py:239] - 📥 异步任务队列 Consumer 已就绪
[2026-08-11 22:06:47] [INFO] [javdb_scraper.py:1496] - 📊 [115 Quota] 离线配额 -> 总量: 1500, 已用: 4, 剩余可用: 1496
[2026-08-11 22:06:54] [INFO] [server.py:567] - ⏰ [Cron 定时任务触发] ID: actors_pipeline_msopzw4t | 全量订阅演员一条龙 [智能增量 | 抓取元数据入库]
[2026-08-11 22:06:54] [INFO] [server.py:780] - 🚀 [Cron Trigger] 手动触发运行定时任务 ID: actors_pipeline_msopzw4t (全量订阅演员一条龙 [智能增量 | 抓取元数据入库])
[2026-08-11 22:06:54] [INFO] [server.py:581] - [全量订阅演员一条龙 [智能增量 | 抓取元数据入库]] 🌟 [演员一条龙] 正在拉取我收藏的全部订阅演员列表...
[2026-08-11 22:06:54] [INFO] [javdb_scraper.py:379] - 🎭 [User] 正在拉取用户订阅演员...
[2026-08-11 22:06:57] [INFO] [javdb_scraper.py:397] - ✅ [User] 成功拉取到 3 位已订阅演员
[2026-08-11 22:06:57] [INFO] [server.py:581] - [全量订阅演员一条龙 [智能增量 | 抓取元数据入库]] 📌 [演员一条龙] 共匹配到 3 位订阅演员，开始全量增量抓取...
[2026-08-11 22:06:57] [INFO] [server.py:581] - [全量订阅演员一条龙 [智能增量 | 抓取元数据入库]] 🎬 [1/3] 正在巡检演员: https://javdb.com/actors/RdEb4
[2026-08-11 22:06:57] [INFO] [javdb_scraper.py:196] - 📄 [Scrape] 正在抓取索引页 [1]: https://javdb.com/actors/RdEb4
[2026-08-11 22:06:57] [INFO] [server.py:581] - [全量订阅演员一条龙 [智能增量 | 抓取元数据入库]] 📄 [Scrape] 正在抓取索引页 [1]: https://javdb.com/actors/RdEb4
[2026-08-11 22:06:58] [WARNING] [server.py:537] - 🛑 [Queue] 用户发出了针对运行中任务 [actors_pipeline_msopzw4t] 的停止指令
[2026-08-11 22:07:01] [INFO] [javdb_scraper.py:738] - 📥 [DB] 索引记录批量存库成功 (40 条)
[2026-08-11 22:07:01] [INFO] [javdb_scraper.py:196] - 📥 [DB] 索引记录批量存库成功 (40 条)
[2026-08-11 22:07:01] [INFO] [server.py:581] - [全量订阅演员一条龙 [智能增量 | 抓取元数据入库]] 📥 [DB] 索引记录批量存库成功 (40 条)
[2026-08-11 22:07:01] [INFO] [javdb_scraper.py:196] - 🛑 [Smart Incremental] 检测到本页有 22 部影片在 演员 [RdEb4] 的历史记录中已存在且详情完整，智能判定已接轨历史，终止后续翻页！
[2026-08-11 22:07:01] [INFO] [server.py:581] - [全量订阅演员一条龙 [智能增量 | 抓取元数据入库]] 🛑 [Smart Incremental] 检测到本页有 22 部影片在 演员 [RdEb4] 的历史记录中已存在且详情完整，智能判定已接轨历史，终止后续翻页！
[2026-08-11 22:07:01] [INFO] [server.py:581] - [全量订阅演员一条龙 [智能增量 | 抓取元数据入库]] 🎬 [2/3] 正在巡检演员: https://javdb.com/actors/1Bk9J
[2026-08-11 22:07:01] [WARNING] [javdb_scraper.py:195] - 🛑 [Cancel Guard] 收到用户取消任务指令，终止抓取 [https://javdb.com/actors/1Bk9J]
[2026-08-11 22:07:01] [INFO] [server.py:581] - [全量订阅演员一条龙 [智能增量 | 抓取元数据入库]] 🛑 [Cancel Guard] 收到用户取消任务指令，终止抓取 [https://javdb.com/actors/1Bk9J]
[2026-08-11 22:07:01] [INFO] [server.py:581] - [全量订阅演员一条龙 [智能增量 | 抓取元数据入库]] 🎬 [3/3] 正在巡检演员: https://javdb.com/actors/XxvJ
[2026-08-11 22:07:01] [WARNING] [javdb_scraper.py:195] - 🛑 [Cancel Guard] 收到用户取消任务指令，终止抓取 [https://javdb.com/actors/XxvJ]
[2026-08-11 22:07:01] [INFO] [server.py:581] - [全量订阅演员一条龙 [智能增量 | 抓取元数据入库]] 🛑 [Cancel Guard] 收到用户取消任务指令，终止抓取 [https://javdb.com/actors/XxvJ]
[2026-08-11 22:07:01] [INFO] [server.py:581] - [全量订阅演员一条龙 [智能增量 | 抓取元数据入库]] 📥 [演员一条龙] 抓取到 40 部新影片，正在补全磁力与海报详情...
[2026-08-11 22:07:01] [INFO] [javdb_scraper.py:196] - 🚀 [Scrape] 开始抓取待更新影片详情，总量: 18
[2026-08-11 22:07:01] [INFO] [server.py:581] - [全量订阅演员一条龙 [智能增量 | 抓取元数据入库]] 🚀 [Scrape] 开始抓取待更新影片详情，总量: 18
[2026-08-11 22:07:01] [WARNING] [javdb_scraper.py:195] - 🛑 [Cancel Guard] 收到用户取消任务指令，中断详情抓取过程。
[2026-08-11 22:07:01] [INFO] [server.py:581] - [全量订阅演员一条龙 [智能增量 | 抓取元数据入库]] 🛑 [Cancel Guard] 收到用户取消任务指令，中断详情抓取过程。
[2026-08-11 22:07:01] [INFO] [server.py:581] - [全量订阅演员一条龙 [智能增量 | 抓取元数据入库]] 🎉 [演员一条龙] 全部订阅演员增量巡检与磁力详情抓取入库完成！(可由 '115 离线自动推送' 任务统一进行离线离线)
[2026-08-11 22:08:34] [INFO] [server.py:223] - ⏰ APScheduler 定时任务引擎已启动
[2026-08-11 22:08:34] [INFO] [server.py:236] - 🔄 [Lifespan] 自动成功恢复了 2 个持久化 Cron 定时任务！
[2026-08-11 22:08:34] [INFO] [server.py:239] - 📥 异步任务队列 Consumer 已就绪
[2026-08-11 22:08:48] [INFO] [javdb_scraper.py:1496] - 📊 [115 Quota] 离线配额 -> 总量: 1500, 已用: 4, 剩余可用: 1496
[2026-08-11 22:09:45] [INFO] [javdb_scraper.py:1114] - 🗑️ [DB] 成功从数据库删除番号 [DSOD-060] 的影片记录
[2026-08-11 22:10:00] [INFO] [javdb_scraper.py:1114] - 🗑️ [DB] 成功从数据库删除番号 [WAAA-661] 的影片记录
[2026-08-11 22:10:22] [INFO] [javdb_scraper.py:1114] - 🗑️ [DB] 成功从数据库删除番号 [AGMX-271] 的影片记录
[2026-08-11 22:10:49] [INFO] [server.py:191] - 💾 已成功将 2 个定时任务持久化保存至 D:\JAVDB_AutoSpider_V1.2\backend\scheduled_jobs.json
[2026-08-11 22:10:51] [INFO] [server.py:567] - ⏰ [Cron 定时任务触发] ID: actors_pipeline_msopzw4t | 全量订阅演员一条龙 [智能增量 | 抓取元数据入库]
[2026-08-11 22:10:51] [INFO] [server.py:780] - 🚀 [Cron Trigger] 手动触发运行定时任务 ID: actors_pipeline_msopzw4t (全量订阅演员一条龙 [智能增量 | 抓取元数据入库])
[2026-08-11 22:10:51] [INFO] [server.py:581] - [全量订阅演员一条龙 [智能增量 | 抓取元数据入库]] 🌟 [演员一条龙] 正在拉取我收藏的全部订阅演员列表...
[2026-08-11 22:10:51] [INFO] [javdb_scraper.py:379] - 🎭 [User] 正在拉取用户订阅演员...
[2026-08-11 22:10:53] [INFO] [javdb_scraper.py:397] - ✅ [User] 成功拉取到 3 位已订阅演员
[2026-08-11 22:10:53] [INFO] [server.py:581] - [全量订阅演员一条龙 [智能增量 | 抓取元数据入库]] 📌 [演员一条龙] 共匹配到 3 位订阅演员，开始全量增量抓取...
[2026-08-11 22:10:53] [INFO] [server.py:581] - [全量订阅演员一条龙 [智能增量 | 抓取元数据入库]] 🎬 [1/3] 正在巡检演员: https://javdb.com/actors/RdEb4
[2026-08-11 22:10:53] [INFO] [javdb_scraper.py:196] - 📄 [Scrape] 正在抓取索引页 [1]: https://javdb.com/actors/RdEb4
[2026-08-11 22:10:53] [INFO] [server.py:581] - [全量订阅演员一条龙 [智能增量 | 抓取元数据入库]] 📄 [Scrape] 正在抓取索引页 [1]: https://javdb.com/actors/RdEb4
[2026-08-11 22:10:57] [INFO] [javdb_scraper.py:738] - 📥 [DB] 索引记录批量存库成功 (40 条)
[2026-08-11 22:10:57] [INFO] [javdb_scraper.py:196] - 📥 [DB] 索引记录批量存库成功 (40 条)
[2026-08-11 22:10:57] [INFO] [server.py:581] - [全量订阅演员一条龙 [智能增量 | 抓取元数据入库]] 📥 [DB] 索引记录批量存库成功 (40 条)
[2026-08-11 22:10:57] [INFO] [javdb_scraper.py:196] - 🛑 [Smart Incremental] 检测到本页有 22 部影片在 演员 [RdEb4] 的历史记录中已存在且详情完整，智能判定已接轨历史，终止后续翻页！
[2026-08-11 22:10:57] [INFO] [server.py:581] - [全量订阅演员一条龙 [智能增量 | 抓取元数据入库]] 🛑 [Smart Incremental] 检测到本页有 22 部影片在 演员 [RdEb4] 的历史记录中已存在且详情完整，智能判定已接轨历史，终止后续翻页！
[2026-08-11 22:10:57] [INFO] [server.py:581] - [全量订阅演员一条龙 [智能增量 | 抓取元数据入库]] 🎬 [2/3] 正在巡检演员: https://javdb.com/actors/1Bk9J
[2026-08-11 22:10:57] [INFO] [javdb_scraper.py:196] - 📄 [Scrape] 正在抓取索引页 [1]: https://javdb.com/actors/1Bk9J
[2026-08-11 22:10:57] [INFO] [server.py:581] - [全量订阅演员一条龙 [智能增量 | 抓取元数据入库]] 📄 [Scrape] 正在抓取索引页 [1]: https://javdb.com/actors/1Bk9J
[2026-08-11 22:11:00] [INFO] [javdb_scraper.py:738] - 📥 [DB] 索引记录批量存库成功 (5 条)
[2026-08-11 22:11:00] [INFO] [javdb_scraper.py:196] - 📥 [DB] 索引记录批量存库成功 (5 条)
[2026-08-11 22:11:00] [INFO] [server.py:581] - [全量订阅演员一条龙 [智能增量 | 抓取元数据入库]] 📥 [DB] 索引记录批量存库成功 (5 条)
[2026-08-11 22:11:00] [INFO] [javdb_scraper.py:196] - 🔚 [Scrape] 抓取至末页
[2026-08-11 22:11:00] [INFO] [server.py:581] - [全量订阅演员一条龙 [智能增量 | 抓取元数据入库]] 🔚 [Scrape] 抓取至末页
[2026-08-11 22:11:00] [INFO] [server.py:581] - [全量订阅演员一条龙 [智能增量 | 抓取元数据入库]] 🎬 [3/3] 正在巡检演员: https://javdb.com/actors/XxvJ
[2026-08-11 22:11:00] [INFO] [javdb_scraper.py:196] - 📄 [Scrape] 正在抓取索引页 [1]: https://javdb.com/actors/XxvJ
[2026-08-11 22:11:00] [INFO] [server.py:581] - [全量订阅演员一条龙 [智能增量 | 抓取元数据入库]] 📄 [Scrape] 正在抓取索引页 [1]: https://javdb.com/actors/XxvJ
[2026-08-11 22:11:03] [INFO] [javdb_scraper.py:738] - 📥 [DB] 索引记录批量存库成功 (29 条)
[2026-08-11 22:11:03] [INFO] [javdb_scraper.py:196] - 📥 [DB] 索引记录批量存库成功 (29 条)
[2026-08-11 22:11:03] [INFO] [server.py:581] - [全量订阅演员一条龙 [智能增量 | 抓取元数据入库]] 📥 [DB] 索引记录批量存库成功 (29 条)
[2026-08-11 22:11:03] [INFO] [javdb_scraper.py:196] - 🛑 [Smart Incremental] 检测到本页有 17 部影片在 演员 [XxvJ] 的历史记录中已存在且详情完整，智能判定已接轨历史，终止后续翻页！
[2026-08-11 22:11:03] [INFO] [server.py:581] - [全量订阅演员一条龙 [智能增量 | 抓取元数据入库]] 🛑 [Smart Incremental] 检测到本页有 17 部影片在 演员 [XxvJ] 的历史记录中已存在且详情完整，智能判定已接轨历史，终止后续翻页！
[2026-08-11 22:11:03] [INFO] [server.py:581] - [全量订阅演员一条龙 [智能增量 | 抓取元数据入库]] 📥 [演员一条龙] 抓取到 74 部新影片，正在补全磁力与海报详情...
[2026-08-11 22:11:03] [INFO] [javdb_scraper.py:196] - 🚀 [Scrape] 开始抓取待更新影片详情，总量: 30
[2026-08-11 22:11:03] [INFO] [server.py:581] - [全量订阅演员一条龙 [智能增量 | 抓取元数据入库]] 🚀 [Scrape] 开始抓取待更新影片详情，总量: 30
[2026-08-11 22:11:03] [INFO] [javdb_scraper.py:196] - 🔎 [1/30] 抓取详情: ADN-801 (https://javdb.com/v/z4ZKgb)
[2026-08-11 22:11:03] [INFO] [server.py:581] - [全量订阅演员一条龙 [智能增量 | 抓取元数据入库]] 🔎 [1/30] 抓取详情: ADN-801 (https://javdb.com/v/z4ZKgb)
[2026-08-11 22:11:06] [INFO] [javdb_scraper.py:196] - 💾 [DB] 番号 [ADN-801] 详细数据及磁力已成功存库
[2026-08-11 22:11:06] [INFO] [server.py:581] - [全量订阅演员一条龙 [智能增量 | 抓取元数据入库]] 💾 [DB] 番号 [ADN-801] 详细数据及磁力已成功存库
[2026-08-11 22:11:06] [INFO] [javdb_scraper.py:196] - 🔎 [2/30] 抓取详情: AGMX-271 (https://javdb.com/v/96Q8GX)
[2026-08-11 22:11:06] [INFO] [server.py:581] - [全量订阅演员一条龙 [智能增量 | 抓取元数据入库]] 🔎 [2/30] 抓取详情: AGMX-271 (https://javdb.com/v/96Q8GX)
[2026-08-11 22:11:09] [INFO] [javdb_scraper.py:196] - 💾 [DB] 番号 [AGMX-271] 详细数据及磁力已成功存库
[2026-08-11 22:11:09] [INFO] [server.py:581] - [全量订阅演员一条龙 [智能增量 | 抓取元数据入库]] 💾 [DB] 番号 [AGMX-271] 详细数据及磁力已成功存库
[2026-08-11 22:11:09] [INFO] [javdb_scraper.py:196] - 🔎 [3/30] 抓取详情: ATKD-311 (https://javdb.com/v/9GmwE)
[2026-08-11 22:11:09] [INFO] [server.py:581] - [全量订阅演员一条龙 [智能增量 | 抓取元数据入库]] 🔎 [3/30] 抓取详情: ATKD-311 (https://javdb.com/v/9GmwE)
[2026-08-11 22:11:11] [INFO] [javdb_scraper.py:196] - 💾 [DB] 番号 [ATKD-311] 详细数据及磁力已成功存库
[2026-08-11 22:11:11] [INFO] [server.py:581] - [全量订阅演员一条龙 [智能增量 | 抓取元数据入库]] 💾 [DB] 番号 [ATKD-311] 详细数据及磁力已成功存库
[2026-08-11 22:11:11] [INFO] [javdb_scraper.py:196] - 🔎 [4/30] 抓取详情: ATKD-313 (https://javdb.com/v/7avGB)
[2026-08-11 22:11:11] [INFO] [server.py:581] - [全量订阅演员一条龙 [智能增量 | 抓取元数据入库]] 🔎 [4/30] 抓取详情: ATKD-313 (https://javdb.com/v/7avGB)
[2026-08-11 22:11:14] [INFO] [javdb_scraper.py:196] - 💾 [DB] 番号 [ATKD-313] 详细数据及磁力已成功存库
[2026-08-11 22:11:14] [INFO] [server.py:581] - [全量订阅演员一条龙 [智能增量 | 抓取元数据入库]] 💾 [DB] 番号 [ATKD-313] 详细数据及磁力已成功存库
[2026-08-11 22:11:14] [INFO] [javdb_scraper.py:196] - 🔎 [5/30] 抓取详情: BACJ-190 (https://javdb.com/v/DRXe62)
[2026-08-11 22:11:14] [INFO] [server.py:581] - [全量订阅演员一条龙 [智能增量 | 抓取元数据入库]] 🔎 [5/30] 抓取详情: BACJ-190 (https://javdb.com/v/DRXe62)
[2026-08-11 22:11:17] [INFO] [javdb_scraper.py:196] - 💾 [DB] 番号 [BACJ-190] 详细数据及磁力已成功存库
[2026-08-11 22:11:17] [INFO] [server.py:581] - [全量订阅演员一条龙 [智能增量 | 抓取元数据入库]] 💾 [DB] 番号 [BACJ-190] 详细数据及磁力已成功存库
[2026-08-11 22:11:17] [INFO] [javdb_scraper.py:196] - 🔎 [6/30] 抓取详情: CJOD-527 (https://javdb.com/v/QNREbn)
[2026-08-11 22:11:17] [INFO] [server.py:581] - [全量订阅演员一条龙 [智能增量 | 抓取元数据入库]] 🔎 [6/30] 抓取详情: CJOD-527 (https://javdb.com/v/QNREbn)
[2026-08-11 22:11:19] [INFO] [javdb_scraper.py:196] - 💾 [DB] 番号 [CJOD-527] 详细数据及磁力已成功存库
[2026-08-11 22:11:19] [INFO] [server.py:581] - [全量订阅演员一条龙 [智能增量 | 抓取元数据入库]] 💾 [DB] 番号 [CJOD-527] 详细数据及磁力已成功存库
[2026-08-11 22:11:19] [INFO] [javdb_scraper.py:196] - 🔎 [7/30] 抓取详情: DSOD-060 (https://javdb.com/v/e8Nwnp)
[2026-08-11 22:11:19] [INFO] [server.py:581] - [全量订阅演员一条龙 [智能增量 | 抓取元数据入库]] 🔎 [7/30] 抓取详情: DSOD-060 (https://javdb.com/v/e8Nwnp)
[2026-08-11 22:11:22] [INFO] [javdb_scraper.py:196] - 💾 [DB] 番号 [DSOD-060] 详细数据及磁力已成功存库
[2026-08-11 22:11:22] [INFO] [server.py:581] - [全量订阅演员一条龙 [智能增量 | 抓取元数据入库]] 💾 [DB] 番号 [DSOD-060] 详细数据及磁力已成功存库
[2026-08-11 22:11:22] [INFO] [javdb_scraper.py:196] - 🔎 [8/30] 抓取详情: DSOD-062 (https://javdb.com/v/96QqEg)
[2026-08-11 22:11:22] [INFO] [server.py:581] - [全量订阅演员一条龙 [智能增量 | 抓取元数据入库]] 🔎 [8/30] 抓取详情: DSOD-062 (https://javdb.com/v/96QqEg)
[2026-08-11 22:11:25] [INFO] [javdb_scraper.py:196] - 💾 [DB] 番号 [DSOD-062] 详细数据及磁力已成功存库
[2026-08-11 22:11:25] [INFO] [server.py:581] - [全量订阅演员一条龙 [智能增量 | 抓取元数据入库]] 💾 [DB] 番号 [DSOD-062] 详细数据及磁力已成功存库
[2026-08-11 22:11:25] [INFO] [javdb_scraper.py:196] - 🔎 [9/30] 抓取详情: HMN-886 (https://javdb.com/v/6dQAQD)
[2026-08-11 22:11:25] [INFO] [server.py:581] - [全量订阅演员一条龙 [智能增量 | 抓取元数据入库]] 🔎 [9/30] 抓取详情: HMN-886 (https://javdb.com/v/6dQAQD)
[2026-08-11 22:11:27] [INFO] [javdb_scraper.py:196] - 💾 [DB] 番号 [HMN-886] 详细数据及磁力已成功存库
[2026-08-11 22:11:27] [INFO] [server.py:581] - [全量订阅演员一条龙 [智能增量 | 抓取元数据入库]] 💾 [DB] 番号 [HMN-886] 详细数据及磁力已成功存库
[2026-08-11 22:11:27] [INFO] [javdb_scraper.py:196] - 🔎 [10/30] 抓取详情: IPZZ-893 (https://javdb.com/v/ZN3WMJ)
[2026-08-11 22:11:27] [INFO] [server.py:581] - [全量订阅演员一条龙 [智能增量 | 抓取元数据入库]] 🔎 [10/30] 抓取详情: IPZZ-893 (https://javdb.com/v/ZN3WMJ)
[2026-08-11 22:11:31] [INFO] [javdb_scraper.py:196] - 💾 [DB] 番号 [IPZZ-893] 详细数据及磁力已成功存库
[2026-08-11 22:11:31] [INFO] [server.py:581] - [全量订阅演员一条龙 [智能增量 | 抓取元数据入库]] 💾 [DB] 番号 [IPZZ-893] 详细数据及磁力已成功存库
[2026-08-11 22:11:31] [INFO] [javdb_scraper.py:196] - 🔎 [11/30] 抓取详情: IPZZ-919 (https://javdb.com/v/0eEdNq)
[2026-08-11 22:11:31] [INFO] [server.py:581] - [全量订阅演员一条龙 [智能增量 | 抓取元数据入库]] 🔎 [11/30] 抓取详情: IPZZ-919 (https://javdb.com/v/0eEdNq)
[2026-08-11 22:11:34] [INFO] [javdb_scraper.py:196] - 💾 [DB] 番号 [IPZZ-919] 详细数据及磁力已成功存库
[2026-08-11 22:11:34] [INFO] [server.py:581] - [全量订阅演员一条龙 [智能增量 | 抓取元数据入库]] 💾 [DB] 番号 [IPZZ-919] 详细数据及磁力已成功存库
[2026-08-11 22:11:34] [INFO] [javdb_scraper.py:196] - 🔎 [12/30] 抓取详情: IPZZ-944 (https://javdb.com/v/P9me8a)
[2026-08-11 22:11:34] [INFO] [server.py:581] - [全量订阅演员一条龙 [智能增量 | 抓取元数据入库]] 🔎 [12/30] 抓取详情: IPZZ-944 (https://javdb.com/v/P9me8a)
[2026-08-11 22:11:37] [INFO] [javdb_scraper.py:196] - 💾 [DB] 番号 [IPZZ-944] 详细数据及磁力已成功存库
[2026-08-11 22:11:37] [INFO] [server.py:581] - [全量订阅演员一条龙 [智能增量 | 抓取元数据入库]] 💾 [DB] 番号 [IPZZ-944] 详细数据及磁力已成功存库
[2026-08-11 22:11:37] [INFO] [javdb_scraper.py:196] - 🔎 [13/30] 抓取详情: MBDD-2190 (https://javdb.com/v/Kkpg0M)
[2026-08-11 22:11:37] [INFO] [server.py:581] - [全量订阅演员一条龙 [智能增量 | 抓取元数据入库]] 🔎 [13/30] 抓取详情: MBDD-2190 (https://javdb.com/v/Kkpg0M)
[2026-08-11 22:11:40] [INFO] [javdb_scraper.py:196] - 💾 [DB] 番号 [MBDD-2190] 详细数据及磁力已成功存库
[2026-08-11 22:11:40] [INFO] [server.py:581] - [全量订阅演员一条龙 [智能增量 | 抓取元数据入库]] 💾 [DB] 番号 [MBDD-2190] 详细数据及磁力已成功存库
[2026-08-11 22:11:40] [INFO] [javdb_scraper.py:196] - 🔎 [14/30] 抓取详情: MVSD-696 (https://javdb.com/v/1Axvvw)
[2026-08-11 22:11:40] [INFO] [server.py:581] - [全量订阅演员一条龙 [智能增量 | 抓取元数据入库]] 🔎 [14/30] 抓取详情: MVSD-696 (https://javdb.com/v/1Axvvw)
[2026-08-11 22:11:42] [INFO] [javdb_scraper.py:196] - 💾 [DB] 番号 [MVSD-696] 详细数据及磁力已成功存库
[2026-08-11 22:11:42] [INFO] [server.py:581] - [全量订阅演员一条龙 [智能增量 | 抓取元数据入库]] 💾 [DB] 番号 [MVSD-696] 详细数据及磁力已成功存库
[2026-08-11 22:11:42] [INFO] [javdb_scraper.py:196] - 🔎 [15/30] 抓取详情: NSODN-025 (https://javdb.com/v/96QVxw)
[2026-08-11 22:11:42] [INFO] [server.py:581] - [全量订阅演员一条龙 [智能增量 | 抓取元数据入库]] 🔎 [15/30] 抓取详情: NSODN-025 (https://javdb.com/v/96QVxw)
[2026-08-11 22:11:44] [INFO] [javdb_scraper.py:196] - 💾 [DB] 番号 [NSODN-025] 详细数据及磁力已成功存库
[2026-08-11 22:11:44] [INFO] [server.py:581] - [全量订阅演员一条龙 [智能增量 | 抓取元数据入库]] 💾 [DB] 番号 [NSODN-025] 详细数据及磁力已成功存库
[2026-08-11 22:11:44] [INFO] [javdb_scraper.py:196] - 🔎 [16/30] 抓取详情: OFJE-397 (https://javdb.com/v/E2mk99)
[2026-08-11 22:11:44] [INFO] [server.py:581] - [全量订阅演员一条龙 [智能增量 | 抓取元数据入库]] 🔎 [16/30] 抓取详情: OFJE-397 (https://javdb.com/v/E2mk99)
[2026-08-11 22:11:47] [INFO] [javdb_scraper.py:196] - 💾 [DB] 番号 [OFJE-397] 详细数据及磁力已成功存库
[2026-08-11 22:11:47] [INFO] [server.py:581] - [全量订阅演员一条龙 [智能增量 | 抓取元数据入库]] 💾 [DB] 番号 [OFJE-397] 详细数据及磁力已成功存库
[2026-08-11 22:11:47] [INFO] [javdb_scraper.py:196] - 🔎 [17/30] 抓取详情: OFJE-450 (https://javdb.com/v/Kkknz7)
[2026-08-11 22:11:47] [INFO] [server.py:581] - [全量订阅演员一条龙 [智能增量 | 抓取元数据入库]] 🔎 [17/30] 抓取详情: OFJE-450 (https://javdb.com/v/Kkknz7)
[2026-08-11 22:11:50] [INFO] [javdb_scraper.py:196] - 💾 [DB] 番号 [OFJE-450] 详细数据及磁力已成功存库
[2026-08-11 22:11:50] [INFO] [server.py:581] - [全量订阅演员一条龙 [智能增量 | 抓取元数据入库]] 💾 [DB] 番号 [OFJE-450] 详细数据及磁力已成功存库
[2026-08-11 22:11:50] [INFO] [javdb_scraper.py:196] - 🔎 [18/30] 抓取详情: PPPE-435 (https://javdb.com/v/e8NNDx)
[2026-08-11 22:11:50] [INFO] [server.py:581] - [全量订阅演员一条龙 [智能增量 | 抓取元数据入库]] 🔎 [18/30] 抓取详情: PPPE-435 (https://javdb.com/v/e8NNDx)
[2026-08-11 22:11:53] [INFO] [javdb_scraper.py:196] - 💾 [DB] 番号 [PPPE-435] 详细数据及磁力已成功存库
[2026-08-11 22:11:53] [INFO] [server.py:581] - [全量订阅演员一条龙 [智能增量 | 抓取元数据入库]] 💾 [DB] 番号 [PPPE-435] 详细数据及磁力已成功存库
[2026-08-11 22:11:53] [INFO] [javdb_scraper.py:196] - 🔎 [19/30] 抓取详情: PRED-886 (https://javdb.com/v/Xe7bb4)
[2026-08-11 22:11:53] [INFO] [server.py:581] - [全量订阅演员一条龙 [智能增量 | 抓取元数据入库]] 🔎 [19/30] 抓取详情: PRED-886 (https://javdb.com/v/Xe7bb4)
[2026-08-11 22:11:56] [INFO] [javdb_scraper.py:196] - 💾 [DB] 番号 [PRED-886] 详细数据及磁力已成功存库
[2026-08-11 22:11:56] [INFO] [server.py:581] - [全量订阅演员一条龙 [智能增量 | 抓取元数据入库]] 💾 [DB] 番号 [PRED-886] 详细数据及磁力已成功存库
[2026-08-11 22:11:56] [INFO] [javdb_scraper.py:196] - 🔎 [20/30] 抓取详情: ROYD-347 (https://javdb.com/v/qA7pZ9)
[2026-08-11 22:11:56] [INFO] [server.py:581] - [全量订阅演员一条龙 [智能增量 | 抓取元数据入库]] 🔎 [20/30] 抓取详情: ROYD-347 (https://javdb.com/v/qA7pZ9)
[2026-08-11 22:12:00] [INFO] [javdb_scraper.py:196] - 💾 [DB] 番号 [ROYD-347] 详细数据及磁力已成功存库
[2026-08-11 22:12:00] [INFO] [server.py:581] - [全量订阅演员一条龙 [智能增量 | 抓取元数据入库]] 💾 [DB] 番号 [ROYD-347] 详细数据及磁力已成功存库
[2026-08-11 22:12:00] [INFO] [javdb_scraper.py:196] - 🔎 [21/30] 抓取详情: SODSVR-0001 (https://javdb.com/v/xA399n)
[2026-08-11 22:12:00] [INFO] [server.py:581] - [全量订阅演员一条龙 [智能增量 | 抓取元数据入库]] 🔎 [21/30] 抓取详情: SODSVR-0001 (https://javdb.com/v/xA399n)
[2026-08-11 22:12:03] [INFO] [javdb_scraper.py:196] - 💾 [DB] 番号 [SODSVR-0001] 详细数据及磁力已成功存库
[2026-08-11 22:12:03] [INFO] [server.py:581] - [全量订阅演员一条龙 [智能增量 | 抓取元数据入库]] 💾 [DB] 番号 [SODSVR-0001] 详细数据及磁力已成功存库
[2026-08-11 22:12:03] [INFO] [javdb_scraper.py:196] - 🔎 [22/30] 抓取详情: SSNI-319 (https://javdb.com/v/828EE)
[2026-08-11 22:12:03] [INFO] [server.py:581] - [全量订阅演员一条龙 [智能增量 | 抓取元数据入库]] 🔎 [22/30] 抓取详情: SSNI-319 (https://javdb.com/v/828EE)
[2026-08-11 22:12:06] [INFO] [javdb_scraper.py:196] - 💾 [DB] 番号 [SSNI-319] 详细数据及磁力已成功存库
[2026-08-11 22:12:06] [INFO] [server.py:581] - [全量订阅演员一条龙 [智能增量 | 抓取元数据入库]] 💾 [DB] 番号 [SSNI-319] 详细数据及磁力已成功存库
[2026-08-11 22:12:06] [INFO] [javdb_scraper.py:196] - 🔎 [23/30] 抓取详情: SSNI-341 (https://javdb.com/v/Rkw8R)
[2026-08-11 22:12:06] [INFO] [server.py:581] - [全量订阅演员一条龙 [智能增量 | 抓取元数据入库]] 🔎 [23/30] 抓取详情: SSNI-341 (https://javdb.com/v/Rkw8R)
[2026-08-11 22:12:08] [INFO] [javdb_scraper.py:196] - 💾 [DB] 番号 [SSNI-341] 详细数据及磁力已成功存库
[2026-08-11 22:12:08] [INFO] [server.py:581] - [全量订阅演员一条龙 [智能增量 | 抓取元数据入库]] 💾 [DB] 番号 [SSNI-341] 详细数据及磁力已成功存库
[2026-08-11 22:12:08] [INFO] [javdb_scraper.py:196] - 🔎 [24/30] 抓取详情: SSNI-363 (https://javdb.com/v/byqGE)
[2026-08-11 22:12:08] [INFO] [server.py:581] - [全量订阅演员一条龙 [智能增量 | 抓取元数据入库]] 🔎 [24/30] 抓取详情: SSNI-363 (https://javdb.com/v/byqGE)
[2026-08-11 22:12:11] [INFO] [javdb_scraper.py:196] - 💾 [DB] 番号 [SSNI-363] 详细数据及磁力已成功存库
[2026-08-11 22:12:11] [INFO] [server.py:581] - [全量订阅演员一条龙 [智能增量 | 抓取元数据入库]] 💾 [DB] 番号 [SSNI-363] 详细数据及磁力已成功存库
[2026-08-11 22:12:11] [INFO] [javdb_scraper.py:196] - 🔎 [25/30] 抓取详情: START-415 (https://javdb.com/v/1Aagyw)
[2026-08-11 22:12:11] [INFO] [server.py:581] - [全量订阅演员一条龙 [智能增量 | 抓取元数据入库]] 🔎 [25/30] 抓取详情: START-415 (https://javdb.com/v/1Aagyw)
[2026-08-11 22:12:14] [INFO] [javdb_scraper.py:196] - 💾 [DB] 番号 [START-415] 详细数据及磁力已成功存库
[2026-08-11 22:12:14] [INFO] [server.py:581] - [全量订阅演员一条龙 [智能增量 | 抓取元数据入库]] 💾 [DB] 番号 [START-415] 详细数据及磁力已成功存库
[2026-08-11 22:12:14] [INFO] [javdb_scraper.py:196] - 🔎 [26/30] 抓取详情: START-442 (https://javdb.com/v/mO9A8y)
[2026-08-11 22:12:14] [INFO] [server.py:581] - [全量订阅演员一条龙 [智能增量 | 抓取元数据入库]] 🔎 [26/30] 抓取详情: START-442 (https://javdb.com/v/mO9A8y)
[2026-08-11 22:12:17] [INFO] [javdb_scraper.py:196] - 💾 [DB] 番号 [START-442] 详细数据及磁力已成功存库
[2026-08-11 22:12:17] [INFO] [server.py:581] - [全量订阅演员一条龙 [智能增量 | 抓取元数据入库]] 💾 [DB] 番号 [START-442] 详细数据及磁力已成功存库
[2026-08-11 22:12:17] [INFO] [javdb_scraper.py:196] - 🔎 [27/30] 抓取详情: START-463 (https://javdb.com/v/2m0gpp)
[2026-08-11 22:12:17] [INFO] [server.py:581] - [全量订阅演员一条龙 [智能增量 | 抓取元数据入库]] 🔎 [27/30] 抓取详情: START-463 (https://javdb.com/v/2m0gpp)
[2026-08-11 22:12:20] [INFO] [javdb_scraper.py:196] - 💾 [DB] 番号 [START-463] 详细数据及磁力已成功存库
[2026-08-11 22:12:20] [INFO] [server.py:581] - [全量订阅演员一条龙 [智能增量 | 抓取元数据入库]] 💾 [DB] 番号 [START-463] 详细数据及磁力已成功存库
[2026-08-11 22:12:20] [INFO] [javdb_scraper.py:196] - 🔎 [28/30] 抓取详情: WAAA-661 (https://javdb.com/v/ZN3wRJ)
[2026-08-11 22:12:20] [INFO] [server.py:581] - [全量订阅演员一条龙 [智能增量 | 抓取元数据入库]] 🔎 [28/30] 抓取详情: WAAA-661 (https://javdb.com/v/ZN3wRJ)
[2026-08-11 22:12:22] [INFO] [javdb_scraper.py:196] - 💾 [DB] 番号 [WAAA-661] 详细数据及磁力已成功存库
[2026-08-11 22:12:22] [INFO] [server.py:581] - [全量订阅演员一条龙 [智能增量 | 抓取元数据入库]] 💾 [DB] 番号 [WAAA-661] 详细数据及磁力已成功存库
[2026-08-11 22:12:22] [INFO] [javdb_scraper.py:196] - 🔎 [29/30] 抓取详情: WAAA-682 (https://javdb.com/v/0eEVnX)
[2026-08-11 22:12:22] [INFO] [server.py:581] - [全量订阅演员一条龙 [智能增量 | 抓取元数据入库]] 🔎 [29/30] 抓取详情: WAAA-682 (https://javdb.com/v/0eEVnX)
[2026-08-11 22:12:24] [INFO] [javdb_scraper.py:196] - 💾 [DB] 番号 [WAAA-682] 详细数据及磁力已成功存库
[2026-08-11 22:12:24] [INFO] [server.py:581] - [全量订阅演员一条龙 [智能增量 | 抓取元数据入库]] 💾 [DB] 番号 [WAAA-682] 详细数据及磁力已成功存库
[2026-08-11 22:12:24] [INFO] [javdb_scraper.py:196] - 🔎 [30/30] 抓取详情: YUJ-066 (https://javdb.com/v/KkPp4v)
[2026-08-11 22:12:24] [INFO] [server.py:581] - [全量订阅演员一条龙 [智能增量 | 抓取元数据入库]] 🔎 [30/30] 抓取详情: YUJ-066 (https://javdb.com/v/KkPp4v)
[2026-08-11 22:12:27] [INFO] [javdb_scraper.py:196] - 💾 [DB] 番号 [YUJ-066] 详细数据及磁力已成功存库
[2026-08-11 22:12:27] [INFO] [server.py:581] - [全量订阅演员一条龙 [智能增量 | 抓取元数据入库]] 💾 [DB] 番号 [YUJ-066] 详细数据及磁力已成功存库
[2026-08-11 22:12:27] [INFO] [server.py:581] - [全量订阅演员一条龙 [智能增量 | 抓取元数据入库]] 🎉 [演员一条龙] 全部订阅演员增量巡检与磁力详情抓取入库完成！(可由 '115 离线自动推送' 任务统一进行离线离线)
[2026-08-11 22:15:44] [INFO] [server.py:191] - 💾 已成功将 2 个定时任务持久化保存至 D:\JAVDB_AutoSpider_V1.2\backend\scheduled_jobs.json
[2026-08-11 22:15:45] [INFO] [server.py:780] - 🚀 [Cron Trigger] 手动触发运行定时任务 ID: actors_pipeline_msopzw4t (全量订阅演员一条龙 [全量翻页 | 抓取元数据入库])
[2026-08-11 22:15:45] [INFO] [server.py:567] - ⏰ [Cron 定时任务触发] ID: actors_pipeline_msopzw4t | 全量订阅演员一条龙 [全量翻页 | 抓取元数据入库]
[2026-08-11 22:15:45] [INFO] [server.py:581] - [全量订阅演员一条龙 [全量翻页 | 抓取元数据入库]] 🌟 [演员一条龙] 正在拉取我收藏的全部订阅演员列表...
[2026-08-11 22:15:45] [INFO] [javdb_scraper.py:379] - 🎭 [User] 正在拉取用户订阅演员...
[2026-08-11 22:15:48] [INFO] [javdb_scraper.py:397] - ✅ [User] 成功拉取到 3 位已订阅演员
[2026-08-11 22:15:48] [INFO] [server.py:581] - [全量订阅演员一条龙 [全量翻页 | 抓取元数据入库]] 📌 [演员一条龙] 共匹配到 3 位订阅演员，开始全量增量抓取...
[2026-08-11 22:15:48] [INFO] [server.py:581] - [全量订阅演员一条龙 [全量翻页 | 抓取元数据入库]] 🎬 [1/3] 正在巡检演员: https://javdb.com/actors/RdEb4
[2026-08-11 22:15:48] [INFO] [javdb_scraper.py:196] - 📄 [Scrape] 正在抓取索引页 [1]: https://javdb.com/actors/RdEb4
[2026-08-11 22:15:48] [INFO] [server.py:581] - [全量订阅演员一条龙 [全量翻页 | 抓取元数据入库]] 📄 [Scrape] 正在抓取索引页 [1]: https://javdb.com/actors/RdEb4
[2026-08-11 22:15:50] [INFO] [javdb_scraper.py:738] - 📥 [DB] 索引记录批量存库成功 (40 条)
[2026-08-11 22:15:50] [INFO] [javdb_scraper.py:196] - 📥 [DB] 索引记录批量存库成功 (40 条)
[2026-08-11 22:15:50] [INFO] [server.py:581] - [全量订阅演员一条龙 [全量翻页 | 抓取元数据入库]] 📥 [DB] 索引记录批量存库成功 (40 条)
[2026-08-11 22:15:50] [INFO] [javdb_scraper.py:196] - 🛑 [Smart Incremental] 检测到本页有 27 部影片在 演员 [RdEb4] 的历史记录中已存在且详情完整，智能判定已接轨历史，终止后续翻页！
[2026-08-11 22:15:50] [INFO] [server.py:581] - [全量订阅演员一条龙 [全量翻页 | 抓取元数据入库]] 🛑 [Smart Incremental] 检测到本页有 27 部影片在 演员 [RdEb4] 的历史记录中已存在且详情完整，智能判定已接轨历史，终止后续翻页！
[2026-08-11 22:15:50] [INFO] [server.py:581] - [全量订阅演员一条龙 [全量翻页 | 抓取元数据入库]] 🎬 [2/3] 正在巡检演员: https://javdb.com/actors/1Bk9J
[2026-08-11 22:15:50] [INFO] [javdb_scraper.py:196] - 📄 [Scrape] 正在抓取索引页 [1]: https://javdb.com/actors/1Bk9J
[2026-08-11 22:15:50] [INFO] [server.py:581] - [全量订阅演员一条龙 [全量翻页 | 抓取元数据入库]] 📄 [Scrape] 正在抓取索引页 [1]: https://javdb.com/actors/1Bk9J
[2026-08-11 22:15:52] [INFO] [javdb_scraper.py:738] - 📥 [DB] 索引记录批量存库成功 (5 条)
[2026-08-11 22:15:52] [INFO] [javdb_scraper.py:196] - 📥 [DB] 索引记录批量存库成功 (5 条)
[2026-08-11 22:15:52] [INFO] [server.py:581] - [全量订阅演员一条龙 [全量翻页 | 抓取元数据入库]] 📥 [DB] 索引记录批量存库成功 (5 条)
[2026-08-11 22:15:52] [INFO] [javdb_scraper.py:196] - 🔚 [Scrape] 抓取至末页
[2026-08-11 22:15:52] [INFO] [server.py:581] - [全量订阅演员一条龙 [全量翻页 | 抓取元数据入库]] 🔚 [Scrape] 抓取至末页
[2026-08-11 22:15:52] [INFO] [server.py:581] - [全量订阅演员一条龙 [全量翻页 | 抓取元数据入库]] 🎬 [3/3] 正在巡检演员: https://javdb.com/actors/XxvJ
[2026-08-11 22:15:52] [INFO] [javdb_scraper.py:196] - 📄 [Scrape] 正在抓取索引页 [1]: https://javdb.com/actors/XxvJ
[2026-08-11 22:15:52] [INFO] [server.py:581] - [全量订阅演员一条龙 [全量翻页 | 抓取元数据入库]] 📄 [Scrape] 正在抓取索引页 [1]: https://javdb.com/actors/XxvJ
[2026-08-11 22:15:54] [INFO] [javdb_scraper.py:738] - 📥 [DB] 索引记录批量存库成功 (29 条)
[2026-08-11 22:15:54] [INFO] [javdb_scraper.py:196] - 📥 [DB] 索引记录批量存库成功 (29 条)
[2026-08-11 22:15:54] [INFO] [server.py:581] - [全量订阅演员一条龙 [全量翻页 | 抓取元数据入库]] 📥 [DB] 索引记录批量存库成功 (29 条)
[2026-08-11 22:15:54] [INFO] [javdb_scraper.py:196] - 🛑 [Smart Incremental] 检测到本页有 20 部影片在 演员 [XxvJ] 的历史记录中已存在且详情完整，智能判定已接轨历史，终止后续翻页！
[2026-08-11 22:15:54] [INFO] [server.py:581] - [全量订阅演员一条龙 [全量翻页 | 抓取元数据入库]] 🛑 [Smart Incremental] 检测到本页有 20 部影片在 演员 [XxvJ] 的历史记录中已存在且详情完整，智能判定已接轨历史，终止后续翻页！
[2026-08-11 22:15:54] [INFO] [server.py:581] - [全量订阅演员一条龙 [全量翻页 | 抓取元数据入库]] 📥 [演员一条龙] 抓取到 74 部新影片，正在补全磁力与海报详情...
[2026-08-11 22:15:54] [INFO] [javdb_scraper.py:196] - 🚀 [Scrape] 开始抓取待更新影片详情，总量: 22
[2026-08-11 22:15:54] [INFO] [server.py:581] - [全量订阅演员一条龙 [全量翻页 | 抓取元数据入库]] 🚀 [Scrape] 开始抓取待更新影片详情，总量: 22
[2026-08-11 22:15:54] [INFO] [javdb_scraper.py:196] - 🔎 [1/22] 抓取详情: ADN-801 (https://javdb.com/v/z4ZKgb)
[2026-08-11 22:15:54] [INFO] [server.py:581] - [全量订阅演员一条龙 [全量翻页 | 抓取元数据入库]] 🔎 [1/22] 抓取详情: ADN-801 (https://javdb.com/v/z4ZKgb)
[2026-08-11 22:15:57] [INFO] [javdb_scraper.py:196] - 💾 [DB] 番号 [ADN-801] 详细数据及磁力已成功存库
[2026-08-11 22:15:57] [INFO] [server.py:581] - [全量订阅演员一条龙 [全量翻页 | 抓取元数据入库]] 💾 [DB] 番号 [ADN-801] 详细数据及磁力已成功存库
[2026-08-11 22:15:57] [INFO] [javdb_scraper.py:196] - 🔎 [2/22] 抓取详情: AGMX-271 (https://javdb.com/v/96Q8GX)
[2026-08-11 22:15:57] [INFO] [server.py:581] - [全量订阅演员一条龙 [全量翻页 | 抓取元数据入库]] 🔎 [2/22] 抓取详情: AGMX-271 (https://javdb.com/v/96Q8GX)
[2026-08-11 22:16:01] [INFO] [javdb_scraper.py:196] - 💾 [DB] 番号 [AGMX-271] 详细数据及磁力已成功存库
[2026-08-11 22:16:01] [INFO] [server.py:581] - [全量订阅演员一条龙 [全量翻页 | 抓取元数据入库]] 💾 [DB] 番号 [AGMX-271] 详细数据及磁力已成功存库
[2026-08-11 22:16:01] [INFO] [javdb_scraper.py:196] - 🔎 [3/22] 抓取详情: ATKD-311 (https://javdb.com/v/9GmwE)
[2026-08-11 22:16:01] [INFO] [server.py:581] - [全量订阅演员一条龙 [全量翻页 | 抓取元数据入库]] 🔎 [3/22] 抓取详情: ATKD-311 (https://javdb.com/v/9GmwE)
[2026-08-11 22:16:03] [INFO] [javdb_scraper.py:196] - 💾 [DB] 番号 [ATKD-311] 详细数据及磁力已成功存库
[2026-08-11 22:16:03] [INFO] [server.py:581] - [全量订阅演员一条龙 [全量翻页 | 抓取元数据入库]] 💾 [DB] 番号 [ATKD-311] 详细数据及磁力已成功存库
[2026-08-11 22:16:03] [INFO] [javdb_scraper.py:196] - 🔎 [4/22] 抓取详情: ATKD-313 (https://javdb.com/v/7avGB)
[2026-08-11 22:16:03] [INFO] [server.py:581] - [全量订阅演员一条龙 [全量翻页 | 抓取元数据入库]] 🔎 [4/22] 抓取详情: ATKD-313 (https://javdb.com/v/7avGB)
[2026-08-11 22:16:05] [INFO] [javdb_scraper.py:196] - 💾 [DB] 番号 [ATKD-313] 详细数据及磁力已成功存库
[2026-08-11 22:16:05] [INFO] [server.py:581] - [全量订阅演员一条龙 [全量翻页 | 抓取元数据入库]] 💾 [DB] 番号 [ATKD-313] 详细数据及磁力已成功存库
[2026-08-11 22:16:05] [INFO] [javdb_scraper.py:196] - 🔎 [5/22] 抓取详情: BACJ-190 (https://javdb.com/v/DRXe62)
[2026-08-11 22:16:05] [INFO] [server.py:581] - [全量订阅演员一条龙 [全量翻页 | 抓取元数据入库]] 🔎 [5/22] 抓取详情: BACJ-190 (https://javdb.com/v/DRXe62)
[2026-08-11 22:16:08] [INFO] [javdb_scraper.py:196] - 💾 [DB] 番号 [BACJ-190] 详细数据及磁力已成功存库
[2026-08-11 22:16:08] [INFO] [server.py:581] - [全量订阅演员一条龙 [全量翻页 | 抓取元数据入库]] 💾 [DB] 番号 [BACJ-190] 详细数据及磁力已成功存库
[2026-08-11 22:16:08] [INFO] [javdb_scraper.py:196] - 🔎 [6/22] 抓取详情: CJOD-527 (https://javdb.com/v/QNREbn)
[2026-08-11 22:16:08] [INFO] [server.py:581] - [全量订阅演员一条龙 [全量翻页 | 抓取元数据入库]] 🔎 [6/22] 抓取详情: CJOD-527 (https://javdb.com/v/QNREbn)
[2026-08-11 22:16:11] [INFO] [javdb_scraper.py:196] - 💾 [DB] 番号 [CJOD-527] 详细数据及磁力已成功存库
[2026-08-11 22:16:11] [INFO] [server.py:581] - [全量订阅演员一条龙 [全量翻页 | 抓取元数据入库]] 💾 [DB] 番号 [CJOD-527] 详细数据及磁力已成功存库
[2026-08-11 22:16:11] [INFO] [javdb_scraper.py:196] - 🔎 [7/22] 抓取详情: DSOD-060 (https://javdb.com/v/e8Nwnp)
[2026-08-11 22:16:11] [INFO] [server.py:581] - [全量订阅演员一条龙 [全量翻页 | 抓取元数据入库]] 🔎 [7/22] 抓取详情: DSOD-060 (https://javdb.com/v/e8Nwnp)
[2026-08-11 22:16:13] [INFO] [javdb_scraper.py:196] - 💾 [DB] 番号 [DSOD-060] 详细数据及磁力已成功存库
[2026-08-11 22:16:13] [INFO] [server.py:581] - [全量订阅演员一条龙 [全量翻页 | 抓取元数据入库]] 💾 [DB] 番号 [DSOD-060] 详细数据及磁力已成功存库
[2026-08-11 22:16:13] [INFO] [javdb_scraper.py:196] - 🔎 [8/22] 抓取详情: DSOD-062 (https://javdb.com/v/96QqEg)
[2026-08-11 22:16:13] [INFO] [server.py:581] - [全量订阅演员一条龙 [全量翻页 | 抓取元数据入库]] 🔎 [8/22] 抓取详情: DSOD-062 (https://javdb.com/v/96QqEg)
[2026-08-11 22:16:16] [INFO] [javdb_scraper.py:196] - 💾 [DB] 番号 [DSOD-062] 详细数据及磁力已成功存库
[2026-08-11 22:16:16] [INFO] [server.py:581] - [全量订阅演员一条龙 [全量翻页 | 抓取元数据入库]] 💾 [DB] 番号 [DSOD-062] 详细数据及磁力已成功存库
[2026-08-11 22:16:16] [INFO] [javdb_scraper.py:196] - 🔎 [9/22] 抓取详情: HMN-886 (https://javdb.com/v/6dQAQD)
[2026-08-11 22:16:16] [INFO] [server.py:581] - [全量订阅演员一条龙 [全量翻页 | 抓取元数据入库]] 🔎 [9/22] 抓取详情: HMN-886 (https://javdb.com/v/6dQAQD)
[2026-08-11 22:16:19] [INFO] [javdb_scraper.py:196] - 💾 [DB] 番号 [HMN-886] 详细数据及磁力已成功存库
[2026-08-11 22:16:19] [INFO] [server.py:581] - [全量订阅演员一条龙 [全量翻页 | 抓取元数据入库]] 💾 [DB] 番号 [HMN-886] 详细数据及磁力已成功存库
[2026-08-11 22:16:19] [INFO] [javdb_scraper.py:196] - 🔎 [10/22] 抓取详情: IPZZ-893 (https://javdb.com/v/ZN3WMJ)
[2026-08-11 22:16:19] [INFO] [server.py:581] - [全量订阅演员一条龙 [全量翻页 | 抓取元数据入库]] 🔎 [10/22] 抓取详情: IPZZ-893 (https://javdb.com/v/ZN3WMJ)
[2026-08-11 22:16:23] [INFO] [javdb_scraper.py:196] - 💾 [DB] 番号 [IPZZ-893] 详细数据及磁力已成功存库
[2026-08-11 22:16:23] [INFO] [server.py:581] - [全量订阅演员一条龙 [全量翻页 | 抓取元数据入库]] 💾 [DB] 番号 [IPZZ-893] 详细数据及磁力已成功存库
[2026-08-11 22:16:23] [INFO] [javdb_scraper.py:196] - 🔎 [11/22] 抓取详情: IPZZ-919 (https://javdb.com/v/0eEdNq)
[2026-08-11 22:16:23] [INFO] [server.py:581] - [全量订阅演员一条龙 [全量翻页 | 抓取元数据入库]] 🔎 [11/22] 抓取详情: IPZZ-919 (https://javdb.com/v/0eEdNq)
[2026-08-11 22:16:26] [INFO] [javdb_scraper.py:196] - 💾 [DB] 番号 [IPZZ-919] 详细数据及磁力已成功存库
[2026-08-11 22:16:26] [INFO] [server.py:581] - [全量订阅演员一条龙 [全量翻页 | 抓取元数据入库]] 💾 [DB] 番号 [IPZZ-919] 详细数据及磁力已成功存库
[2026-08-11 22:16:26] [INFO] [javdb_scraper.py:196] - 🔎 [12/22] 抓取详情: IPZZ-944 (https://javdb.com/v/P9me8a)
[2026-08-11 22:16:26] [INFO] [server.py:581] - [全量订阅演员一条龙 [全量翻页 | 抓取元数据入库]] 🔎 [12/22] 抓取详情: IPZZ-944 (https://javdb.com/v/P9me8a)
[2026-08-11 22:16:29] [INFO] [javdb_scraper.py:196] - 💾 [DB] 番号 [IPZZ-944] 详细数据及磁力已成功存库
[2026-08-11 22:16:29] [INFO] [server.py:581] - [全量订阅演员一条龙 [全量翻页 | 抓取元数据入库]] 💾 [DB] 番号 [IPZZ-944] 详细数据及磁力已成功存库
[2026-08-11 22:16:29] [INFO] [javdb_scraper.py:196] - 🔎 [13/22] 抓取详情: MBDD-2190 (https://javdb.com/v/Kkpg0M)
[2026-08-11 22:16:29] [INFO] [server.py:581] - [全量订阅演员一条龙 [全量翻页 | 抓取元数据入库]] 🔎 [13/22] 抓取详情: MBDD-2190 (https://javdb.com/v/Kkpg0M)
[2026-08-11 22:16:32] [INFO] [javdb_scraper.py:196] - 💾 [DB] 番号 [MBDD-2190] 详细数据及磁力已成功存库
[2026-08-11 22:16:32] [INFO] [server.py:581] - [全量订阅演员一条龙 [全量翻页 | 抓取元数据入库]] 💾 [DB] 番号 [MBDD-2190] 详细数据及磁力已成功存库
[2026-08-11 22:16:32] [INFO] [javdb_scraper.py:196] - 🔎 [14/22] 抓取详情: MVSD-696 (https://javdb.com/v/1Axvvw)
[2026-08-11 22:16:32] [INFO] [server.py:581] - [全量订阅演员一条龙 [全量翻页 | 抓取元数据入库]] 🔎 [14/22] 抓取详情: MVSD-696 (https://javdb.com/v/1Axvvw)
[2026-08-11 22:16:34] [INFO] [javdb_scraper.py:196] - 💾 [DB] 番号 [MVSD-696] 详细数据及磁力已成功存库
[2026-08-11 22:16:34] [INFO] [server.py:581] - [全量订阅演员一条龙 [全量翻页 | 抓取元数据入库]] 💾 [DB] 番号 [MVSD-696] 详细数据及磁力已成功存库
[2026-08-11 22:16:34] [INFO] [javdb_scraper.py:196] - 🔎 [15/22] 抓取详情: NSODN-025 (https://javdb.com/v/96QVxw)
[2026-08-11 22:16:34] [INFO] [server.py:581] - [全量订阅演员一条龙 [全量翻页 | 抓取元数据入库]] 🔎 [15/22] 抓取详情: NSODN-025 (https://javdb.com/v/96QVxw)
[2026-08-11 22:16:37] [INFO] [javdb_scraper.py:196] - 💾 [DB] 番号 [NSODN-025] 详细数据及磁力已成功存库
[2026-08-11 22:16:37] [INFO] [server.py:581] - [全量订阅演员一条龙 [全量翻页 | 抓取元数据入库]] 💾 [DB] 番号 [NSODN-025] 详细数据及磁力已成功存库
[2026-08-11 22:16:37] [INFO] [javdb_scraper.py:196] - 🔎 [16/22] 抓取详情: OFJE-397 (https://javdb.com/v/E2mk99)
[2026-08-11 22:16:37] [INFO] [server.py:581] - [全量订阅演员一条龙 [全量翻页 | 抓取元数据入库]] 🔎 [16/22] 抓取详情: OFJE-397 (https://javdb.com/v/E2mk99)
[2026-08-11 22:16:40] [INFO] [javdb_scraper.py:196] - 💾 [DB] 番号 [OFJE-397] 详细数据及磁力已成功存库
[2026-08-11 22:16:40] [INFO] [server.py:581] - [全量订阅演员一条龙 [全量翻页 | 抓取元数据入库]] 💾 [DB] 番号 [OFJE-397] 详细数据及磁力已成功存库
[2026-08-11 22:16:40] [INFO] [javdb_scraper.py:196] - 🔎 [17/22] 抓取详情: OFJE-450 (https://javdb.com/v/Kkknz7)
[2026-08-11 22:16:40] [INFO] [server.py:581] - [全量订阅演员一条龙 [全量翻页 | 抓取元数据入库]] 🔎 [17/22] 抓取详情: OFJE-450 (https://javdb.com/v/Kkknz7)
[2026-08-11 22:16:43] [INFO] [javdb_scraper.py:196] - 💾 [DB] 番号 [OFJE-450] 详细数据及磁力已成功存库
[2026-08-11 22:16:43] [INFO] [server.py:581] - [全量订阅演员一条龙 [全量翻页 | 抓取元数据入库]] 💾 [DB] 番号 [OFJE-450] 详细数据及磁力已成功存库
[2026-08-11 22:16:43] [INFO] [javdb_scraper.py:196] - 🔎 [18/22] 抓取详情: PPPE-435 (https://javdb.com/v/e8NNDx)
[2026-08-11 22:16:43] [INFO] [server.py:581] - [全量订阅演员一条龙 [全量翻页 | 抓取元数据入库]] 🔎 [18/22] 抓取详情: PPPE-435 (https://javdb.com/v/e8NNDx)
[2026-08-11 22:16:46] [INFO] [javdb_scraper.py:196] - 💾 [DB] 番号 [PPPE-435] 详细数据及磁力已成功存库
[2026-08-11 22:16:46] [INFO] [server.py:581] - [全量订阅演员一条龙 [全量翻页 | 抓取元数据入库]] 💾 [DB] 番号 [PPPE-435] 详细数据及磁力已成功存库
[2026-08-11 22:16:46] [INFO] [javdb_scraper.py:196] - 🔎 [19/22] 抓取详情: PRED-886 (https://javdb.com/v/Xe7bb4)
[2026-08-11 22:16:46] [INFO] [server.py:581] - [全量订阅演员一条龙 [全量翻页 | 抓取元数据入库]] 🔎 [19/22] 抓取详情: PRED-886 (https://javdb.com/v/Xe7bb4)
[2026-08-11 22:16:48] [INFO] [javdb_scraper.py:196] - 💾 [DB] 番号 [PRED-886] 详细数据及磁力已成功存库
[2026-08-11 22:16:48] [INFO] [server.py:581] - [全量订阅演员一条龙 [全量翻页 | 抓取元数据入库]] 💾 [DB] 番号 [PRED-886] 详细数据及磁力已成功存库
[2026-08-11 22:16:48] [INFO] [javdb_scraper.py:196] - 🔎 [20/22] 抓取详情: ROYD-347 (https://javdb.com/v/qA7pZ9)
[2026-08-11 22:16:48] [INFO] [server.py:581] - [全量订阅演员一条龙 [全量翻页 | 抓取元数据入库]] 🔎 [20/22] 抓取详情: ROYD-347 (https://javdb.com/v/qA7pZ9)
[2026-08-11 22:16:52] [INFO] [javdb_scraper.py:196] - 💾 [DB] 番号 [ROYD-347] 详细数据及磁力已成功存库
[2026-08-11 22:16:52] [INFO] [server.py:581] - [全量订阅演员一条龙 [全量翻页 | 抓取元数据入库]] 💾 [DB] 番号 [ROYD-347] 详细数据及磁力已成功存库
[2026-08-11 22:16:52] [INFO] [javdb_scraper.py:196] - 🔎 [21/22] 抓取详情: SODSVR-0001 (https://javdb.com/v/xA399n)
[2026-08-11 22:16:52] [INFO] [server.py:581] - [全量订阅演员一条龙 [全量翻页 | 抓取元数据入库]] 🔎 [21/22] 抓取详情: SODSVR-0001 (https://javdb.com/v/xA399n)
[2026-08-11 22:16:54] [INFO] [javdb_scraper.py:196] - 💾 [DB] 番号 [SODSVR-0001] 详细数据及磁力已成功存库
[2026-08-11 22:16:54] [INFO] [server.py:581] - [全量订阅演员一条龙 [全量翻页 | 抓取元数据入库]] 💾 [DB] 番号 [SODSVR-0001] 详细数据及磁力已成功存库
[2026-08-11 22:16:54] [INFO] [javdb_scraper.py:196] - 🔎 [22/22] 抓取详情: WAAA-682 (https://javdb.com/v/0eEVnX)
[2026-08-11 22:16:54] [INFO] [server.py:581] - [全量订阅演员一条龙 [全量翻页 | 抓取元数据入库]] 🔎 [22/22] 抓取详情: WAAA-682 (https://javdb.com/v/0eEVnX)
[2026-08-11 22:16:57] [INFO] [javdb_scraper.py:196] - 💾 [DB] 番号 [WAAA-682] 详细数据及磁力已成功存库
[2026-08-11 22:16:57] [INFO] [server.py:581] - [全量订阅演员一条龙 [全量翻页 | 抓取元数据入库]] 💾 [DB] 番号 [WAAA-682] 详细数据及磁力已成功存库
[2026-08-11 22:16:57] [INFO] [server.py:581] - [全量订阅演员一条龙 [全量翻页 | 抓取元数据入库]] 🎉 [演员一条龙] 全部订阅演员增量巡检与磁力详情抓取入库完成！(可由 '115 离线自动推送' 任务统一进行离线离线)
[2026-08-11 22:17:27] [INFO] [javdb_scraper.py:1126] - 🧹 [DB] 成功清空数据库，共删除 80 条影片记录
[2026-08-11 22:18:43] [INFO] [server.py:191] - 💾 已成功将 2 个定时任务持久化保存至 D:\JAVDB_AutoSpider_V1.2\backend\scheduled_jobs.json
[2026-08-11 22:18:47] [INFO] [server.py:780] - 🚀 [Cron Trigger] 手动触发运行定时任务 ID: actors_pipeline_msopzw4t (全量订阅演员一条龙 [全量翻页 | 抓取元数据入库])
[2026-08-11 22:18:47] [INFO] [server.py:567] - ⏰ [Cron 定时任务触发] ID: actors_pipeline_msopzw4t | 全量订阅演员一条龙 [全量翻页 | 抓取元数据入库]
[2026-08-11 22:18:47] [INFO] [server.py:581] - [全量订阅演员一条龙 [全量翻页 | 抓取元数据入库]] 🌟 [演员一条龙] 正在拉取我收藏的全部订阅演员列表...
[2026-08-11 22:18:47] [INFO] [javdb_scraper.py:379] - 🎭 [User] 正在拉取用户订阅演员...
[2026-08-11 22:18:49] [INFO] [javdb_scraper.py:397] - ✅ [User] 成功拉取到 3 位已订阅演员
[2026-08-11 22:18:49] [INFO] [server.py:581] - [全量订阅演员一条龙 [全量翻页 | 抓取元数据入库]] 📌 [演员一条龙] 共匹配到 3 位订阅演员，开始全量增量抓取...
[2026-08-11 22:18:49] [INFO] [server.py:581] - [全量订阅演员一条龙 [全量翻页 | 抓取元数据入库]] 🎬 [1/3] 正在巡检演员: https://javdb.com/actors/RdEb4
[2026-08-11 22:18:49] [INFO] [javdb_scraper.py:196] - 📄 [Scrape] 正在抓取索引页 [1]: https://javdb.com/actors/RdEb4
[2026-08-11 22:18:49] [INFO] [server.py:581] - [全量订阅演员一条龙 [全量翻页 | 抓取元数据入库]] 📄 [Scrape] 正在抓取索引页 [1]: https://javdb.com/actors/RdEb4
[2026-08-11 22:18:51] [INFO] [javdb_scraper.py:738] - 📥 [DB] 索引记录批量存库成功 (40 条)
[2026-08-11 22:18:51] [INFO] [javdb_scraper.py:196] - 📥 [DB] 索引记录批量存库成功 (40 条)
[2026-08-11 22:18:51] [INFO] [server.py:581] - [全量订阅演员一条龙 [全量翻页 | 抓取元数据入库]] 📥 [DB] 索引记录批量存库成功 (40 条)
[2026-08-11 22:18:51] [INFO] [javdb_scraper.py:196] - 📄 [Scrape] 正在抓取索引页 [2]: https://javdb.com/actors/RdEb4?page=2
[2026-08-11 22:18:51] [INFO] [server.py:581] - [全量订阅演员一条龙 [全量翻页 | 抓取元数据入库]] 📄 [Scrape] 正在抓取索引页 [2]: https://javdb.com/actors/RdEb4?page=2
[2026-08-11 22:18:53] [INFO] [javdb_scraper.py:738] - 📥 [DB] 索引记录批量存库成功 (28 条)
[2026-08-11 22:18:53] [INFO] [javdb_scraper.py:196] - 📥 [DB] 索引记录批量存库成功 (28 条)
[2026-08-11 22:18:53] [INFO] [server.py:581] - [全量订阅演员一条龙 [全量翻页 | 抓取元数据入库]] 📥 [DB] 索引记录批量存库成功 (28 条)
[2026-08-11 22:18:53] [INFO] [javdb_scraper.py:196] - 🔚 [Scrape] 抓取至末页
[2026-08-11 22:18:53] [INFO] [server.py:581] - [全量订阅演员一条龙 [全量翻页 | 抓取元数据入库]] 🔚 [Scrape] 抓取至末页
[2026-08-11 22:18:53] [INFO] [server.py:581] - [全量订阅演员一条龙 [全量翻页 | 抓取元数据入库]] 🎬 [2/3] 正在巡检演员: https://javdb.com/actors/1Bk9J
[2026-08-11 22:18:53] [INFO] [javdb_scraper.py:196] - 📄 [Scrape] 正在抓取索引页 [1]: https://javdb.com/actors/1Bk9J
[2026-08-11 22:18:53] [INFO] [server.py:581] - [全量订阅演员一条龙 [全量翻页 | 抓取元数据入库]] 📄 [Scrape] 正在抓取索引页 [1]: https://javdb.com/actors/1Bk9J
[2026-08-11 22:18:56] [INFO] [javdb_scraper.py:738] - 📥 [DB] 索引记录批量存库成功 (5 条)
[2026-08-11 22:18:56] [INFO] [javdb_scraper.py:196] - 📥 [DB] 索引记录批量存库成功 (5 条)
[2026-08-11 22:18:56] [INFO] [server.py:581] - [全量订阅演员一条龙 [全量翻页 | 抓取元数据入库]] 📥 [DB] 索引记录批量存库成功 (5 条)
[2026-08-11 22:18:56] [INFO] [javdb_scraper.py:196] - 🔚 [Scrape] 抓取至末页
[2026-08-11 22:18:56] [INFO] [server.py:581] - [全量订阅演员一条龙 [全量翻页 | 抓取元数据入库]] 🔚 [Scrape] 抓取至末页
[2026-08-11 22:18:56] [INFO] [server.py:581] - [全量订阅演员一条龙 [全量翻页 | 抓取元数据入库]] 🎬 [3/3] 正在巡检演员: https://javdb.com/actors/XxvJ
[2026-08-11 22:18:56] [INFO] [javdb_scraper.py:196] - 📄 [Scrape] 正在抓取索引页 [1]: https://javdb.com/actors/XxvJ
[2026-08-11 22:18:56] [INFO] [server.py:581] - [全量订阅演员一条龙 [全量翻页 | 抓取元数据入库]] 📄 [Scrape] 正在抓取索引页 [1]: https://javdb.com/actors/XxvJ
[2026-08-11 22:18:59] [INFO] [javdb_scraper.py:738] - 📥 [DB] 索引记录批量存库成功 (29 条)
[2026-08-11 22:18:59] [INFO] [javdb_scraper.py:196] - 📥 [DB] 索引记录批量存库成功 (29 条)
[2026-08-11 22:18:59] [INFO] [server.py:581] - [全量订阅演员一条龙 [全量翻页 | 抓取元数据入库]] 📥 [DB] 索引记录批量存库成功 (29 条)
[2026-08-11 22:18:59] [INFO] [javdb_scraper.py:196] - 🔚 [Scrape] 抓取至末页
[2026-08-11 22:18:59] [INFO] [server.py:581] - [全量订阅演员一条龙 [全量翻页 | 抓取元数据入库]] 🔚 [Scrape] 抓取至末页
[2026-08-11 22:18:59] [INFO] [server.py:581] - [全量订阅演员一条龙 [全量翻页 | 抓取元数据入库]] 📥 [演员一条龙] 抓取到 102 部新影片，正在补全磁力与海报详情...
[2026-08-11 22:18:59] [INFO] [javdb_scraper.py:196] - 🚀 [Scrape] 开始抓取待更新影片详情，总量: 102
[2026-08-11 22:18:59] [INFO] [server.py:581] - [全量订阅演员一条龙 [全量翻页 | 抓取元数据入库]] 🚀 [Scrape] 开始抓取待更新影片详情，总量: 102
[2026-08-11 22:18:59] [INFO] [javdb_scraper.py:196] - 🔎 [1/102] 抓取详情: 3DSVR-1627 (https://javdb.com/v/OXpMBD)
[2026-08-11 22:18:59] [INFO] [server.py:581] - [全量订阅演员一条龙 [全量翻页 | 抓取元数据入库]] 🔎 [1/102] 抓取详情: 3DSVR-1627 (https://javdb.com/v/OXpMBD)
[2026-08-11 22:19:02] [INFO] [javdb_scraper.py:196] - 💾 [DB] 番号 [3DSVR-1627] 详细数据及磁力已成功存库
[2026-08-11 22:19:02] [INFO] [server.py:581] - [全量订阅演员一条龙 [全量翻页 | 抓取元数据入库]] 💾 [DB] 番号 [3DSVR-1627] 详细数据及磁力已成功存库
[2026-08-11 22:19:02] [INFO] [javdb_scraper.py:196] - 🔎 [2/102] 抓取详情: ADN-801 (https://javdb.com/v/z4ZKgb)
[2026-08-11 22:19:02] [INFO] [server.py:581] - [全量订阅演员一条龙 [全量翻页 | 抓取元数据入库]] 🔎 [2/102] 抓取详情: ADN-801 (https://javdb.com/v/z4ZKgb)
[2026-08-11 22:19:05] [INFO] [javdb_scraper.py:196] - 💾 [DB] 番号 [ADN-801] 详细数据及磁力已成功存库
[2026-08-11 22:19:05] [INFO] [server.py:581] - [全量订阅演员一条龙 [全量翻页 | 抓取元数据入库]] 💾 [DB] 番号 [ADN-801] 详细数据及磁力已成功存库
[2026-08-11 22:19:05] [INFO] [javdb_scraper.py:196] - 🔎 [3/102] 抓取详情: AGMX-271 (https://javdb.com/v/96Q8GX)
[2026-08-11 22:19:05] [INFO] [server.py:581] - [全量订阅演员一条龙 [全量翻页 | 抓取元数据入库]] 🔎 [3/102] 抓取详情: AGMX-271 (https://javdb.com/v/96Q8GX)
[2026-08-11 22:19:07] [INFO] [javdb_scraper.py:196] - 💾 [DB] 番号 [AGMX-271] 详细数据及磁力已成功存库
[2026-08-11 22:19:07] [INFO] [server.py:581] - [全量订阅演员一条龙 [全量翻页 | 抓取元数据入库]] 💾 [DB] 番号 [AGMX-271] 详细数据及磁力已成功存库
[2026-08-11 22:19:07] [INFO] [javdb_scraper.py:196] - 🔎 [4/102] 抓取详情: ATKD-289 (https://javdb.com/v/AQeyn)
[2026-08-11 22:19:07] [INFO] [server.py:581] - [全量订阅演员一条龙 [全量翻页 | 抓取元数据入库]] 🔎 [4/102] 抓取详情: ATKD-289 (https://javdb.com/v/AQeyn)
[2026-08-11 22:19:10] [INFO] [javdb_scraper.py:196] - 💾 [DB] 番号 [ATKD-289] 详细数据及磁力已成功存库
[2026-08-11 22:19:10] [INFO] [server.py:581] - [全量订阅演员一条龙 [全量翻页 | 抓取元数据入库]] 💾 [DB] 番号 [ATKD-289] 详细数据及磁力已成功存库
[2026-08-11 22:19:10] [INFO] [javdb_scraper.py:196] - 🔎 [5/102] 抓取详情: ATKD-302 (https://javdb.com/v/GPQ22)
[2026-08-11 22:19:10] [INFO] [server.py:581] - [全量订阅演员一条龙 [全量翻页 | 抓取元数据入库]] 🔎 [5/102] 抓取详情: ATKD-302 (https://javdb.com/v/GPQ22)
[2026-08-11 22:19:12] [INFO] [javdb_scraper.py:196] - 💾 [DB] 番号 [ATKD-302] 详细数据及磁力已成功存库
[2026-08-11 22:19:12] [INFO] [server.py:581] - [全量订阅演员一条龙 [全量翻页 | 抓取元数据入库]] 💾 [DB] 番号 [ATKD-302] 详细数据及磁力已成功存库
[2026-08-11 22:19:12] [INFO] [javdb_scraper.py:196] - 🔎 [6/102] 抓取详情: ATKD-311 (https://javdb.com/v/9GmwE)
[2026-08-11 22:19:12] [INFO] [server.py:581] - [全量订阅演员一条龙 [全量翻页 | 抓取元数据入库]] 🔎 [6/102] 抓取详情: ATKD-311 (https://javdb.com/v/9GmwE)
[2026-08-11 22:19:14] [INFO] [javdb_scraper.py:196] - 💾 [DB] 番号 [ATKD-311] 详细数据及磁力已成功存库
[2026-08-11 22:19:14] [INFO] [server.py:581] - [全量订阅演员一条龙 [全量翻页 | 抓取元数据入库]] 💾 [DB] 番号 [ATKD-311] 详细数据及磁力已成功存库
[2026-08-11 22:19:14] [INFO] [javdb_scraper.py:196] - 🔎 [7/102] 抓取详情: ATKD-313 (https://javdb.com/v/7avGB)
[2026-08-11 22:19:14] [INFO] [server.py:581] - [全量订阅演员一条龙 [全量翻页 | 抓取元数据入库]] 🔎 [7/102] 抓取详情: ATKD-313 (https://javdb.com/v/7avGB)
[2026-08-11 22:19:17] [INFO] [javdb_scraper.py:196] - 💾 [DB] 番号 [ATKD-313] 详细数据及磁力已成功存库
[2026-08-11 22:19:17] [INFO] [server.py:581] - [全量订阅演员一条龙 [全量翻页 | 抓取元数据入库]] 💾 [DB] 番号 [ATKD-313] 详细数据及磁力已成功存库
[2026-08-11 22:19:17] [INFO] [javdb_scraper.py:196] - 🔎 [8/102] 抓取详情: BACJ-190 (https://javdb.com/v/DRXe62)
[2026-08-11 22:19:17] [INFO] [server.py:581] - [全量订阅演员一条龙 [全量翻页 | 抓取元数据入库]] 🔎 [8/102] 抓取详情: BACJ-190 (https://javdb.com/v/DRXe62)
[2026-08-11 22:19:20] [INFO] [javdb_scraper.py:196] - 💾 [DB] 番号 [BACJ-190] 详细数据及磁力已成功存库
[2026-08-11 22:19:20] [INFO] [server.py:581] - [全量订阅演员一条龙 [全量翻页 | 抓取元数据入库]] 💾 [DB] 番号 [BACJ-190] 详细数据及磁力已成功存库
[2026-08-11 22:19:20] [INFO] [javdb_scraper.py:196] - 🔎 [9/102] 抓取详情: CAWD-987 (https://javdb.com/v/yxzYpg)
[2026-08-11 22:19:20] [INFO] [server.py:581] - [全量订阅演员一条龙 [全量翻页 | 抓取元数据入库]] 🔎 [9/102] 抓取详情: CAWD-987 (https://javdb.com/v/yxzYpg)
[2026-08-11 22:19:23] [INFO] [javdb_scraper.py:196] - 💾 [DB] 番号 [CAWD-987] 详细数据及磁力已成功存库
[2026-08-11 22:19:23] [INFO] [server.py:581] - [全量订阅演员一条龙 [全量翻页 | 抓取元数据入库]] 💾 [DB] 番号 [CAWD-987] 详细数据及磁力已成功存库
[2026-08-11 22:19:23] [INFO] [javdb_scraper.py:196] - 🔎 [10/102] 抓取详情: CJOD-522 (https://javdb.com/v/EbP3pJ)
[2026-08-11 22:19:23] [INFO] [server.py:581] - [全量订阅演员一条龙 [全量翻页 | 抓取元数据入库]] 🔎 [10/102] 抓取详情: CJOD-522 (https://javdb.com/v/EbP3pJ)
[2026-08-11 22:19:26] [INFO] [javdb_scraper.py:196] - 💾 [DB] 番号 [CJOD-522] 详细数据及磁力已成功存库
[2026-08-11 22:19:27] [INFO] [server.py:581] - [全量订阅演员一条龙 [全量翻页 | 抓取元数据入库]] 💾 [DB] 番号 [CJOD-522] 详细数据及磁力已成功存库
[2026-08-11 22:19:27] [INFO] [javdb_scraper.py:196] - 🔎 [11/102] 抓取详情: CJOD-527 (https://javdb.com/v/QNREbn)
[2026-08-11 22:19:27] [INFO] [server.py:581] - [全量订阅演员一条龙 [全量翻页 | 抓取元数据入库]] 🔎 [11/102] 抓取详情: CJOD-527 (https://javdb.com/v/QNREbn)
[2026-08-11 22:19:29] [INFO] [javdb_scraper.py:196] - 💾 [DB] 番号 [CJOD-527] 详细数据及磁力已成功存库
[2026-08-11 22:19:29] [INFO] [server.py:581] - [全量订阅演员一条龙 [全量翻页 | 抓取元数据入库]] 💾 [DB] 番号 [CJOD-527] 详细数据及磁力已成功存库
[2026-08-11 22:19:29] [INFO] [javdb_scraper.py:196] - 🔎 [12/102] 抓取详情: DASS-945 (https://javdb.com/v/1AWGVZ)
[2026-08-11 22:19:29] [INFO] [server.py:581] - [全量订阅演员一条龙 [全量翻页 | 抓取元数据入库]] 🔎 [12/102] 抓取详情: DASS-945 (https://javdb.com/v/1AWGVZ)
[2026-08-11 22:19:32] [INFO] [javdb_scraper.py:196] - 💾 [DB] 番号 [DASS-945] 详细数据及磁力已成功存库
[2026-08-11 22:19:32] [INFO] [server.py:581] - [全量订阅演员一条龙 [全量翻页 | 抓取元数据入库]] 💾 [DB] 番号 [DASS-945] 详细数据及磁力已成功存库
[2026-08-11 22:19:32] [INFO] [javdb_scraper.py:196] - 🔎 [13/102] 抓取详情: DASS-977 (https://javdb.com/v/4D4W2p)
[2026-08-11 22:19:32] [INFO] [server.py:581] - [全量订阅演员一条龙 [全量翻页 | 抓取元数据入库]] 🔎 [13/102] 抓取详情: DASS-977 (https://javdb.com/v/4D4W2p)
[2026-08-11 22:19:35] [INFO] [javdb_scraper.py:196] - 💾 [DB] 番号 [DASS-977] 详细数据及磁力已成功存库
[2026-08-11 22:19:35] [INFO] [server.py:581] - [全量订阅演员一条龙 [全量翻页 | 抓取元数据入库]] 💾 [DB] 番号 [DASS-977] 详细数据及磁力已成功存库
[2026-08-11 22:19:35] [INFO] [javdb_scraper.py:196] - 🔎 [14/102] 抓取详情: DSOD-060 (https://javdb.com/v/e8Nwnp)
[2026-08-11 22:19:35] [INFO] [server.py:581] - [全量订阅演员一条龙 [全量翻页 | 抓取元数据入库]] 🔎 [14/102] 抓取详情: DSOD-060 (https://javdb.com/v/e8Nwnp)
[2026-08-11 22:19:38] [INFO] [javdb_scraper.py:196] - 💾 [DB] 番号 [DSOD-060] 详细数据及磁力已成功存库
[2026-08-11 22:19:38] [INFO] [server.py:581] - [全量订阅演员一条龙 [全量翻页 | 抓取元数据入库]] 💾 [DB] 番号 [DSOD-060] 详细数据及磁力已成功存库
[2026-08-11 22:19:38] [INFO] [javdb_scraper.py:196] - 🔎 [15/102] 抓取详情: DSOD-062 (https://javdb.com/v/96QqEg)
[2026-08-11 22:19:38] [INFO] [server.py:581] - [全量订阅演员一条龙 [全量翻页 | 抓取元数据入库]] 🔎 [15/102] 抓取详情: DSOD-062 (https://javdb.com/v/96QqEg)
[2026-08-11 22:19:41] [INFO] [javdb_scraper.py:196] - 💾 [DB] 番号 [DSOD-062] 详细数据及磁力已成功存库
[2026-08-11 22:19:41] [INFO] [server.py:581] - [全量订阅演员一条龙 [全量翻页 | 抓取元数据入库]] 💾 [DB] 番号 [DSOD-062] 详细数据及磁力已成功存库
[2026-08-11 22:19:41] [INFO] [javdb_scraper.py:196] - 🔎 [16/102] 抓取详情: DSVR-1627 (https://javdb.com/v/WwwDJ8)
[2026-08-11 22:19:41] [INFO] [server.py:581] - [全量订阅演员一条龙 [全量翻页 | 抓取元数据入库]] 🔎 [16/102] 抓取详情: DSVR-1627 (https://javdb.com/v/WwwDJ8)
[2026-08-11 22:19:43] [INFO] [javdb_scraper.py:196] - 💾 [DB] 番号 [DSVR-1627] 详细数据及磁力已成功存库
[2026-08-11 22:19:43] [INFO] [server.py:581] - [全量订阅演员一条龙 [全量翻页 | 抓取元数据入库]] 💾 [DB] 番号 [DSVR-1627] 详细数据及磁力已成功存库
[2026-08-11 22:19:43] [INFO] [javdb_scraper.py:196] - 🔎 [17/102] 抓取详情: DSVR-1760 (https://javdb.com/v/V4NONq)
[2026-08-11 22:19:43] [INFO] [server.py:581] - [全量订阅演员一条龙 [全量翻页 | 抓取元数据入库]] 🔎 [17/102] 抓取详情: DSVR-1760 (https://javdb.com/v/V4NONq)
[2026-08-11 22:19:46] [INFO] [javdb_scraper.py:196] - 💾 [DB] 番号 [DSVR-1760] 详细数据及磁力已成功存库
[2026-08-11 22:19:46] [INFO] [server.py:581] - [全量订阅演员一条龙 [全量翻页 | 抓取元数据入库]] 💾 [DB] 番号 [DSVR-1760] 详细数据及磁力已成功存库
[2026-08-11 22:19:46] [INFO] [javdb_scraper.py:196] - 🔎 [18/102] 抓取详情: FC2-1062588 (https://javdb.com/v/8qRkO)
[2026-08-11 22:19:46] [INFO] [server.py:581] - [全量订阅演员一条龙 [全量翻页 | 抓取元数据入库]] 🔎 [18/102] 抓取详情: FC2-1062588 (https://javdb.com/v/8qRkO)
[2026-08-11 22:19:49] [WARNING] [javdb_scraper.py:195] - 🔒 [Paywall Guard] 番号 [FC2-1062588] 触发 VIP 权限限制重定向 (https://javdb.com/plans/ypay)，标记为已尝试，以后不再重复抓取。
[2026-08-11 22:19:49] [INFO] [server.py:581] - [全量订阅演员一条龙 [全量翻页 | 抓取元数据入库]] 🔒 [Paywall Guard] 番号 [FC2-1062588] 触发 VIP 权限限制重定向 (https://javdb.com/plans/ypay)，标记为已尝试，以后不再重复抓取。
[2026-08-11 22:19:49] [INFO] [javdb_scraper.py:650] - 🔒 [DB] 番号 [FC2-1062588] 已标记为 is_vip_blocked = 1 (自动在前端海报墙隐匿，且防止重复探寻)
[2026-08-11 22:19:49] [INFO] [javdb_scraper.py:196] - 🔎 [19/102] 抓取详情: FC2-1066192 (https://javdb.com/v/YrO8x)
[2026-08-11 22:19:49] [INFO] [server.py:581] - [全量订阅演员一条龙 [全量翻页 | 抓取元数据入库]] 🔎 [19/102] 抓取详情: FC2-1066192 (https://javdb.com/v/YrO8x)
[2026-08-11 22:19:52] [WARNING] [javdb_scraper.py:195] - 🔒 [Paywall Guard] 番号 [FC2-1066192] 触发 VIP 权限限制重定向 (https://javdb.com/plans/ypay)，标记为已尝试，以后不再重复抓取。
[2026-08-11 22:19:52] [INFO] [server.py:581] - [全量订阅演员一条龙 [全量翻页 | 抓取元数据入库]] 🔒 [Paywall Guard] 番号 [FC2-1066192] 触发 VIP 权限限制重定向 (https://javdb.com/plans/ypay)，标记为已尝试，以后不再重复抓取。
[2026-08-11 22:19:52] [INFO] [javdb_scraper.py:650] - 🔒 [DB] 番号 [FC2-1066192] 已标记为 is_vip_blocked = 1 (自动在前端海报墙隐匿，且防止重复探寻)
[2026-08-11 22:19:52] [INFO] [javdb_scraper.py:196] - 🔎 [20/102] 抓取详情: FC2-1083921 (https://javdb.com/v/14ZrZ)
[2026-08-11 22:19:52] [INFO] [server.py:581] - [全量订阅演员一条龙 [全量翻页 | 抓取元数据入库]] 🔎 [20/102] 抓取详情: FC2-1083921 (https://javdb.com/v/14ZrZ)
[2026-08-11 22:19:55] [WARNING] [javdb_scraper.py:195] - 🔒 [Paywall Guard] 番号 [FC2-1083921] 触发 VIP 权限限制重定向 (https://javdb.com/plans/ypay)，标记为已尝试，以后不再重复抓取。
[2026-08-11 22:19:55] [INFO] [server.py:581] - [全量订阅演员一条龙 [全量翻页 | 抓取元数据入库]] 🔒 [Paywall Guard] 番号 [FC2-1083921] 触发 VIP 权限限制重定向 (https://javdb.com/plans/ypay)，标记为已尝试，以后不再重复抓取。
[2026-08-11 22:19:55] [INFO] [javdb_scraper.py:650] - 🔒 [DB] 番号 [FC2-1083921] 已标记为 is_vip_blocked = 1 (自动在前端海报墙隐匿，且防止重复探寻)
[2026-08-11 22:19:55] [INFO] [javdb_scraper.py:196] - 🔎 [21/102] 抓取详情: FC2-1100033 (https://javdb.com/v/9q8gX)
[2026-08-11 22:19:55] [INFO] [server.py:581] - [全量订阅演员一条龙 [全量翻页 | 抓取元数据入库]] 🔎 [21/102] 抓取详情: FC2-1100033 (https://javdb.com/v/9q8gX)
[2026-08-11 22:19:58] [WARNING] [javdb_scraper.py:195] - 🔒 [Paywall Guard] 番号 [FC2-1100033] 触发 VIP 权限限制重定向 (https://javdb.com/plans/ypay)，标记为已尝试，以后不再重复抓取。
[2026-08-11 22:19:58] [INFO] [server.py:581] - [全量订阅演员一条龙 [全量翻页 | 抓取元数据入库]] 🔒 [Paywall Guard] 番号 [FC2-1100033] 触发 VIP 权限限制重定向 (https://javdb.com/plans/ypay)，标记为已尝试，以后不再重复抓取。
[2026-08-11 22:19:58] [INFO] [javdb_scraper.py:650] - 🔒 [DB] 番号 [FC2-1100033] 已标记为 is_vip_blocked = 1 (自动在前端海报墙隐匿，且防止重复探寻)
[2026-08-11 22:19:58] [INFO] [javdb_scraper.py:196] - 🔎 [22/102] 抓取详情: FC2-1100498 (https://javdb.com/v/E6Q14)
[2026-08-11 22:19:58] [INFO] [server.py:581] - [全量订阅演员一条龙 [全量翻页 | 抓取元数据入库]] 🔎 [22/102] 抓取详情: FC2-1100498 (https://javdb.com/v/E6Q14)
[2026-08-11 22:20:02] [WARNING] [javdb_scraper.py:195] - 🔒 [Paywall Guard] 番号 [FC2-1100498] 触发 VIP 权限限制重定向 (https://javdb.com/plans/ypay)，标记为已尝试，以后不再重复抓取。
[2026-08-11 22:20:02] [INFO] [server.py:581] - [全量订阅演员一条龙 [全量翻页 | 抓取元数据入库]] 🔒 [Paywall Guard] 番号 [FC2-1100498] 触发 VIP 权限限制重定向 (https://javdb.com/plans/ypay)，标记为已尝试，以后不再重复抓取。
[2026-08-11 22:20:02] [INFO] [javdb_scraper.py:650] - 🔒 [DB] 番号 [FC2-1100498] 已标记为 is_vip_blocked = 1 (自动在前端海报墙隐匿，且防止重复探寻)
[2026-08-11 22:20:02] [INFO] [javdb_scraper.py:196] - 🔎 [23/102] 抓取详情: FC2-1110408 (https://javdb.com/v/gqZ7G)
[2026-08-11 22:20:02] [INFO] [server.py:581] - [全量订阅演员一条龙 [全量翻页 | 抓取元数据入库]] 🔎 [23/102] 抓取详情: FC2-1110408 (https://javdb.com/v/gqZ7G)
[2026-08-11 22:20:04] [WARNING] [javdb_scraper.py:195] - 🔒 [Paywall Guard] 番号 [FC2-1110408] 触发 VIP 权限限制重定向 (https://javdb.com/plans/ypay)，标记为已尝试，以后不再重复抓取。
[2026-08-11 22:20:04] [INFO] [server.py:581] - [全量订阅演员一条龙 [全量翻页 | 抓取元数据入库]] 🔒 [Paywall Guard] 番号 [FC2-1110408] 触发 VIP 权限限制重定向 (https://javdb.com/plans/ypay)，标记为已尝试，以后不再重复抓取。
[2026-08-11 22:20:04] [INFO] [javdb_scraper.py:650] - 🔒 [DB] 番号 [FC2-1110408] 已标记为 is_vip_blocked = 1 (自动在前端海报墙隐匿，且防止重复探寻)
[2026-08-11 22:20:04] [INFO] [javdb_scraper.py:196] - 🔎 [24/102] 抓取详情: FC2-1135604 (https://javdb.com/v/2qpEW)
[2026-08-11 22:20:04] [INFO] [server.py:581] - [全量订阅演员一条龙 [全量翻页 | 抓取元数据入库]] 🔎 [24/102] 抓取详情: FC2-1135604 (https://javdb.com/v/2qpEW)
[2026-08-11 22:20:07] [WARNING] [javdb_scraper.py:195] - 🔒 [Paywall Guard] 番号 [FC2-1135604] 触发 VIP 权限限制重定向 (https://javdb.com/plans/ypay)，标记为已尝试，以后不再重复抓取。
[2026-08-11 22:20:07] [INFO] [server.py:581] - [全量订阅演员一条龙 [全量翻页 | 抓取元数据入库]] 🔒 [Paywall Guard] 番号 [FC2-1135604] 触发 VIP 权限限制重定向 (https://javdb.com/plans/ypay)，标记为已尝试，以后不再重复抓取。
[2026-08-11 22:20:07] [INFO] [javdb_scraper.py:650] - 🔒 [DB] 番号 [FC2-1135604] 已标记为 is_vip_blocked = 1 (自动在前端海报墙隐匿，且防止重复探寻)
[2026-08-11 22:20:07] [INFO] [javdb_scraper.py:196] - 🔎 [25/102] 抓取详情: FC2-1314418 (https://javdb.com/v/Kr8Kv)
[2026-08-11 22:20:07] [INFO] [server.py:581] - [全量订阅演员一条龙 [全量翻页 | 抓取元数据入库]] 🔎 [25/102] 抓取详情: FC2-1314418 (https://javdb.com/v/Kr8Kv)
[2026-08-11 22:20:11] [WARNING] [javdb_scraper.py:195] - 🔒 [Paywall Guard] 番号 [FC2-1314418] 触发 VIP 权限限制重定向 (https://javdb.com/plans/ypay)，标记为已尝试，以后不再重复抓取。
[2026-08-11 22:20:11] [INFO] [server.py:581] - [全量订阅演员一条龙 [全量翻页 | 抓取元数据入库]] 🔒 [Paywall Guard] 番号 [FC2-1314418] 触发 VIP 权限限制重定向 (https://javdb.com/plans/ypay)，标记为已尝试，以后不再重复抓取。
[2026-08-11 22:20:11] [INFO] [javdb_scraper.py:650] - 🔒 [DB] 番号 [FC2-1314418] 已标记为 is_vip_blocked = 1 (自动在前端海报墙隐匿，且防止重复探寻)
[2026-08-11 22:20:11] [INFO] [javdb_scraper.py:196] - 🔎 [26/102] 抓取详情: FC2-1625020 (https://javdb.com/v/8w4Md)
[2026-08-11 22:20:11] [INFO] [server.py:581] - [全量订阅演员一条龙 [全量翻页 | 抓取元数据入库]] 🔎 [26/102] 抓取详情: FC2-1625020 (https://javdb.com/v/8w4Md)
[2026-08-11 22:20:14] [WARNING] [javdb_scraper.py:195] - 🔒 [Paywall Guard] 番号 [FC2-1625020] 触发 VIP 权限限制重定向 (https://javdb.com/plans/ypay)，标记为已尝试，以后不再重复抓取。
[2026-08-11 22:20:14] [INFO] [server.py:581] - [全量订阅演员一条龙 [全量翻页 | 抓取元数据入库]] 🔒 [Paywall Guard] 番号 [FC2-1625020] 触发 VIP 权限限制重定向 (https://javdb.com/plans/ypay)，标记为已尝试，以后不再重复抓取。
[2026-08-11 22:20:14] [INFO] [javdb_scraper.py:650] - 🔒 [DB] 番号 [FC2-1625020] 已标记为 is_vip_blocked = 1 (自动在前端海报墙隐匿，且防止重复探寻)
[2026-08-11 22:20:14] [INFO] [javdb_scraper.py:196] - 🔎 [27/102] 抓取详情: FCP-058 (https://javdb.com/v/mBr2n)
[2026-08-11 22:20:14] [INFO] [server.py:581] - [全量订阅演员一条龙 [全量翻页 | 抓取元数据入库]] 🔎 [27/102] 抓取详情: FCP-058 (https://javdb.com/v/mBr2n)
[2026-08-11 22:20:18] [INFO] [javdb_scraper.py:196] - 💾 [DB] 番号 [FCP-058] 详细数据及磁力已成功存库
[2026-08-11 22:20:18] [INFO] [server.py:581] - [全量订阅演员一条龙 [全量翻页 | 抓取元数据入库]] 💾 [DB] 番号 [FCP-058] 详细数据及磁力已成功存库
[2026-08-11 22:20:18] [INFO] [javdb_scraper.py:196] - 🔎 [28/102] 抓取详情: HMN-849 (https://javdb.com/v/OXra20)
[2026-08-11 22:20:18] [INFO] [server.py:581] - [全量订阅演员一条龙 [全量翻页 | 抓取元数据入库]] 🔎 [28/102] 抓取详情: HMN-849 (https://javdb.com/v/OXra20)
[2026-08-11 22:20:20] [INFO] [javdb_scraper.py:196] - 💾 [DB] 番号 [HMN-849] 详细数据及磁力已成功存库
[2026-08-11 22:20:20] [INFO] [server.py:581] - [全量订阅演员一条龙 [全量翻页 | 抓取元数据入库]] 💾 [DB] 番号 [HMN-849] 详细数据及磁力已成功存库
[2026-08-11 22:20:20] [INFO] [javdb_scraper.py:196] - 🔎 [29/102] 抓取详情: HMN-878 (https://javdb.com/v/ZN36w7)
[2026-08-11 22:20:20] [INFO] [server.py:581] - [全量订阅演员一条龙 [全量翻页 | 抓取元数据入库]] 🔎 [29/102] 抓取详情: HMN-878 (https://javdb.com/v/ZN36w7)
[2026-08-11 22:20:22] [INFO] [javdb_scraper.py:196] - 💾 [DB] 番号 [HMN-878] 详细数据及磁力已成功存库
[2026-08-11 22:20:22] [INFO] [server.py:581] - [全量订阅演员一条龙 [全量翻页 | 抓取元数据入库]] 💾 [DB] 番号 [HMN-878] 详细数据及磁力已成功存库
[2026-08-11 22:20:22] [INFO] [javdb_scraper.py:196] - 🔎 [30/102] 抓取详情: HMN-886 (https://javdb.com/v/6dQAQD)
[2026-08-11 22:20:22] [INFO] [server.py:581] - [全量订阅演员一条龙 [全量翻页 | 抓取元数据入库]] 🔎 [30/102] 抓取详情: HMN-886 (https://javdb.com/v/6dQAQD)
[2026-08-11 22:20:25] [INFO] [javdb_scraper.py:196] - 💾 [DB] 番号 [HMN-886] 详细数据及磁力已成功存库
[2026-08-11 22:20:25] [INFO] [server.py:581] - [全量订阅演员一条龙 [全量翻页 | 抓取元数据入库]] 💾 [DB] 番号 [HMN-886] 详细数据及磁力已成功存库
[2026-08-11 22:20:25] [INFO] [javdb_scraper.py:196] - 🔎 [31/102] 抓取详情: HSODA-124 (https://javdb.com/v/deDb7Q)
[2026-08-11 22:20:25] [INFO] [server.py:581] - [全量订阅演员一条龙 [全量翻页 | 抓取元数据入库]] 🔎 [31/102] 抓取详情: HSODA-124 (https://javdb.com/v/deDb7Q)
[2026-08-11 22:20:28] [INFO] [javdb_scraper.py:196] - 💾 [DB] 番号 [HSODA-124] 详细数据及磁力已成功存库
[2026-08-11 22:20:28] [INFO] [server.py:581] - [全量订阅演员一条龙 [全量翻页 | 抓取元数据入库]] 💾 [DB] 番号 [HSODA-124] 详细数据及磁力已成功存库
[2026-08-11 22:20:28] [INFO] [javdb_scraper.py:196] - 🔎 [32/102] 抓取详情: IPX-262 (https://javdb.com/v/rqGWJ)
[2026-08-11 22:20:28] [INFO] [server.py:581] - [全量订阅演员一条龙 [全量翻页 | 抓取元数据入库]] 🔎 [32/102] 抓取详情: IPX-262 (https://javdb.com/v/rqGWJ)
[2026-08-11 22:20:31] [INFO] [javdb_scraper.py:196] - 💾 [DB] 番号 [IPX-262] 详细数据及磁力已成功存库
[2026-08-11 22:20:31] [INFO] [server.py:581] - [全量订阅演员一条龙 [全量翻页 | 抓取元数据入库]] 💾 [DB] 番号 [IPX-262] 详细数据及磁力已成功存库
[2026-08-11 22:20:31] [INFO] [javdb_scraper.py:196] - 🔎 [33/102] 抓取详情: IPZZ-893 (https://javdb.com/v/ZN3WMJ)
[2026-08-11 22:20:31] [INFO] [server.py:581] - [全量订阅演员一条龙 [全量翻页 | 抓取元数据入库]] 🔎 [33/102] 抓取详情: IPZZ-893 (https://javdb.com/v/ZN3WMJ)
[2026-08-11 22:20:34] [INFO] [javdb_scraper.py:196] - 💾 [DB] 番号 [IPZZ-893] 详细数据及磁力已成功存库
[2026-08-11 22:20:34] [INFO] [server.py:581] - [全量订阅演员一条龙 [全量翻页 | 抓取元数据入库]] 💾 [DB] 番号 [IPZZ-893] 详细数据及磁力已成功存库
[2026-08-11 22:20:34] [INFO] [javdb_scraper.py:196] - 🔎 [34/102] 抓取详情: IPZZ-919 (https://javdb.com/v/0eEdNq)
[2026-08-11 22:20:34] [INFO] [server.py:581] - [全量订阅演员一条龙 [全量翻页 | 抓取元数据入库]] 🔎 [34/102] 抓取详情: IPZZ-919 (https://javdb.com/v/0eEdNq)
[2026-08-11 22:20:37] [INFO] [javdb_scraper.py:196] - 💾 [DB] 番号 [IPZZ-919] 详细数据及磁力已成功存库
[2026-08-11 22:20:37] [INFO] [server.py:581] - [全量订阅演员一条龙 [全量翻页 | 抓取元数据入库]] 💾 [DB] 番号 [IPZZ-919] 详细数据及磁力已成功存库
[2026-08-11 22:20:37] [INFO] [javdb_scraper.py:196] - 🔎 [35/102] 抓取详情: IPZZ-944 (https://javdb.com/v/P9me8a)
[2026-08-11 22:20:37] [INFO] [server.py:581] - [全量订阅演员一条龙 [全量翻页 | 抓取元数据入库]] 🔎 [35/102] 抓取详情: IPZZ-944 (https://javdb.com/v/P9me8a)
[2026-08-11 22:20:40] [INFO] [javdb_scraper.py:196] - 💾 [DB] 番号 [IPZZ-944] 详细数据及磁力已成功存库
[2026-08-11 22:20:40] [INFO] [server.py:581] - [全量订阅演员一条龙 [全量翻页 | 抓取元数据入库]] 💾 [DB] 番号 [IPZZ-944] 详细数据及磁力已成功存库
[2026-08-11 22:20:40] [INFO] [javdb_scraper.py:196] - 🔎 [36/102] 抓取详情: JUFE-617 (https://javdb.com/v/EbnX6x)
[2026-08-11 22:20:40] [INFO] [server.py:581] - [全量订阅演员一条龙 [全量翻页 | 抓取元数据入库]] 🔎 [36/102] 抓取详情: JUFE-617 (https://javdb.com/v/EbnX6x)
[2026-08-11 22:20:43] [INFO] [javdb_scraper.py:196] - 💾 [DB] 番号 [JUFE-617] 详细数据及磁力已成功存库
[2026-08-11 22:20:43] [INFO] [server.py:581] - [全量订阅演员一条龙 [全量翻页 | 抓取元数据入库]] 💾 [DB] 番号 [JUFE-617] 详细数据及磁力已成功存库
[2026-08-11 22:20:43] [INFO] [javdb_scraper.py:196] - 🔎 [37/102] 抓取详情: JUFE-618 (https://javdb.com/v/AqnxEw)
[2026-08-11 22:20:43] [INFO] [server.py:581] - [全量订阅演员一条龙 [全量翻页 | 抓取元数据入库]] 🔎 [37/102] 抓取详情: JUFE-618 (https://javdb.com/v/AqnxEw)
[2026-08-11 22:20:46] [INFO] [javdb_scraper.py:196] - 💾 [DB] 番号 [JUFE-618] 详细数据及磁力已成功存库
[2026-08-11 22:20:46] [INFO] [server.py:581] - [全量订阅演员一条龙 [全量翻页 | 抓取元数据入库]] 💾 [DB] 番号 [JUFE-618] 详细数据及磁力已成功存库
[2026-08-11 22:20:46] [INFO] [javdb_scraper.py:196] - 🔎 [38/102] 抓取详情: JUFE-622 (https://javdb.com/v/kKDKMV)
[2026-08-11 22:20:46] [INFO] [server.py:581] - [全量订阅演员一条龙 [全量翻页 | 抓取元数据入库]] 🔎 [38/102] 抓取详情: JUFE-622 (https://javdb.com/v/kKDKMV)
[2026-08-11 22:20:49] [INFO] [javdb_scraper.py:196] - 💾 [DB] 番号 [JUFE-622] 详细数据及磁力已成功存库
[2026-08-11 22:20:49] [INFO] [server.py:581] - [全量订阅演员一条龙 [全量翻页 | 抓取元数据入库]] 💾 [DB] 番号 [JUFE-622] 详细数据及磁力已成功存库
[2026-08-11 22:20:49] [INFO] [javdb_scraper.py:196] - 🔎 [39/102] 抓取详情: JUR-753 (https://javdb.com/v/Ebn8eJ)
[2026-08-11 22:20:49] [INFO] [server.py:581] - [全量订阅演员一条龙 [全量翻页 | 抓取元数据入库]] 🔎 [39/102] 抓取详情: JUR-753 (https://javdb.com/v/Ebn8eJ)
[2026-08-11 22:20:52] [INFO] [javdb_scraper.py:196] - 💾 [DB] 番号 [JUR-753] 详细数据及磁力已成功存库
[2026-08-11 22:20:52] [INFO] [server.py:581] - [全量订阅演员一条龙 [全量翻页 | 抓取元数据入库]] 💾 [DB] 番号 [JUR-753] 详细数据及磁力已成功存库
[2026-08-11 22:20:52] [INFO] [javdb_scraper.py:196] - 🔎 [40/102] 抓取详情: MAAN-678 (https://javdb.com/v/ApQqy)
[2026-08-11 22:20:52] [INFO] [server.py:581] - [全量订阅演员一条龙 [全量翻页 | 抓取元数据入库]] 🔎 [40/102] 抓取详情: MAAN-678 (https://javdb.com/v/ApQqy)
[2026-08-11 22:20:55] [INFO] [javdb_scraper.py:196] - 💾 [DB] 番号 [MAAN-678] 详细数据及磁力已成功存库
[2026-08-11 22:20:55] [INFO] [server.py:581] - [全量订阅演员一条龙 [全量翻页 | 抓取元数据入库]] 💾 [DB] 番号 [MAAN-678] 详细数据及磁力已成功存库
[2026-08-11 22:20:55] [INFO] [javdb_scraper.py:196] - 🔎 [41/102] 抓取详情: MBDD-2190 (https://javdb.com/v/Kkpg0M)
[2026-08-11 22:20:55] [INFO] [server.py:581] - [全量订阅演员一条龙 [全量翻页 | 抓取元数据入库]] 🔎 [41/102] 抓取详情: MBDD-2190 (https://javdb.com/v/Kkpg0M)
[2026-08-11 22:20:58] [INFO] [javdb_scraper.py:196] - 💾 [DB] 番号 [MBDD-2190] 详细数据及磁力已成功存库
[2026-08-11 22:20:58] [INFO] [server.py:581] - [全量订阅演员一条龙 [全量翻页 | 抓取元数据入库]] 💾 [DB] 番号 [MBDD-2190] 详细数据及磁力已成功存库
[2026-08-11 22:20:58] [INFO] [javdb_scraper.py:196] - 🔎 [42/102] 抓取详情: MIMK-279 (https://javdb.com/v/Bzaz9G)
[2026-08-11 22:20:58] [INFO] [server.py:581] - [全量订阅演员一条龙 [全量翻页 | 抓取元数据入库]] 🔎 [42/102] 抓取详情: MIMK-279 (https://javdb.com/v/Bzaz9G)
[2026-08-11 22:21:01] [INFO] [javdb_scraper.py:196] - 💾 [DB] 番号 [MIMK-279] 详细数据及磁力已成功存库
[2026-08-11 22:21:01] [INFO] [server.py:581] - [全量订阅演员一条龙 [全量翻页 | 抓取元数据入库]] 💾 [DB] 番号 [MIMK-279] 详细数据及磁力已成功存库
[2026-08-11 22:21:01] [INFO] [javdb_scraper.py:196] - 🔎 [43/102] 抓取详情: MNGS-051 (https://javdb.com/v/96p0mV)
[2026-08-11 22:21:01] [INFO] [server.py:581] - [全量订阅演员一条龙 [全量翻页 | 抓取元数据入库]] 🔎 [43/102] 抓取详情: MNGS-051 (https://javdb.com/v/96p0mV)
[2026-08-11 22:21:03] [INFO] [javdb_scraper.py:196] - 💾 [DB] 番号 [MNGS-051] 详细数据及磁力已成功存库
[2026-08-11 22:21:03] [INFO] [server.py:581] - [全量订阅演员一条龙 [全量翻页 | 抓取元数据入库]] 💾 [DB] 番号 [MNGS-051] 详细数据及磁力已成功存库
[2026-08-11 22:21:03] [INFO] [javdb_scraper.py:196] - 🔎 [44/102] 抓取详情: MNGS-067 (https://javdb.com/v/kKDVR6)
[2026-08-11 22:21:03] [INFO] [server.py:581] - [全量订阅演员一条龙 [全量翻页 | 抓取元数据入库]] 🔎 [44/102] 抓取详情: MNGS-067 (https://javdb.com/v/kKDVR6)
[2026-08-11 22:21:06] [INFO] [javdb_scraper.py:196] - 💾 [DB] 番号 [MNGS-067] 详细数据及磁力已成功存库
[2026-08-11 22:21:06] [INFO] [server.py:581] - [全量订阅演员一条龙 [全量翻页 | 抓取元数据入库]] 💾 [DB] 番号 [MNGS-067] 详细数据及磁力已成功存库
[2026-08-11 22:21:06] [INFO] [javdb_scraper.py:196] - 🔎 [45/102] 抓取详情: MNGS-071 (https://javdb.com/v/pkz9Jb)
[2026-08-11 22:21:06] [INFO] [server.py:581] - [全量订阅演员一条龙 [全量翻页 | 抓取元数据入库]] 🔎 [45/102] 抓取详情: MNGS-071 (https://javdb.com/v/pkz9Jb)
[2026-08-11 22:21:09] [INFO] [javdb_scraper.py:196] - 💾 [DB] 番号 [MNGS-071] 详细数据及磁力已成功存库
[2026-08-11 22:21:09] [INFO] [server.py:581] - [全量订阅演员一条龙 [全量翻页 | 抓取元数据入库]] 💾 [DB] 番号 [MNGS-071] 详细数据及磁力已成功存库
[2026-08-11 22:21:09] [INFO] [javdb_scraper.py:196] - 🔎 [46/102] 抓取详情: MUKA-008 (https://javdb.com/v/xAe6qE)
[2026-08-11 22:21:09] [INFO] [server.py:581] - [全量订阅演员一条龙 [全量翻页 | 抓取元数据入库]] 🔎 [46/102] 抓取详情: MUKA-008 (https://javdb.com/v/xAe6qE)
[2026-08-11 22:21:12] [INFO] [javdb_scraper.py:196] - 💾 [DB] 番号 [MUKA-008] 详细数据及磁力已成功存库
[2026-08-11 22:21:12] [INFO] [server.py:581] - [全量订阅演员一条龙 [全量翻页 | 抓取元数据入库]] 💾 [DB] 番号 [MUKA-008] 详细数据及磁力已成功存库
[2026-08-11 22:21:12] [INFO] [javdb_scraper.py:196] - 🔎 [47/102] 抓取详情: MVSD-696 (https://javdb.com/v/1Axvvw)
[2026-08-11 22:21:12] [INFO] [server.py:581] - [全量订阅演员一条龙 [全量翻页 | 抓取元数据入库]] 🔎 [47/102] 抓取详情: MVSD-696 (https://javdb.com/v/1Axvvw)
[2026-08-11 22:21:14] [INFO] [javdb_scraper.py:196] - 💾 [DB] 番号 [MVSD-696] 详细数据及磁力已成功存库
[2026-08-11 22:21:14] [INFO] [server.py:581] - [全量订阅演员一条龙 [全量翻页 | 抓取元数据入库]] 💾 [DB] 番号 [MVSD-696] 详细数据及磁力已成功存库
[2026-08-11 22:21:14] [INFO] [javdb_scraper.py:196] - 🔎 [48/102] 抓取详情: NAAC-019 (https://javdb.com/v/XeEbY4)
[2026-08-11 22:21:14] [INFO] [server.py:581] - [全量订阅演员一条龙 [全量翻页 | 抓取元数据入库]] 🔎 [48/102] 抓取详情: NAAC-019 (https://javdb.com/v/XeEbY4)
[2026-08-11 22:21:17] [INFO] [javdb_scraper.py:196] - 💾 [DB] 番号 [NAAC-019] 详细数据及磁力已成功存库
[2026-08-11 22:21:17] [INFO] [server.py:581] - [全量订阅演员一条龙 [全量翻页 | 抓取元数据入库]] 💾 [DB] 番号 [NAAC-019] 详细数据及磁力已成功存库
[2026-08-11 22:21:17] [INFO] [javdb_scraper.py:196] - 🔎 [49/102] 抓取详情: NAAC-025 (https://javdb.com/v/AqE3am)
[2026-08-11 22:21:17] [INFO] [server.py:581] - [全量订阅演员一条龙 [全量翻页 | 抓取元数据入库]] 🔎 [49/102] 抓取详情: NAAC-025 (https://javdb.com/v/AqE3am)
[2026-08-11 22:21:20] [INFO] [javdb_scraper.py:196] - 💾 [DB] 番号 [NAAC-025] 详细数据及磁力已成功存库
[2026-08-11 22:21:20] [INFO] [server.py:581] - [全量订阅演员一条龙 [全量翻页 | 抓取元数据入库]] 💾 [DB] 番号 [NAAC-025] 详细数据及磁力已成功存库
[2026-08-11 22:21:20] [INFO] [javdb_scraper.py:196] - 🔎 [50/102] 抓取详情: NAAC-036 (https://javdb.com/v/ZNKJ2X)
[2026-08-11 22:21:20] [INFO] [server.py:581] - [全量订阅演员一条龙 [全量翻页 | 抓取元数据入库]] 🔎 [50/102] 抓取详情: NAAC-036 (https://javdb.com/v/ZNKJ2X)
[2026-08-11 22:21:23] [INFO] [javdb_scraper.py:196] - 💾 [DB] 番号 [NAAC-036] 详细数据及磁力已成功存库
[2026-08-11 22:21:23] [INFO] [server.py:581] - [全量订阅演员一条龙 [全量翻页 | 抓取元数据入库]] 💾 [DB] 番号 [NAAC-036] 详细数据及磁力已成功存库
[2026-08-11 22:21:23] [INFO] [javdb_scraper.py:196] - 🔎 [51/102] 抓取详情: NAAC-050 (https://javdb.com/v/pkepzq)
[2026-08-11 22:21:23] [INFO] [server.py:581] - [全量订阅演员一条龙 [全量翻页 | 抓取元数据入库]] 🔎 [51/102] 抓取详情: NAAC-050 (https://javdb.com/v/pkepzq)
[2026-08-11 22:21:26] [INFO] [javdb_scraper.py:196] - 💾 [DB] 番号 [NAAC-050] 详细数据及磁力已成功存库
[2026-08-11 22:21:26] [INFO] [server.py:581] - [全量订阅演员一条龙 [全量翻页 | 抓取元数据入库]] 💾 [DB] 番号 [NAAC-050] 详细数据及磁力已成功存库
[2026-08-11 22:21:26] [INFO] [javdb_scraper.py:196] - 🔎 [52/102] 抓取详情: NSODN-025 (https://javdb.com/v/96QVxw)
[2026-08-11 22:21:26] [INFO] [server.py:581] - [全量订阅演员一条龙 [全量翻页 | 抓取元数据入库]] 🔎 [52/102] 抓取详情: NSODN-025 (https://javdb.com/v/96QVxw)
[2026-08-11 22:21:28] [INFO] [javdb_scraper.py:196] - 💾 [DB] 番号 [NSODN-025] 详细数据及磁力已成功存库
[2026-08-11 22:21:28] [INFO] [server.py:581] - [全量订阅演员一条龙 [全量翻页 | 抓取元数据入库]] 💾 [DB] 番号 [NSODN-025] 详细数据及磁力已成功存库
[2026-08-11 22:21:28] [INFO] [javdb_scraper.py:196] - 🔎 [53/102] 抓取详情: NTK-548 (https://javdb.com/v/vpePz)
[2026-08-11 22:21:28] [INFO] [server.py:581] - [全量订阅演员一条龙 [全量翻页 | 抓取元数据入库]] 🔎 [53/102] 抓取详情: NTK-548 (https://javdb.com/v/vpePz)
[2026-08-11 22:21:31] [INFO] [javdb_scraper.py:196] - 💾 [DB] 番号 [NTK-548] 详细数据及磁力已成功存库
[2026-08-11 22:21:31] [INFO] [server.py:581] - [全量订阅演员一条龙 [全量翻页 | 抓取元数据入库]] 💾 [DB] 番号 [NTK-548] 详细数据及磁力已成功存库
[2026-08-11 22:21:31] [INFO] [javdb_scraper.py:196] - 🔎 [54/102] 抓取详情: OFES-033 (https://javdb.com/v/kKDVB4)
[2026-08-11 22:21:31] [INFO] [server.py:581] - [全量订阅演员一条龙 [全量翻页 | 抓取元数据入库]] 🔎 [54/102] 抓取详情: OFES-033 (https://javdb.com/v/kKDVB4)
[2026-08-11 22:21:33] [INFO] [javdb_scraper.py:196] - 💾 [DB] 番号 [OFES-033] 详细数据及磁力已成功存库
[2026-08-11 22:21:33] [INFO] [server.py:581] - [全量订阅演员一条龙 [全量翻页 | 抓取元数据入库]] 💾 [DB] 番号 [OFES-033] 详细数据及磁力已成功存库
[2026-08-11 22:21:33] [INFO] [javdb_scraper.py:196] - 🔎 [55/102] 抓取详情: OFES-056 (https://javdb.com/v/OX7xQk)
[2026-08-11 22:21:33] [INFO] [server.py:581] - [全量订阅演员一条龙 [全量翻页 | 抓取元数据入库]] 🔎 [55/102] 抓取详情: OFES-056 (https://javdb.com/v/OX7xQk)
[2026-08-11 22:21:35] [INFO] [javdb_scraper.py:196] - 💾 [DB] 番号 [OFES-056] 详细数据及磁力已成功存库
[2026-08-11 22:21:35] [INFO] [server.py:581] - [全量订阅演员一条龙 [全量翻页 | 抓取元数据入库]] 💾 [DB] 番号 [OFES-056] 详细数据及磁力已成功存库
[2026-08-11 22:21:35] [INFO] [javdb_scraper.py:196] - 🔎 [56/102] 抓取详情: OFJE-199 (https://javdb.com/v/pP5zm)
[2026-08-11 22:21:35] [INFO] [server.py:581] - [全量订阅演员一条龙 [全量翻页 | 抓取元数据入库]] 🔎 [56/102] 抓取详情: OFJE-199 (https://javdb.com/v/pP5zm)
[2026-08-11 22:21:38] [INFO] [javdb_scraper.py:196] - 💾 [DB] 番号 [OFJE-199] 详细数据及磁力已成功存库
[2026-08-11 22:21:38] [INFO] [server.py:581] - [全量订阅演员一条龙 [全量翻页 | 抓取元数据入库]] 💾 [DB] 番号 [OFJE-199] 详细数据及磁力已成功存库
[2026-08-11 22:21:38] [INFO] [javdb_scraper.py:196] - 🔎 [57/102] 抓取详情: OFJE-218 (https://javdb.com/v/Op610)
[2026-08-11 22:21:38] [INFO] [server.py:581] - [全量订阅演员一条龙 [全量翻页 | 抓取元数据入库]] 🔎 [57/102] 抓取详情: OFJE-218 (https://javdb.com/v/Op610)
[2026-08-11 22:21:41] [INFO] [javdb_scraper.py:196] - 💾 [DB] 番号 [OFJE-218] 详细数据及磁力已成功存库
[2026-08-11 22:21:41] [INFO] [server.py:581] - [全量订阅演员一条龙 [全量翻页 | 抓取元数据入库]] 💾 [DB] 番号 [OFJE-218] 详细数据及磁力已成功存库
[2026-08-11 22:21:41] [INFO] [javdb_scraper.py:196] - 🔎 [58/102] 抓取详情: OFJE-397 (https://javdb.com/v/E2mk99)
[2026-08-11 22:21:41] [INFO] [server.py:581] - [全量订阅演员一条龙 [全量翻页 | 抓取元数据入库]] 🔎 [58/102] 抓取详情: OFJE-397 (https://javdb.com/v/E2mk99)
[2026-08-11 22:21:44] [INFO] [javdb_scraper.py:196] - 💾 [DB] 番号 [OFJE-397] 详细数据及磁力已成功存库
[2026-08-11 22:21:44] [INFO] [server.py:581] - [全量订阅演员一条龙 [全量翻页 | 抓取元数据入库]] 💾 [DB] 番号 [OFJE-397] 详细数据及磁力已成功存库
[2026-08-11 22:21:44] [INFO] [javdb_scraper.py:196] - 🔎 [59/102] 抓取详情: OFJE-450 (https://javdb.com/v/Kkknz7)
[2026-08-11 22:21:44] [INFO] [server.py:581] - [全量订阅演员一条龙 [全量翻页 | 抓取元数据入库]] 🔎 [59/102] 抓取详情: OFJE-450 (https://javdb.com/v/Kkknz7)
[2026-08-11 22:21:47] [INFO] [javdb_scraper.py:196] - 💾 [DB] 番号 [OFJE-450] 详细数据及磁力已成功存库
[2026-08-11 22:21:47] [INFO] [server.py:581] - [全量订阅演员一条龙 [全量翻页 | 抓取元数据入库]] 💾 [DB] 番号 [OFJE-450] 详细数据及磁力已成功存库
[2026-08-11 22:21:47] [INFO] [javdb_scraper.py:196] - 🔎 [60/102] 抓取详情: PPPE-435 (https://javdb.com/v/e8NNDx)
[2026-08-11 22:21:47] [INFO] [server.py:581] - [全量订阅演员一条龙 [全量翻页 | 抓取元数据入库]] 🔎 [60/102] 抓取详情: PPPE-435 (https://javdb.com/v/e8NNDx)
[2026-08-11 22:21:49] [INFO] [javdb_scraper.py:196] - 💾 [DB] 番号 [PPPE-435] 详细数据及磁力已成功存库
[2026-08-11 22:21:49] [INFO] [server.py:581] - [全量订阅演员一条龙 [全量翻页 | 抓取元数据入库]] 💾 [DB] 番号 [PPPE-435] 详细数据及磁力已成功存库
[2026-08-11 22:21:49] [INFO] [javdb_scraper.py:196] - 🔎 [61/102] 抓取详情: PRED-886 (https://javdb.com/v/Xe7bb4)
[2026-08-11 22:21:49] [INFO] [server.py:581] - [全量订阅演员一条龙 [全量翻页 | 抓取元数据入库]] 🔎 [61/102] 抓取详情: PRED-886 (https://javdb.com/v/Xe7bb4)
[2026-08-11 22:21:53] [INFO] [javdb_scraper.py:196] - 💾 [DB] 番号 [PRED-886] 详细数据及磁力已成功存库
[2026-08-11 22:21:53] [INFO] [server.py:581] - [全量订阅演员一条龙 [全量翻页 | 抓取元数据入库]] 💾 [DB] 番号 [PRED-886] 详细数据及磁力已成功存库
[2026-08-11 22:21:53] [INFO] [javdb_scraper.py:196] - 🔎 [62/102] 抓取详情: ROYD-318 (https://javdb.com/v/Mb7YG1)
[2026-08-11 22:21:53] [INFO] [server.py:581] - [全量订阅演员一条龙 [全量翻页 | 抓取元数据入库]] 🔎 [62/102] 抓取详情: ROYD-318 (https://javdb.com/v/Mb7YG1)
[2026-08-11 22:21:55] [INFO] [javdb_scraper.py:196] - 💾 [DB] 番号 [ROYD-318] 详细数据及磁力已成功存库
[2026-08-11 22:21:55] [INFO] [server.py:581] - [全量订阅演员一条龙 [全量翻页 | 抓取元数据入库]] 💾 [DB] 番号 [ROYD-318] 详细数据及磁力已成功存库
[2026-08-11 22:21:55] [INFO] [javdb_scraper.py:196] - 🔎 [63/102] 抓取详情: ROYD-347 (https://javdb.com/v/qA7pZ9)
[2026-08-11 22:21:55] [INFO] [server.py:581] - [全量订阅演员一条龙 [全量翻页 | 抓取元数据入库]] 🔎 [63/102] 抓取详情: ROYD-347 (https://javdb.com/v/qA7pZ9)
[2026-08-11 22:21:58] [INFO] [javdb_scraper.py:196] - 💾 [DB] 番号 [ROYD-347] 详细数据及磁力已成功存库
[2026-08-11 22:21:58] [INFO] [server.py:581] - [全量订阅演员一条龙 [全量翻页 | 抓取元数据入库]] 💾 [DB] 番号 [ROYD-347] 详细数据及磁力已成功存库
[2026-08-11 22:21:58] [INFO] [javdb_scraper.py:196] - 🔎 [64/102] 抓取详情: SDHS-062 (https://javdb.com/v/AqKAAy)
[2026-08-11 22:21:58] [INFO] [server.py:581] - [全量订阅演员一条龙 [全量翻页 | 抓取元数据入库]] 🔎 [64/102] 抓取详情: SDHS-062 (https://javdb.com/v/AqKAAy)
[2026-08-11 22:22:01] [INFO] [javdb_scraper.py:196] - 💾 [DB] 番号 [SDHS-062] 详细数据及磁力已成功存库
[2026-08-11 22:22:01] [INFO] [server.py:581] - [全量订阅演员一条龙 [全量翻页 | 抓取元数据入库]] 💾 [DB] 番号 [SDHS-062] 详细数据及磁力已成功存库
[2026-08-11 22:22:01] [INFO] [javdb_scraper.py:196] - 🔎 [65/102] 抓取详情: SDHS-065 (https://javdb.com/v/veydXk)
[2026-08-11 22:22:01] [INFO] [server.py:581] - [全量订阅演员一条龙 [全量翻页 | 抓取元数据入库]] 🔎 [65/102] 抓取详情: SDHS-065 (https://javdb.com/v/veydXk)
[2026-08-11 22:22:04] [INFO] [javdb_scraper.py:196] - 💾 [DB] 番号 [SDHS-065] 详细数据及磁力已成功存库
[2026-08-11 22:22:04] [INFO] [server.py:581] - [全量订阅演员一条龙 [全量翻页 | 抓取元数据入库]] 💾 [DB] 番号 [SDHS-065] 详细数据及磁力已成功存库
[2026-08-11 22:22:04] [INFO] [javdb_scraper.py:196] - 🔎 [66/102] 抓取详情: SHKD-831 (https://javdb.com/v/ARYQq)
[2026-08-11 22:22:04] [INFO] [server.py:581] - [全量订阅演员一条龙 [全量翻页 | 抓取元数据入库]] 🔎 [66/102] 抓取详情: SHKD-831 (https://javdb.com/v/ARYQq)
[2026-08-11 22:22:07] [INFO] [javdb_scraper.py:196] - 💾 [DB] 番号 [SHKD-831] 详细数据及磁力已成功存库
[2026-08-11 22:22:07] [INFO] [server.py:581] - [全量订阅演员一条龙 [全量翻页 | 抓取元数据入库]] 💾 [DB] 番号 [SHKD-831] 详细数据及磁力已成功存库
[2026-08-11 22:22:07] [INFO] [javdb_scraper.py:196] - 🔎 [67/102] 抓取详情: SHKD-841 (https://javdb.com/v/xDYeP)
[2026-08-11 22:22:07] [INFO] [server.py:581] - [全量订阅演员一条龙 [全量翻页 | 抓取元数据入库]] 🔎 [67/102] 抓取详情: SHKD-841 (https://javdb.com/v/xDYeP)
[2026-08-11 22:22:11] [INFO] [javdb_scraper.py:196] - 💾 [DB] 番号 [SHKD-841] 详细数据及磁力已成功存库
[2026-08-11 22:22:11] [INFO] [server.py:581] - [全量订阅演员一条龙 [全量翻页 | 抓取元数据入库]] 💾 [DB] 番号 [SHKD-841] 详细数据及磁力已成功存库
[2026-08-11 22:22:11] [INFO] [javdb_scraper.py:196] - 🔎 [68/102] 抓取详情: SODS-074 (https://javdb.com/v/P9Vz12)
[2026-08-11 22:22:11] [INFO] [server.py:581] - [全量订阅演员一条龙 [全量翻页 | 抓取元数据入库]] 🔎 [68/102] 抓取详情: SODS-074 (https://javdb.com/v/P9Vz12)
[2026-08-11 22:22:14] [INFO] [javdb_scraper.py:196] - 💾 [DB] 番号 [SODS-074] 详细数据及磁力已成功存库
[2026-08-11 22:22:14] [INFO] [server.py:581] - [全量订阅演员一条龙 [全量翻页 | 抓取元数据入库]] 💾 [DB] 番号 [SODS-074] 详细数据及磁力已成功存库
[2026-08-11 22:22:14] [INFO] [javdb_scraper.py:196] - 🔎 [69/102] 抓取详情: SODSVR-0001 (https://javdb.com/v/xA399n)
[2026-08-11 22:22:14] [INFO] [server.py:581] - [全量订阅演员一条龙 [全量翻页 | 抓取元数据入库]] 🔎 [69/102] 抓取详情: SODSVR-0001 (https://javdb.com/v/xA399n)
[2026-08-11 22:22:16] [INFO] [javdb_scraper.py:196] - 💾 [DB] 番号 [SODSVR-0001] 详细数据及磁力已成功存库
[2026-08-11 22:22:16] [INFO] [server.py:581] - [全量订阅演员一条龙 [全量翻页 | 抓取元数据入库]] 💾 [DB] 番号 [SODSVR-0001] 详细数据及磁力已成功存库
[2026-08-11 22:22:16] [INFO] [javdb_scraper.py:196] - 🔎 [70/102] 抓取详情: SSNI-253 (https://javdb.com/v/deyz0)
[2026-08-11 22:22:16] [INFO] [server.py:581] - [全量订阅演员一条龙 [全量翻页 | 抓取元数据入库]] 🔎 [70/102] 抓取详情: SSNI-253 (https://javdb.com/v/deyz0)
[2026-08-11 22:22:19] [INFO] [javdb_scraper.py:196] - 💾 [DB] 番号 [SSNI-253] 详细数据及磁力已成功存库
[2026-08-11 22:22:19] [INFO] [server.py:581] - [全量订阅演员一条龙 [全量翻页 | 抓取元数据入库]] 💾 [DB] 番号 [SSNI-253] 详细数据及磁力已成功存库
[2026-08-11 22:22:19] [INFO] [javdb_scraper.py:196] - 🔎 [71/102] 抓取详情: SSNI-277 (https://javdb.com/v/qAmvD)
[2026-08-11 22:22:19] [INFO] [server.py:581] - [全量订阅演员一条龙 [全量翻页 | 抓取元数据入库]] 🔎 [71/102] 抓取详情: SSNI-277 (https://javdb.com/v/qAmvD)
[2026-08-11 22:22:22] [INFO] [javdb_scraper.py:196] - 💾 [DB] 番号 [SSNI-277] 详细数据及磁力已成功存库
[2026-08-11 22:22:22] [INFO] [server.py:581] - [全量订阅演员一条龙 [全量翻页 | 抓取元数据入库]] 💾 [DB] 番号 [SSNI-277] 详细数据及磁力已成功存库
[2026-08-11 22:22:22] [INFO] [javdb_scraper.py:196] - 🔎 [72/102] 抓取详情: SSNI-299 (https://javdb.com/v/QNwbG)
[2026-08-11 22:22:22] [INFO] [server.py:581] - [全量订阅演员一条龙 [全量翻页 | 抓取元数据入库]] 🔎 [72/102] 抓取详情: SSNI-299 (https://javdb.com/v/QNwbG)
[2026-08-11 22:22:24] [INFO] [javdb_scraper.py:196] - 💾 [DB] 番号 [SSNI-299] 详细数据及磁力已成功存库
[2026-08-11 22:22:24] [INFO] [server.py:581] - [全量订阅演员一条龙 [全量翻页 | 抓取元数据入库]] 💾 [DB] 番号 [SSNI-299] 详细数据及磁力已成功存库
[2026-08-11 22:22:24] [INFO] [javdb_scraper.py:196] - 🔎 [73/102] 抓取详情: SSNI-319 (https://javdb.com/v/828EE)
[2026-08-11 22:22:24] [INFO] [server.py:581] - [全量订阅演员一条龙 [全量翻页 | 抓取元数据入库]] 🔎 [73/102] 抓取详情: SSNI-319 (https://javdb.com/v/828EE)
[2026-08-11 22:22:27] [INFO] [javdb_scraper.py:196] - 💾 [DB] 番号 [SSNI-319] 详细数据及磁力已成功存库
[2026-08-11 22:22:27] [INFO] [server.py:581] - [全量订阅演员一条龙 [全量翻页 | 抓取元数据入库]] 💾 [DB] 番号 [SSNI-319] 详细数据及磁力已成功存库
[2026-08-11 22:22:27] [INFO] [javdb_scraper.py:196] - 🔎 [74/102] 抓取详情: SSNI-341 (https://javdb.com/v/Rkw8R)
[2026-08-11 22:22:27] [INFO] [server.py:581] - [全量订阅演员一条龙 [全量翻页 | 抓取元数据入库]] 🔎 [74/102] 抓取详情: SSNI-341 (https://javdb.com/v/Rkw8R)
[2026-08-11 22:22:30] [INFO] [javdb_scraper.py:196] - 💾 [DB] 番号 [SSNI-341] 详细数据及磁力已成功存库
[2026-08-11 22:22:30] [INFO] [server.py:581] - [全量订阅演员一条龙 [全量翻页 | 抓取元数据入库]] 💾 [DB] 番号 [SSNI-341] 详细数据及磁力已成功存库
[2026-08-11 22:22:30] [INFO] [javdb_scraper.py:196] - 🔎 [75/102] 抓取详情: SSNI-363 (https://javdb.com/v/byqGE)
[2026-08-11 22:22:30] [INFO] [server.py:581] - [全量订阅演员一条龙 [全量翻页 | 抓取元数据入库]] 🔎 [75/102] 抓取详情: SSNI-363 (https://javdb.com/v/byqGE)
[2026-08-11 22:22:34] [INFO] [javdb_scraper.py:196] - 💾 [DB] 番号 [SSNI-363] 详细数据及磁力已成功存库
[2026-08-11 22:22:34] [INFO] [server.py:581] - [全量订阅演员一条龙 [全量翻页 | 抓取元数据入库]] 💾 [DB] 番号 [SSNI-363] 详细数据及磁力已成功存库
[2026-08-11 22:22:34] [INFO] [javdb_scraper.py:196] - 🔎 [76/102] 抓取详情: START-010 (https://javdb.com/v/nerQYm)
[2026-08-11 22:22:34] [INFO] [server.py:581] - [全量订阅演员一条龙 [全量翻页 | 抓取元数据入库]] 🔎 [76/102] 抓取详情: START-010 (https://javdb.com/v/nerQYm)
[2026-08-11 22:22:36] [INFO] [javdb_scraper.py:196] - 💾 [DB] 番号 [START-010] 详细数据及磁力已成功存库
[2026-08-11 22:22:36] [INFO] [server.py:581] - [全量订阅演员一条龙 [全量翻页 | 抓取元数据入库]] 💾 [DB] 番号 [START-010] 详细数据及磁力已成功存库
[2026-08-11 22:22:36] [INFO] [javdb_scraper.py:196] - 🔎 [77/102] 抓取详情: START-020 (https://javdb.com/v/a8EX83)
[2026-08-11 22:22:36] [INFO] [server.py:581] - [全量订阅演员一条龙 [全量翻页 | 抓取元数据入库]] 🔎 [77/102] 抓取详情: START-020 (https://javdb.com/v/a8EX83)
[2026-08-11 22:22:38] [INFO] [javdb_scraper.py:196] - 💾 [DB] 番号 [START-020] 详细数据及磁力已成功存库
[2026-08-11 22:22:38] [INFO] [server.py:581] - [全量订阅演员一条龙 [全量翻页 | 抓取元数据入库]] 💾 [DB] 番号 [START-020] 详细数据及磁力已成功存库
[2026-08-11 22:22:38] [INFO] [javdb_scraper.py:196] - 🔎 [78/102] 抓取详情: START-048 (https://javdb.com/v/82Vegx)
[2026-08-11 22:22:38] [INFO] [server.py:581] - [全量订阅演员一条龙 [全量翻页 | 抓取元数据入库]] 🔎 [78/102] 抓取详情: START-048 (https://javdb.com/v/82Vegx)
[2026-08-11 22:22:40] [INFO] [javdb_scraper.py:196] - 💾 [DB] 番号 [START-048] 详细数据及磁力已成功存库
[2026-08-11 22:22:40] [INFO] [server.py:581] - [全量订阅演员一条龙 [全量翻页 | 抓取元数据入库]] 💾 [DB] 番号 [START-048] 详细数据及磁力已成功存库
[2026-08-11 22:22:40] [INFO] [javdb_scraper.py:196] - 🔎 [79/102] 抓取详情: START-056 (https://javdb.com/v/a8kb0g)
[2026-08-11 22:22:40] [INFO] [server.py:581] - [全量订阅演员一条龙 [全量翻页 | 抓取元数据入库]] 🔎 [79/102] 抓取详情: START-056 (https://javdb.com/v/a8kb0g)
[2026-08-11 22:22:42] [INFO] [javdb_scraper.py:196] - 💾 [DB] 番号 [START-056] 详细数据及磁力已成功存库
[2026-08-11 22:22:42] [INFO] [server.py:581] - [全量订阅演员一条龙 [全量翻页 | 抓取元数据入库]] 💾 [DB] 番号 [START-056] 详细数据及磁力已成功存库
[2026-08-11 22:22:42] [INFO] [javdb_scraper.py:196] - 🔎 [80/102] 抓取详情: START-082 (https://javdb.com/v/OX2GmK)
[2026-08-11 22:22:42] [INFO] [server.py:581] - [全量订阅演员一条龙 [全量翻页 | 抓取元数据入库]] 🔎 [80/102] 抓取详情: START-082 (https://javdb.com/v/OX2GmK)
[2026-08-11 22:22:46] [INFO] [javdb_scraper.py:196] - 💾 [DB] 番号 [START-082] 详细数据及磁力已成功存库
[2026-08-11 22:22:46] [INFO] [server.py:581] - [全量订阅演员一条龙 [全量翻页 | 抓取元数据入库]] 💾 [DB] 番号 [START-082] 详细数据及磁力已成功存库
[2026-08-11 22:22:46] [INFO] [javdb_scraper.py:196] - 🔎 [81/102] 抓取详情: START-096 (https://javdb.com/v/pk30rq)
[2026-08-11 22:22:46] [INFO] [server.py:581] - [全量订阅演员一条龙 [全量翻页 | 抓取元数据入库]] 🔎 [81/102] 抓取详情: START-096 (https://javdb.com/v/pk30rq)
[2026-08-11 22:22:48] [INFO] [javdb_scraper.py:196] - 💾 [DB] 番号 [START-096] 详细数据及磁力已成功存库
[2026-08-11 22:22:48] [INFO] [server.py:581] - [全量订阅演员一条龙 [全量翻页 | 抓取元数据入库]] 💾 [DB] 番号 [START-096] 详细数据及磁力已成功存库
[2026-08-11 22:22:48] [INFO] [javdb_scraper.py:196] - 🔎 [82/102] 抓取详情: START-125 (https://javdb.com/v/WwwKWR)
[2026-08-11 22:22:48] [INFO] [server.py:581] - [全量订阅演员一条龙 [全量翻页 | 抓取元数据入库]] 🔎 [82/102] 抓取详情: START-125 (https://javdb.com/v/WwwKWR)
[2026-08-11 22:22:51] [INFO] [javdb_scraper.py:196] - 💾 [DB] 番号 [START-125] 详细数据及磁力已成功存库
[2026-08-11 22:22:51] [INFO] [server.py:581] - [全量订阅演员一条龙 [全量翻页 | 抓取元数据入库]] 💾 [DB] 番号 [START-125] 详细数据及磁力已成功存库
[2026-08-11 22:22:51] [INFO] [javdb_scraper.py:196] - 🔎 [83/102] 抓取详情: START-154 (https://javdb.com/v/MbbAVJ)
[2026-08-11 22:22:51] [INFO] [server.py:581] - [全量订阅演员一条龙 [全量翻页 | 抓取元数据入库]] 🔎 [83/102] 抓取详情: START-154 (https://javdb.com/v/MbbAVJ)
[2026-08-11 22:22:54] [INFO] [javdb_scraper.py:196] - 💾 [DB] 番号 [START-154] 详细数据及磁力已成功存库
[2026-08-11 22:22:54] [INFO] [server.py:581] - [全量订阅演员一条龙 [全量翻页 | 抓取元数据入库]] 💾 [DB] 番号 [START-154] 详细数据及磁力已成功存库
[2026-08-11 22:22:54] [INFO] [javdb_scraper.py:196] - 🔎 [84/102] 抓取详情: START-183 (https://javdb.com/v/YwwVk8)
[2026-08-11 22:22:54] [INFO] [server.py:581] - [全量订阅演员一条龙 [全量翻页 | 抓取元数据入库]] 🔎 [84/102] 抓取详情: START-183 (https://javdb.com/v/YwwVk8)
[2026-08-11 22:22:57] [INFO] [javdb_scraper.py:196] - 💾 [DB] 番号 [START-183] 详细数据及磁力已成功存库
[2026-08-11 22:22:57] [INFO] [server.py:581] - [全量订阅演员一条龙 [全量翻页 | 抓取元数据入库]] 💾 [DB] 番号 [START-183] 详细数据及磁力已成功存库
[2026-08-11 22:22:57] [INFO] [javdb_scraper.py:196] - 🔎 [85/102] 抓取详情: START-202 (https://javdb.com/v/Wwwq6g)
[2026-08-11 22:22:57] [INFO] [server.py:581] - [全量订阅演员一条龙 [全量翻页 | 抓取元数据入库]] 🔎 [85/102] 抓取详情: START-202 (https://javdb.com/v/Wwwq6g)
[2026-08-11 22:23:00] [INFO] [javdb_scraper.py:196] - 💾 [DB] 番号 [START-202] 详细数据及磁力已成功存库
[2026-08-11 22:23:00] [INFO] [server.py:581] - [全量订阅演员一条龙 [全量翻页 | 抓取元数据入库]] 💾 [DB] 番号 [START-202] 详细数据及磁力已成功存库
[2026-08-11 22:23:00] [INFO] [javdb_scraper.py:196] - 🔎 [86/102] 抓取详情: START-223 (https://javdb.com/v/P99vZ0)
[2026-08-11 22:23:00] [INFO] [server.py:581] - [全量订阅演员一条龙 [全量翻页 | 抓取元数据入库]] 🔎 [86/102] 抓取详情: START-223 (https://javdb.com/v/P99vZ0)
[2026-08-11 22:23:03] [INFO] [javdb_scraper.py:196] - 💾 [DB] 番号 [START-223] 详细数据及磁力已成功存库
[2026-08-11 22:23:03] [INFO] [server.py:581] - [全量订阅演员一条龙 [全量翻页 | 抓取元数据入库]] 💾 [DB] 番号 [START-223] 详细数据及磁力已成功存库
[2026-08-11 22:23:03] [INFO] [javdb_scraper.py:196] - 🔎 [87/102] 抓取详情: START-227 (https://javdb.com/v/0e5yRX)
[2026-08-11 22:23:03] [INFO] [server.py:581] - [全量订阅演员一条龙 [全量翻页 | 抓取元数据入库]] 🔎 [87/102] 抓取详情: START-227 (https://javdb.com/v/0e5yRX)
[2026-08-11 22:23:06] [INFO] [javdb_scraper.py:196] - 💾 [DB] 番号 [START-227] 详细数据及磁力已成功存库
[2026-08-11 22:23:06] [INFO] [server.py:581] - [全量订阅演员一条龙 [全量翻页 | 抓取元数据入库]] 💾 [DB] 番号 [START-227] 详细数据及磁力已成功存库
[2026-08-11 22:23:06] [INFO] [javdb_scraper.py:196] - 🔎 [88/102] 抓取详情: START-227-V (https://javdb.com/v/NQ9xxN)
[2026-08-11 22:23:06] [INFO] [server.py:581] - [全量订阅演员一条龙 [全量翻页 | 抓取元数据入库]] 🔎 [88/102] 抓取详情: START-227-V (https://javdb.com/v/NQ9xxN)
[2026-08-11 22:23:09] [INFO] [javdb_scraper.py:196] - 💾 [DB] 番号 [START-227-V] 详细数据及磁力已成功存库
[2026-08-11 22:23:09] [INFO] [server.py:581] - [全量订阅演员一条龙 [全量翻页 | 抓取元数据入库]] 💾 [DB] 番号 [START-227-V] 详细数据及磁力已成功存库
[2026-08-11 22:23:09] [INFO] [javdb_scraper.py:196] - 🔎 [89/102] 抓取详情: START-256 (https://javdb.com/v/96dV9V)
[2026-08-11 22:23:09] [INFO] [server.py:581] - [全量订阅演员一条龙 [全量翻页 | 抓取元数据入库]] 🔎 [89/102] 抓取详情: START-256 (https://javdb.com/v/96dV9V)
[2026-08-11 22:23:11] [INFO] [javdb_scraper.py:196] - 💾 [DB] 番号 [START-256] 详细数据及磁力已成功存库
[2026-08-11 22:23:11] [INFO] [server.py:581] - [全量订阅演员一条龙 [全量翻页 | 抓取元数据入库]] 💾 [DB] 番号 [START-256] 详细数据及磁力已成功存库
[2026-08-11 22:23:11] [INFO] [javdb_scraper.py:196] - 🔎 [90/102] 抓取详情: START-270 (https://javdb.com/v/AqbADm)
[2026-08-11 22:23:11] [INFO] [server.py:581] - [全量订阅演员一条龙 [全量翻页 | 抓取元数据入库]] 🔎 [90/102] 抓取详情: START-270 (https://javdb.com/v/AqbADm)
[2026-08-11 22:23:14] [INFO] [javdb_scraper.py:196] - 💾 [DB] 番号 [START-270] 详细数据及磁力已成功存库
[2026-08-11 22:23:14] [INFO] [server.py:581] - [全量订阅演员一条龙 [全量翻页 | 抓取元数据入库]] 💾 [DB] 番号 [START-270] 详细数据及磁力已成功存库
[2026-08-11 22:23:14] [INFO] [javdb_scraper.py:196] - 🔎 [91/102] 抓取详情: START-298 (https://javdb.com/v/RkGAKp)
[2026-08-11 22:23:14] [INFO] [server.py:581] - [全量订阅演员一条龙 [全量翻页 | 抓取元数据入库]] 🔎 [91/102] 抓取详情: START-298 (https://javdb.com/v/RkGAKp)
[2026-08-11 22:23:17] [INFO] [javdb_scraper.py:196] - 💾 [DB] 番号 [START-298] 详细数据及磁力已成功存库
[2026-08-11 22:23:17] [INFO] [server.py:581] - [全量订阅演员一条龙 [全量翻页 | 抓取元数据入库]] 💾 [DB] 番号 [START-298] 详细数据及磁力已成功存库
[2026-08-11 22:23:17] [INFO] [javdb_scraper.py:196] - 🔎 [92/102] 抓取详情: START-315 (https://javdb.com/v/e84aMR)
[2026-08-11 22:23:17] [INFO] [server.py:581] - [全量订阅演员一条龙 [全量翻页 | 抓取元数据入库]] 🔎 [92/102] 抓取详情: START-315 (https://javdb.com/v/e84aMR)
[2026-08-11 22:23:20] [INFO] [javdb_scraper.py:196] - 💾 [DB] 番号 [START-315] 详细数据及磁力已成功存库
[2026-08-11 22:23:20] [INFO] [server.py:581] - [全量订阅演员一条龙 [全量翻页 | 抓取元数据入库]] 💾 [DB] 番号 [START-315] 详细数据及磁力已成功存库
[2026-08-11 22:23:20] [INFO] [javdb_scraper.py:196] - 🔎 [93/102] 抓取详情: START-327 (https://javdb.com/v/NQP6Eg)
[2026-08-11 22:23:20] [INFO] [server.py:581] - [全量订阅演员一条龙 [全量翻页 | 抓取元数据入库]] 🔎 [93/102] 抓取详情: START-327 (https://javdb.com/v/NQP6Eg)
[2026-08-11 22:23:22] [INFO] [javdb_scraper.py:196] - 💾 [DB] 番号 [START-327] 详细数据及磁力已成功存库
[2026-08-11 22:23:22] [INFO] [server.py:581] - [全量订阅演员一条龙 [全量翻页 | 抓取元数据入库]] 💾 [DB] 番号 [START-327] 详细数据及磁力已成功存库
[2026-08-11 22:23:22] [INFO] [javdb_scraper.py:196] - 🔎 [94/102] 抓取详情: START-356 (https://javdb.com/v/7yq7YR)
[2026-08-11 22:23:22] [INFO] [server.py:581] - [全量订阅演员一条龙 [全量翻页 | 抓取元数据入库]] 🔎 [94/102] 抓取详情: START-356 (https://javdb.com/v/7yq7YR)
[2026-08-11 22:23:25] [INFO] [javdb_scraper.py:196] - 💾 [DB] 番号 [START-356] 详细数据及磁力已成功存库
[2026-08-11 22:23:25] [INFO] [server.py:581] - [全量订阅演员一条龙 [全量翻页 | 抓取元数据入库]] 💾 [DB] 番号 [START-356] 详细数据及磁力已成功存库
[2026-08-11 22:23:25] [INFO] [javdb_scraper.py:196] - 🔎 [95/102] 抓取详情: START-404 (https://javdb.com/v/OXV03D)
[2026-08-11 22:23:25] [INFO] [server.py:581] - [全量订阅演员一条龙 [全量翻页 | 抓取元数据入库]] 🔎 [95/102] 抓取详情: START-404 (https://javdb.com/v/OXV03D)
[2026-08-11 22:23:28] [INFO] [javdb_scraper.py:196] - 💾 [DB] 番号 [START-404] 详细数据及磁力已成功存库
[2026-08-11 22:23:28] [INFO] [server.py:581] - [全量订阅演员一条龙 [全量翻页 | 抓取元数据入库]] 💾 [DB] 番号 [START-404] 详细数据及磁力已成功存库
[2026-08-11 22:23:28] [INFO] [javdb_scraper.py:196] - 🔎 [96/102] 抓取详情: START-415 (https://javdb.com/v/1Aagyw)
[2026-08-11 22:23:28] [INFO] [server.py:581] - [全量订阅演员一条龙 [全量翻页 | 抓取元数据入库]] 🔎 [96/102] 抓取详情: START-415 (https://javdb.com/v/1Aagyw)
[2026-08-11 22:23:30] [INFO] [javdb_scraper.py:196] - 💾 [DB] 番号 [START-415] 详细数据及磁力已成功存库
[2026-08-11 22:23:30] [INFO] [server.py:581] - [全量订阅演员一条龙 [全量翻页 | 抓取元数据入库]] 💾 [DB] 番号 [START-415] 详细数据及磁力已成功存库
[2026-08-11 22:23:30] [INFO] [javdb_scraper.py:196] - 🔎 [97/102] 抓取详情: START-442 (https://javdb.com/v/mO9A8y)
[2026-08-11 22:23:30] [INFO] [server.py:581] - [全量订阅演员一条龙 [全量翻页 | 抓取元数据入库]] 🔎 [97/102] 抓取详情: START-442 (https://javdb.com/v/mO9A8y)
[2026-08-11 22:23:33] [INFO] [javdb_scraper.py:196] - 💾 [DB] 番号 [START-442] 详细数据及磁力已成功存库
[2026-08-11 22:23:33] [INFO] [server.py:581] - [全量订阅演员一条龙 [全量翻页 | 抓取元数据入库]] 💾 [DB] 番号 [START-442] 详细数据及磁力已成功存库
[2026-08-11 22:23:33] [INFO] [javdb_scraper.py:196] - 🔎 [98/102] 抓取详情: START-463 (https://javdb.com/v/2m0gpp)
[2026-08-11 22:23:33] [INFO] [server.py:581] - [全量订阅演员一条龙 [全量翻页 | 抓取元数据入库]] 🔎 [98/102] 抓取详情: START-463 (https://javdb.com/v/2m0gpp)
[2026-08-11 22:23:36] [INFO] [javdb_scraper.py:196] - 💾 [DB] 番号 [START-463] 详细数据及磁力已成功存库
[2026-08-11 22:23:36] [INFO] [server.py:581] - [全量订阅演员一条龙 [全量翻页 | 抓取元数据入库]] 💾 [DB] 番号 [START-463] 详细数据及磁力已成功存库
[2026-08-11 22:23:36] [INFO] [javdb_scraper.py:196] - 🔎 [99/102] 抓取详情: STZY-011 (https://javdb.com/v/vePqYO)
[2026-08-11 22:23:36] [INFO] [server.py:581] - [全量订阅演员一条龙 [全量翻页 | 抓取元数据入库]] 🔎 [99/102] 抓取详情: STZY-011 (https://javdb.com/v/vePqYO)
[2026-08-11 22:23:39] [INFO] [javdb_scraper.py:196] - 💾 [DB] 番号 [STZY-011] 详细数据及磁力已成功存库
[2026-08-11 22:23:39] [INFO] [server.py:581] - [全量订阅演员一条龙 [全量翻页 | 抓取元数据入库]] 💾 [DB] 番号 [STZY-011] 详细数据及磁力已成功存库
[2026-08-11 22:23:39] [INFO] [javdb_scraper.py:196] - 🔎 [100/102] 抓取详情: WAAA-661 (https://javdb.com/v/ZN3wRJ)
[2026-08-11 22:23:39] [INFO] [server.py:581] - [全量订阅演员一条龙 [全量翻页 | 抓取元数据入库]] 🔎 [100/102] 抓取详情: WAAA-661 (https://javdb.com/v/ZN3wRJ)
[2026-08-11 22:23:42] [INFO] [javdb_scraper.py:196] - 💾 [DB] 番号 [WAAA-661] 详细数据及磁力已成功存库
[2026-08-11 22:23:42] [INFO] [server.py:581] - [全量订阅演员一条龙 [全量翻页 | 抓取元数据入库]] 💾 [DB] 番号 [WAAA-661] 详细数据及磁力已成功存库
[2026-08-11 22:23:42] [INFO] [javdb_scraper.py:196] - 🔎 [101/102] 抓取详情: WAAA-682 (https://javdb.com/v/0eEVnX)
[2026-08-11 22:23:42] [INFO] [server.py:581] - [全量订阅演员一条龙 [全量翻页 | 抓取元数据入库]] 🔎 [101/102] 抓取详情: WAAA-682 (https://javdb.com/v/0eEVnX)
[2026-08-11 22:23:43] [INFO] [javdb_scraper.py:196] - 💾 [DB] 番号 [WAAA-682] 详细数据及磁力已成功存库
[2026-08-11 22:23:43] [INFO] [server.py:581] - [全量订阅演员一条龙 [全量翻页 | 抓取元数据入库]] 💾 [DB] 番号 [WAAA-682] 详细数据及磁力已成功存库
[2026-08-11 22:23:43] [INFO] [javdb_scraper.py:196] - 🔎 [102/102] 抓取详情: YUJ-066 (https://javdb.com/v/KkPp4v)
[2026-08-11 22:23:43] [INFO] [server.py:581] - [全量订阅演员一条龙 [全量翻页 | 抓取元数据入库]] 🔎 [102/102] 抓取详情: YUJ-066 (https://javdb.com/v/KkPp4v)
[2026-08-11 22:23:46] [INFO] [javdb_scraper.py:196] - 💾 [DB] 番号 [YUJ-066] 详细数据及磁力已成功存库
[2026-08-11 22:23:46] [INFO] [server.py:581] - [全量订阅演员一条龙 [全量翻页 | 抓取元数据入库]] 💾 [DB] 番号 [YUJ-066] 详细数据及磁力已成功存库
[2026-08-11 22:23:46] [INFO] [server.py:581] - [全量订阅演员一条龙 [全量翻页 | 抓取元数据入库]] 🎉 [演员一条龙] 全部订阅演员增量巡检与磁力详情抓取入库完成！(可由 '115 离线自动推送' 任务统一进行离线离线)
[2026-08-11 22:28:32] [INFO] [server.py:226] - ⏰ APScheduler 定时任务引擎已启动
[2026-08-11 22:28:32] [INFO] [server.py:239] - 🔄 [Lifespan] 自动成功恢复了 2 个持久化 Cron 定时任务！
[2026-08-11 22:28:32] [INFO] [server.py:242] - 📥 异步任务队列 Consumer 已就绪
[2026-08-11 22:28:54] [INFO] [server.py:570] - ⏰ [Cron 定时任务触发] ID: actors_pipeline_msopzw4t | 全量订阅演员一条龙 [全量翻页 | 抓取元数据入库]
[2026-08-11 22:28:54] [INFO] [server.py:787] - 🚀 [Cron Trigger] 手动触发运行定时任务 ID: actors_pipeline_msopzw4t (全量订阅演员一条龙 [全量翻页 | 抓取元数据入库])
[2026-08-11 22:28:54] [INFO] [server.py:588] - [全量订阅演员一条龙 [全量翻页 | 抓取元数据入库]] 🌟 [演员一条龙] 正在拉取我收藏的全部订阅演员列表...
[2026-08-11 22:28:54] [INFO] [javdb_scraper.py:379] - 🎭 [User] 正在拉取用户订阅演员...
[2026-08-11 22:28:57] [INFO] [javdb_scraper.py:397] - ✅ [User] 成功拉取到 3 位已订阅演员
[2026-08-11 22:28:57] [INFO] [server.py:588] - [全量订阅演员一条龙 [全量翻页 | 抓取元数据入库]] 📌 [演员一条龙] 共匹配到 3 位订阅演员，开始全量增量抓取...
[2026-08-11 22:28:57] [INFO] [server.py:588] - [全量订阅演员一条龙 [全量翻页 | 抓取元数据入库]] 🎬 [1/3] 正在巡检演员: https://javdb.com/actors/RdEb4
[2026-08-11 22:28:57] [INFO] [javdb_scraper.py:196] - 📄 [Scrape] 正在抓取索引页 [1]: https://javdb.com/actors/RdEb4
[2026-08-11 22:28:57] [INFO] [server.py:588] - [全量订阅演员一条龙 [全量翻页 | 抓取元数据入库]] 📄 [Scrape] 正在抓取索引页 [1]: https://javdb.com/actors/RdEb4
[2026-08-11 22:29:00] [INFO] [javdb_scraper.py:738] - 📥 [DB] 索引记录批量存库成功 (40 条)
[2026-08-11 22:29:00] [INFO] [javdb_scraper.py:196] - 📥 [DB] 索引记录批量存库成功 (40 条)
[2026-08-11 22:29:00] [INFO] [server.py:588] - [全量订阅演员一条龙 [全量翻页 | 抓取元数据入库]] 📥 [DB] 索引记录批量存库成功 (40 条)
[2026-08-11 22:29:00] [INFO] [javdb_scraper.py:196] - 🛑 [Smart Incremental] 检测到本页有 27 部影片在 演员 [RdEb4] 的历史记录中已存在且详情完整，智能判定已接轨历史，终止后续翻页！
[2026-08-11 22:29:00] [INFO] [server.py:588] - [全量订阅演员一条龙 [全量翻页 | 抓取元数据入库]] 🛑 [Smart Incremental] 检测到本页有 27 部影片在 演员 [RdEb4] 的历史记录中已存在且详情完整，智能判定已接轨历史，终止后续翻页！
[2026-08-11 22:29:00] [INFO] [server.py:588] - [全量订阅演员一条龙 [全量翻页 | 抓取元数据入库]] 🎬 [2/3] 正在巡检演员: https://javdb.com/actors/1Bk9J
[2026-08-11 22:29:00] [INFO] [javdb_scraper.py:196] - 📄 [Scrape] 正在抓取索引页 [1]: https://javdb.com/actors/1Bk9J
[2026-08-11 22:29:00] [INFO] [server.py:588] - [全量订阅演员一条龙 [全量翻页 | 抓取元数据入库]] 📄 [Scrape] 正在抓取索引页 [1]: https://javdb.com/actors/1Bk9J
[2026-08-11 22:29:03] [INFO] [javdb_scraper.py:738] - 📥 [DB] 索引记录批量存库成功 (5 条)
[2026-08-11 22:29:03] [INFO] [javdb_scraper.py:196] - 📥 [DB] 索引记录批量存库成功 (5 条)
[2026-08-11 22:29:03] [INFO] [server.py:588] - [全量订阅演员一条龙 [全量翻页 | 抓取元数据入库]] 📥 [DB] 索引记录批量存库成功 (5 条)
[2026-08-11 22:29:03] [INFO] [javdb_scraper.py:196] - 🔚 [Scrape] 抓取至末页
[2026-08-11 22:29:03] [INFO] [server.py:588] - [全量订阅演员一条龙 [全量翻页 | 抓取元数据入库]] 🔚 [Scrape] 抓取至末页
[2026-08-11 22:29:03] [INFO] [server.py:588] - [全量订阅演员一条龙 [全量翻页 | 抓取元数据入库]] 🎬 [3/3] 正在巡检演员: https://javdb.com/actors/XxvJ
[2026-08-11 22:29:03] [INFO] [javdb_scraper.py:196] - 📄 [Scrape] 正在抓取索引页 [1]: https://javdb.com/actors/XxvJ
[2026-08-11 22:29:03] [INFO] [server.py:588] - [全量订阅演员一条龙 [全量翻页 | 抓取元数据入库]] 📄 [Scrape] 正在抓取索引页 [1]: https://javdb.com/actors/XxvJ
[2026-08-11 22:29:06] [INFO] [javdb_scraper.py:738] - 📥 [DB] 索引记录批量存库成功 (29 条)
[2026-08-11 22:29:06] [INFO] [javdb_scraper.py:196] - 📥 [DB] 索引记录批量存库成功 (29 条)
[2026-08-11 22:29:06] [INFO] [server.py:588] - [全量订阅演员一条龙 [全量翻页 | 抓取元数据入库]] 📥 [DB] 索引记录批量存库成功 (29 条)
[2026-08-11 22:29:06] [INFO] [javdb_scraper.py:196] - 🛑 [Smart Incremental] 检测到本页有 20 部影片在 演员 [XxvJ] 的历史记录中已存在且详情完整，智能判定已接轨历史，终止后续翻页！
[2026-08-11 22:29:06] [INFO] [server.py:588] - [全量订阅演员一条龙 [全量翻页 | 抓取元数据入库]] 🛑 [Smart Incremental] 检测到本页有 20 部影片在 演员 [XxvJ] 的历史记录中已存在且详情完整，智能判定已接轨历史，终止后续翻页！
[2026-08-11 22:29:06] [INFO] [server.py:588] - [全量订阅演员一条龙 [全量翻页 | 抓取元数据入库]] 📥 [演员一条龙] 抓取到 74 部新影片，正在补全磁力与海报详情...
[2026-08-11 22:29:06] [INFO] [javdb_scraper.py:196] - 🚀 [Scrape] 开始抓取待更新影片详情，总量: 22
[2026-08-11 22:29:06] [INFO] [server.py:588] - [全量订阅演员一条龙 [全量翻页 | 抓取元数据入库]] 🚀 [Scrape] 开始抓取待更新影片详情，总量: 22
[2026-08-11 22:29:06] [INFO] [javdb_scraper.py:196] - 🔎 [1/22] 抓取详情: ADN-801 (https://javdb.com/v/z4ZKgb)
[2026-08-11 22:29:06] [INFO] [server.py:588] - [全量订阅演员一条龙 [全量翻页 | 抓取元数据入库]] 🔎 [1/22] 抓取详情: ADN-801 (https://javdb.com/v/z4ZKgb)
[2026-08-11 22:29:09] [INFO] [javdb_scraper.py:196] - 💾 [DB] 番号 [ADN-801] 详细数据及磁力已成功存库
[2026-08-11 22:29:09] [INFO] [server.py:588] - [全量订阅演员一条龙 [全量翻页 | 抓取元数据入库]] 💾 [DB] 番号 [ADN-801] 详细数据及磁力已成功存库
[2026-08-11 22:29:09] [INFO] [javdb_scraper.py:196] - 🔎 [2/22] 抓取详情: AGMX-271 (https://javdb.com/v/96Q8GX)
[2026-08-11 22:29:09] [INFO] [server.py:588] - [全量订阅演员一条龙 [全量翻页 | 抓取元数据入库]] 🔎 [2/22] 抓取详情: AGMX-271 (https://javdb.com/v/96Q8GX)
[2026-08-11 22:29:12] [INFO] [javdb_scraper.py:196] - 💾 [DB] 番号 [AGMX-271] 详细数据及磁力已成功存库
[2026-08-11 22:29:12] [INFO] [server.py:588] - [全量订阅演员一条龙 [全量翻页 | 抓取元数据入库]] 💾 [DB] 番号 [AGMX-271] 详细数据及磁力已成功存库
[2026-08-11 22:29:12] [INFO] [javdb_scraper.py:196] - 🔎 [3/22] 抓取详情: ATKD-311 (https://javdb.com/v/9GmwE)
[2026-08-11 22:29:12] [INFO] [server.py:588] - [全量订阅演员一条龙 [全量翻页 | 抓取元数据入库]] 🔎 [3/22] 抓取详情: ATKD-311 (https://javdb.com/v/9GmwE)
[2026-08-11 22:29:15] [INFO] [javdb_scraper.py:196] - 💾 [DB] 番号 [ATKD-311] 详细数据及磁力已成功存库
[2026-08-11 22:29:15] [INFO] [server.py:588] - [全量订阅演员一条龙 [全量翻页 | 抓取元数据入库]] 💾 [DB] 番号 [ATKD-311] 详细数据及磁力已成功存库
[2026-08-11 22:29:15] [INFO] [javdb_scraper.py:196] - 🔎 [4/22] 抓取详情: ATKD-313 (https://javdb.com/v/7avGB)
[2026-08-11 22:29:15] [INFO] [server.py:588] - [全量订阅演员一条龙 [全量翻页 | 抓取元数据入库]] 🔎 [4/22] 抓取详情: ATKD-313 (https://javdb.com/v/7avGB)
[2026-08-11 22:29:17] [INFO] [javdb_scraper.py:196] - 💾 [DB] 番号 [ATKD-313] 详细数据及磁力已成功存库
[2026-08-11 22:29:17] [INFO] [server.py:588] - [全量订阅演员一条龙 [全量翻页 | 抓取元数据入库]] 💾 [DB] 番号 [ATKD-313] 详细数据及磁力已成功存库
[2026-08-11 22:29:17] [INFO] [javdb_scraper.py:196] - 🔎 [5/22] 抓取详情: BACJ-190 (https://javdb.com/v/DRXe62)
[2026-08-11 22:29:17] [INFO] [server.py:588] - [全量订阅演员一条龙 [全量翻页 | 抓取元数据入库]] 🔎 [5/22] 抓取详情: BACJ-190 (https://javdb.com/v/DRXe62)
[2026-08-11 22:29:21] [INFO] [javdb_scraper.py:196] - 💾 [DB] 番号 [BACJ-190] 详细数据及磁力已成功存库
[2026-08-11 22:29:21] [INFO] [server.py:588] - [全量订阅演员一条龙 [全量翻页 | 抓取元数据入库]] 💾 [DB] 番号 [BACJ-190] 详细数据及磁力已成功存库
[2026-08-11 22:29:21] [INFO] [javdb_scraper.py:196] - 🔎 [6/22] 抓取详情: CJOD-527 (https://javdb.com/v/QNREbn)
[2026-08-11 22:29:21] [INFO] [server.py:588] - [全量订阅演员一条龙 [全量翻页 | 抓取元数据入库]] 🔎 [6/22] 抓取详情: CJOD-527 (https://javdb.com/v/QNREbn)
[2026-08-11 22:29:23] [INFO] [javdb_scraper.py:196] - 💾 [DB] 番号 [CJOD-527] 详细数据及磁力已成功存库
[2026-08-11 22:29:23] [INFO] [server.py:588] - [全量订阅演员一条龙 [全量翻页 | 抓取元数据入库]] 💾 [DB] 番号 [CJOD-527] 详细数据及磁力已成功存库
[2026-08-11 22:29:23] [INFO] [javdb_scraper.py:196] - 🔎 [7/22] 抓取详情: DSOD-060 (https://javdb.com/v/e8Nwnp)
[2026-08-11 22:29:23] [INFO] [server.py:588] - [全量订阅演员一条龙 [全量翻页 | 抓取元数据入库]] 🔎 [7/22] 抓取详情: DSOD-060 (https://javdb.com/v/e8Nwnp)
[2026-08-11 22:29:26] [INFO] [javdb_scraper.py:196] - 💾 [DB] 番号 [DSOD-060] 详细数据及磁力已成功存库
[2026-08-11 22:29:26] [INFO] [server.py:588] - [全量订阅演员一条龙 [全量翻页 | 抓取元数据入库]] 💾 [DB] 番号 [DSOD-060] 详细数据及磁力已成功存库
[2026-08-11 22:29:26] [INFO] [javdb_scraper.py:196] - 🔎 [8/22] 抓取详情: DSOD-062 (https://javdb.com/v/96QqEg)
[2026-08-11 22:29:26] [INFO] [server.py:588] - [全量订阅演员一条龙 [全量翻页 | 抓取元数据入库]] 🔎 [8/22] 抓取详情: DSOD-062 (https://javdb.com/v/96QqEg)
[2026-08-11 22:29:29] [INFO] [javdb_scraper.py:196] - 💾 [DB] 番号 [DSOD-062] 详细数据及磁力已成功存库
[2026-08-11 22:29:29] [INFO] [server.py:588] - [全量订阅演员一条龙 [全量翻页 | 抓取元数据入库]] 💾 [DB] 番号 [DSOD-062] 详细数据及磁力已成功存库
[2026-08-11 22:29:29] [INFO] [javdb_scraper.py:196] - 🔎 [9/22] 抓取详情: HMN-886 (https://javdb.com/v/6dQAQD)
[2026-08-11 22:29:29] [INFO] [server.py:588] - [全量订阅演员一条龙 [全量翻页 | 抓取元数据入库]] 🔎 [9/22] 抓取详情: HMN-886 (https://javdb.com/v/6dQAQD)
[2026-08-11 22:29:30] [INFO] [javdb_scraper.py:1496] - 📊 [115 Quota] 离线配额 -> 总量: 1500, 已用: 4, 剩余可用: 1496
[2026-08-11 22:29:31] [INFO] [javdb_scraper.py:196] - 💾 [DB] 番号 [HMN-886] 详细数据及磁力已成功存库
[2026-08-11 22:29:31] [INFO] [server.py:588] - [全量订阅演员一条龙 [全量翻页 | 抓取元数据入库]] 💾 [DB] 番号 [HMN-886] 详细数据及磁力已成功存库
[2026-08-11 22:29:31] [INFO] [javdb_scraper.py:196] - 🔎 [10/22] 抓取详情: IPZZ-893 (https://javdb.com/v/ZN3WMJ)
[2026-08-11 22:29:31] [INFO] [server.py:588] - [全量订阅演员一条龙 [全量翻页 | 抓取元数据入库]] 🔎 [10/22] 抓取详情: IPZZ-893 (https://javdb.com/v/ZN3WMJ)
[2026-08-11 22:29:34] [INFO] [javdb_scraper.py:196] - 💾 [DB] 番号 [IPZZ-893] 详细数据及磁力已成功存库
[2026-08-11 22:29:34] [INFO] [server.py:588] - [全量订阅演员一条龙 [全量翻页 | 抓取元数据入库]] 💾 [DB] 番号 [IPZZ-893] 详细数据及磁力已成功存库
[2026-08-11 22:29:34] [INFO] [javdb_scraper.py:196] - 🔎 [11/22] 抓取详情: IPZZ-919 (https://javdb.com/v/0eEdNq)
[2026-08-11 22:29:34] [INFO] [server.py:588] - [全量订阅演员一条龙 [全量翻页 | 抓取元数据入库]] 🔎 [11/22] 抓取详情: IPZZ-919 (https://javdb.com/v/0eEdNq)
[2026-08-11 22:29:37] [INFO] [javdb_scraper.py:196] - 💾 [DB] 番号 [IPZZ-919] 详细数据及磁力已成功存库
[2026-08-11 22:29:37] [INFO] [server.py:588] - [全量订阅演员一条龙 [全量翻页 | 抓取元数据入库]] 💾 [DB] 番号 [IPZZ-919] 详细数据及磁力已成功存库
[2026-08-11 22:29:37] [INFO] [javdb_scraper.py:196] - 🔎 [12/22] 抓取详情: IPZZ-944 (https://javdb.com/v/P9me8a)
[2026-08-11 22:29:37] [INFO] [server.py:588] - [全量订阅演员一条龙 [全量翻页 | 抓取元数据入库]] 🔎 [12/22] 抓取详情: IPZZ-944 (https://javdb.com/v/P9me8a)
[2026-08-11 22:29:40] [INFO] [javdb_scraper.py:196] - 💾 [DB] 番号 [IPZZ-944] 详细数据及磁力已成功存库
[2026-08-11 22:29:40] [INFO] [server.py:588] - [全量订阅演员一条龙 [全量翻页 | 抓取元数据入库]] 💾 [DB] 番号 [IPZZ-944] 详细数据及磁力已成功存库
[2026-08-11 22:29:40] [INFO] [javdb_scraper.py:196] - 🔎 [13/22] 抓取详情: MBDD-2190 (https://javdb.com/v/Kkpg0M)
[2026-08-11 22:29:40] [INFO] [server.py:588] - [全量订阅演员一条龙 [全量翻页 | 抓取元数据入库]] 🔎 [13/22] 抓取详情: MBDD-2190 (https://javdb.com/v/Kkpg0M)
[2026-08-11 22:29:40] [INFO] [javdb_scraper.py:1496] - 📊 [115 Quota] 离线配额 -> 总量: 1500, 已用: 4, 剩余可用: 1496
[2026-08-11 22:29:43] [INFO] [javdb_scraper.py:196] - 💾 [DB] 番号 [MBDD-2190] 详细数据及磁力已成功存库
[2026-08-11 22:29:43] [INFO] [server.py:588] - [全量订阅演员一条龙 [全量翻页 | 抓取元数据入库]] 💾 [DB] 番号 [MBDD-2190] 详细数据及磁力已成功存库
[2026-08-11 22:29:43] [INFO] [javdb_scraper.py:196] - 🔎 [14/22] 抓取详情: MVSD-696 (https://javdb.com/v/1Axvvw)
[2026-08-11 22:29:43] [INFO] [server.py:588] - [全量订阅演员一条龙 [全量翻页 | 抓取元数据入库]] 🔎 [14/22] 抓取详情: MVSD-696 (https://javdb.com/v/1Axvvw)
[2026-08-11 22:29:45] [INFO] [javdb_scraper.py:196] - 💾 [DB] 番号 [MVSD-696] 详细数据及磁力已成功存库
[2026-08-11 22:29:45] [INFO] [server.py:588] - [全量订阅演员一条龙 [全量翻页 | 抓取元数据入库]] 💾 [DB] 番号 [MVSD-696] 详细数据及磁力已成功存库
[2026-08-11 22:29:45] [INFO] [javdb_scraper.py:196] - 🔎 [15/22] 抓取详情: NSODN-025 (https://javdb.com/v/96QVxw)
[2026-08-11 22:29:45] [INFO] [server.py:588] - [全量订阅演员一条龙 [全量翻页 | 抓取元数据入库]] 🔎 [15/22] 抓取详情: NSODN-025 (https://javdb.com/v/96QVxw)
[2026-08-11 22:29:48] [INFO] [javdb_scraper.py:196] - 💾 [DB] 番号 [NSODN-025] 详细数据及磁力已成功存库
[2026-08-11 22:29:48] [INFO] [server.py:588] - [全量订阅演员一条龙 [全量翻页 | 抓取元数据入库]] 💾 [DB] 番号 [NSODN-025] 详细数据及磁力已成功存库
[2026-08-11 22:29:48] [INFO] [javdb_scraper.py:196] - 🔎 [16/22] 抓取详情: OFJE-397 (https://javdb.com/v/E2mk99)
[2026-08-11 22:29:48] [INFO] [server.py:588] - [全量订阅演员一条龙 [全量翻页 | 抓取元数据入库]] 🔎 [16/22] 抓取详情: OFJE-397 (https://javdb.com/v/E2mk99)
[2026-08-11 22:29:51] [INFO] [javdb_scraper.py:196] - 💾 [DB] 番号 [OFJE-397] 详细数据及磁力已成功存库
[2026-08-11 22:29:51] [INFO] [server.py:588] - [全量订阅演员一条龙 [全量翻页 | 抓取元数据入库]] 💾 [DB] 番号 [OFJE-397] 详细数据及磁力已成功存库
[2026-08-11 22:29:51] [INFO] [javdb_scraper.py:196] - 🔎 [17/22] 抓取详情: OFJE-450 (https://javdb.com/v/Kkknz7)
[2026-08-11 22:29:51] [INFO] [server.py:588] - [全量订阅演员一条龙 [全量翻页 | 抓取元数据入库]] 🔎 [17/22] 抓取详情: OFJE-450 (https://javdb.com/v/Kkknz7)
[2026-08-11 22:29:54] [INFO] [javdb_scraper.py:196] - 💾 [DB] 番号 [OFJE-450] 详细数据及磁力已成功存库
[2026-08-11 22:29:54] [INFO] [server.py:588] - [全量订阅演员一条龙 [全量翻页 | 抓取元数据入库]] 💾 [DB] 番号 [OFJE-450] 详细数据及磁力已成功存库
[2026-08-11 22:29:54] [INFO] [javdb_scraper.py:196] - 🔎 [18/22] 抓取详情: PPPE-435 (https://javdb.com/v/e8NNDx)
[2026-08-11 22:29:54] [INFO] [server.py:588] - [全量订阅演员一条龙 [全量翻页 | 抓取元数据入库]] 🔎 [18/22] 抓取详情: PPPE-435 (https://javdb.com/v/e8NNDx)
[2026-08-11 22:29:56] [INFO] [javdb_scraper.py:196] - 💾 [DB] 番号 [PPPE-435] 详细数据及磁力已成功存库
[2026-08-11 22:29:56] [INFO] [server.py:588] - [全量订阅演员一条龙 [全量翻页 | 抓取元数据入库]] 💾 [DB] 番号 [PPPE-435] 详细数据及磁力已成功存库
[2026-08-11 22:29:56] [INFO] [javdb_scraper.py:196] - 🔎 [19/22] 抓取详情: PRED-886 (https://javdb.com/v/Xe7bb4)
[2026-08-11 22:29:56] [INFO] [server.py:588] - [全量订阅演员一条龙 [全量翻页 | 抓取元数据入库]] 🔎 [19/22] 抓取详情: PRED-886 (https://javdb.com/v/Xe7bb4)
[2026-08-11 22:29:59] [INFO] [javdb_scraper.py:196] - 💾 [DB] 番号 [PRED-886] 详细数据及磁力已成功存库
[2026-08-11 22:29:59] [INFO] [server.py:588] - [全量订阅演员一条龙 [全量翻页 | 抓取元数据入库]] 💾 [DB] 番号 [PRED-886] 详细数据及磁力已成功存库
[2026-08-11 22:29:59] [INFO] [javdb_scraper.py:196] - 🔎 [20/22] 抓取详情: ROYD-347 (https://javdb.com/v/qA7pZ9)
[2026-08-11 22:29:59] [INFO] [server.py:588] - [全量订阅演员一条龙 [全量翻页 | 抓取元数据入库]] 🔎 [20/22] 抓取详情: ROYD-347 (https://javdb.com/v/qA7pZ9)
[2026-08-11 22:30:01] [INFO] [javdb_scraper.py:196] - 💾 [DB] 番号 [ROYD-347] 详细数据及磁力已成功存库
[2026-08-11 22:30:01] [INFO] [server.py:588] - [全量订阅演员一条龙 [全量翻页 | 抓取元数据入库]] 💾 [DB] 番号 [ROYD-347] 详细数据及磁力已成功存库
[2026-08-11 22:30:01] [INFO] [javdb_scraper.py:196] - 🔎 [21/22] 抓取详情: SODSVR-0001 (https://javdb.com/v/xA399n)
[2026-08-11 22:30:01] [INFO] [server.py:588] - [全量订阅演员一条龙 [全量翻页 | 抓取元数据入库]] 🔎 [21/22] 抓取详情: SODSVR-0001 (https://javdb.com/v/xA399n)
[2026-08-11 22:30:04] [INFO] [javdb_scraper.py:196] - 💾 [DB] 番号 [SODSVR-0001] 详细数据及磁力已成功存库
[2026-08-11 22:30:04] [INFO] [server.py:588] - [全量订阅演员一条龙 [全量翻页 | 抓取元数据入库]] 💾 [DB] 番号 [SODSVR-0001] 详细数据及磁力已成功存库
[2026-08-11 22:30:04] [INFO] [javdb_scraper.py:196] - 🔎 [22/22] 抓取详情: WAAA-682 (https://javdb.com/v/0eEVnX)
[2026-08-11 22:30:04] [INFO] [server.py:588] - [全量订阅演员一条龙 [全量翻页 | 抓取元数据入库]] 🔎 [22/22] 抓取详情: WAAA-682 (https://javdb.com/v/0eEVnX)
[2026-08-11 22:30:08] [INFO] [javdb_scraper.py:196] - 💾 [DB] 番号 [WAAA-682] 详细数据及磁力已成功存库
[2026-08-11 22:30:08] [INFO] [server.py:588] - [全量订阅演员一条龙 [全量翻页 | 抓取元数据入库]] 💾 [DB] 番号 [WAAA-682] 详细数据及磁力已成功存库
[2026-08-11 22:30:08] [INFO] [server.py:588] - [全量订阅演员一条龙 [全量翻页 | 抓取元数据入库]] 🎉 [演员一条龙] 全部订阅演员增量巡检与磁力详情抓取入库完成！(可由 '115 离线自动推送' 任务统一进行离线离线)
[2026-08-11 22:31:56] [INFO] [server.py:787] - 🚀 [Cron Trigger] 手动触发运行定时任务 ID: lists_pipeline_msoq5fb8 (全量收藏清单一条龙 [全量翻页 | 排除预设 | 抓取元数据入库])
[2026-08-11 22:31:56] [INFO] [server.py:570] - ⏰ [Cron 定时任务触发] ID: lists_pipeline_msoq5fb8 | 全量收藏清单一条龙 [全量翻页 | 排除预设 | 抓取元数据入库]
[2026-08-11 22:31:56] [INFO] [server.py:588] - [全量收藏清单一条龙 [全量翻页 | 排除预设 | 抓取元数据入库]] 📋 [清单一条龙] 正在拉取收藏清单列表 (自动排除'預設清單')...
[2026-08-11 22:31:56] [INFO] [javdb_scraper.py:402] - 📋 [User] 正在拉取用户清单目录 (类型: mine)...
[2026-08-11 22:31:59] [INFO] [javdb_scraper.py:463] - ✅ [User] 成功拉取到 3 个 [mine] 清单
[2026-08-11 22:31:59] [INFO] [server.py:588] - [全量收藏清单一条龙 [全量翻页 | 排除预设 | 抓取元数据入库]] 🙈 [清单一条龙] 已自动排除预设清单: 預設清單
[2026-08-11 22:31:59] [INFO] [server.py:588] - [全量收藏清单一条龙 [全量翻页 | 排除预设 | 抓取元数据入库]] 📌 [清单一条龙] 共匹配到 2 个自定义收藏清单，开始全量增量抓取...
[2026-08-11 22:31:59] [INFO] [server.py:588] - [全量收藏清单一条龙 [全量翻页 | 排除预设 | 抓取元数据入库]] 📑 [1/2] 正在巡检清单 [21321]: https://javdb.com/lists/452GVp
[2026-08-11 22:31:59] [INFO] [javdb_scraper.py:196] - 📄 [Scrape] 正在抓取索引页 [1]: https://javdb.com/lists/452GVp
[2026-08-11 22:31:59] [INFO] [server.py:588] - [全量收藏清单一条龙 [全量翻页 | 排除预设 | 抓取元数据入库]] 📄 [Scrape] 正在抓取索引页 [1]: https://javdb.com/lists/452GVp
[2026-08-11 22:32:02] [INFO] [javdb_scraper.py:738] - 📥 [DB] 索引记录批量存库成功 (5 条)
[2026-08-11 22:32:02] [INFO] [javdb_scraper.py:196] - 📥 [DB] 索引记录批量存库成功 (5 条)
[2026-08-11 22:32:02] [INFO] [server.py:588] - [全量收藏清单一条龙 [全量翻页 | 排除预设 | 抓取元数据入库]] 📥 [DB] 索引记录批量存库成功 (5 条)
[2026-08-11 22:32:02] [INFO] [javdb_scraper.py:196] - ✅ [Scrape] 达到最大指定抓取页数 (1 页)，停止翻页。
[2026-08-11 22:32:02] [INFO] [server.py:588] - [全量收藏清单一条龙 [全量翻页 | 排除预设 | 抓取元数据入库]] ✅ [Scrape] 达到最大指定抓取页数 (1 页)，停止翻页。
[2026-08-11 22:32:02] [INFO] [server.py:588] - [全量收藏清单一条龙 [全量翻页 | 排除预设 | 抓取元数据入库]] 📑 [2/2] 正在巡检清单 [测试测试]: https://javdb.com/lists/VwKbrn
[2026-08-11 22:32:02] [INFO] [javdb_scraper.py:196] - 📄 [Scrape] 正在抓取索引页 [1]: https://javdb.com/lists/VwKbrn
[2026-08-11 22:32:02] [INFO] [server.py:588] - [全量收藏清单一条龙 [全量翻页 | 排除预设 | 抓取元数据入库]] 📄 [Scrape] 正在抓取索引页 [1]: https://javdb.com/lists/VwKbrn
[2026-08-11 22:32:04] [INFO] [javdb_scraper.py:738] - 📥 [DB] 索引记录批量存库成功 (1 条)
[2026-08-11 22:32:04] [INFO] [javdb_scraper.py:196] - 📥 [DB] 索引记录批量存库成功 (1 条)
[2026-08-11 22:32:04] [INFO] [server.py:588] - [全量收藏清单一条龙 [全量翻页 | 排除预设 | 抓取元数据入库]] 📥 [DB] 索引记录批量存库成功 (1 条)
[2026-08-11 22:32:04] [INFO] [javdb_scraper.py:196] - ✅ [Scrape] 达到最大指定抓取页数 (1 页)，停止翻页。
[2026-08-11 22:32:04] [INFO] [server.py:588] - [全量收藏清单一条龙 [全量翻页 | 排除预设 | 抓取元数据入库]] ✅ [Scrape] 达到最大指定抓取页数 (1 页)，停止翻页。
[2026-08-11 22:32:04] [INFO] [server.py:588] - [全量收藏清单一条龙 [全量翻页 | 排除预设 | 抓取元数据入库]] 📥 [清单一条龙] 抓取到 6 部新影片，正在补全磁力与海报详情...
[2026-08-11 22:32:04] [INFO] [javdb_scraper.py:196] - 🚀 [Scrape] 开始抓取待更新影片详情，总量: 6
[2026-08-11 22:32:04] [INFO] [server.py:588] - [全量收藏清单一条龙 [全量翻页 | 排除预设 | 抓取元数据入库]] 🚀 [Scrape] 开始抓取待更新影片详情，总量: 6
[2026-08-11 22:32:04] [INFO] [javdb_scraper.py:196] - 🔎 [1/6] 抓取详情: LUXU-1891 (https://javdb.com/v/yxYR0W)
[2026-08-11 22:32:04] [INFO] [server.py:588] - [全量收藏清单一条龙 [全量翻页 | 排除预设 | 抓取元数据入库]] 🔎 [1/6] 抓取详情: LUXU-1891 (https://javdb.com/v/yxYR0W)
[2026-08-11 22:32:08] [INFO] [javdb_scraper.py:196] - 💾 [DB] 番号 [LUXU-1891] 详细数据及磁力已成功存库
[2026-08-11 22:32:08] [INFO] [server.py:588] - [全量收藏清单一条龙 [全量翻页 | 排除预设 | 抓取元数据入库]] 💾 [DB] 番号 [LUXU-1891] 详细数据及磁力已成功存库
[2026-08-11 22:32:08] [INFO] [javdb_scraper.py:196] - 🔎 [2/6] 抓取详情: LUXU-1893 (https://javdb.com/v/EbOJaQ)
[2026-08-11 22:32:08] [INFO] [server.py:588] - [全量收藏清单一条龙 [全量翻页 | 排除预设 | 抓取元数据入库]] 🔎 [2/6] 抓取详情: LUXU-1893 (https://javdb.com/v/EbOJaQ)
[2026-08-11 22:32:10] [INFO] [javdb_scraper.py:196] - 💾 [DB] 番号 [LUXU-1893] 详细数据及磁力已成功存库
[2026-08-11 22:32:10] [INFO] [server.py:588] - [全量收藏清单一条龙 [全量翻页 | 排除预设 | 抓取元数据入库]] 💾 [DB] 番号 [LUXU-1893] 详细数据及磁力已成功存库
[2026-08-11 22:32:10] [INFO] [javdb_scraper.py:196] - 🔎 [3/6] 抓取详情: MIUM-1445 (https://javdb.com/v/96Qq95)
[2026-08-11 22:32:10] [INFO] [server.py:588] - [全量收藏清单一条龙 [全量翻页 | 排除预设 | 抓取元数据入库]] 🔎 [3/6] 抓取详情: MIUM-1445 (https://javdb.com/v/96Qq95)
[2026-08-11 22:32:12] [INFO] [javdb_scraper.py:196] - 💾 [DB] 番号 [MIUM-1445] 详细数据及磁力已成功存库
[2026-08-11 22:32:12] [INFO] [server.py:588] - [全量收藏清单一条龙 [全量翻页 | 排除预设 | 抓取元数据入库]] 💾 [DB] 番号 [MIUM-1445] 详细数据及磁力已成功存库
[2026-08-11 22:32:12] [INFO] [javdb_scraper.py:196] - 🔎 [4/6] 抓取详情: OFJE-540 (https://javdb.com/v/r3D57z)
[2026-08-11 22:32:12] [INFO] [server.py:588] - [全量收藏清单一条龙 [全量翻页 | 排除预设 | 抓取元数据入库]] 🔎 [4/6] 抓取详情: OFJE-540 (https://javdb.com/v/r3D57z)
[2026-08-11 22:32:15] [INFO] [javdb_scraper.py:196] - 💾 [DB] 番号 [OFJE-540] 详细数据及磁力已成功存库
[2026-08-11 22:32:15] [INFO] [server.py:588] - [全量收藏清单一条龙 [全量翻页 | 排除预设 | 抓取元数据入库]] 💾 [DB] 番号 [OFJE-540] 详细数据及磁力已成功存库
[2026-08-11 22:32:15] [INFO] [javdb_scraper.py:196] - 🔎 [5/6] 抓取详情: OFJE-543 (https://javdb.com/v/dezWBM)
[2026-08-11 22:32:15] [INFO] [server.py:588] - [全量收藏清单一条龙 [全量翻页 | 排除预设 | 抓取元数据入库]] 🔎 [5/6] 抓取详情: OFJE-543 (https://javdb.com/v/dezWBM)
[2026-08-11 22:32:18] [INFO] [javdb_scraper.py:196] - 💾 [DB] 番号 [OFJE-543] 详细数据及磁力已成功存库
[2026-08-11 22:32:18] [INFO] [server.py:588] - [全量收藏清单一条龙 [全量翻页 | 排除预设 | 抓取元数据入库]] 💾 [DB] 番号 [OFJE-543] 详细数据及磁力已成功存库
[2026-08-11 22:32:18] [INFO] [javdb_scraper.py:196] - 🔎 [6/6] 抓取详情: SNOS-258 (https://javdb.com/v/Ww7RYR)
[2026-08-11 22:32:18] [INFO] [server.py:588] - [全量收藏清单一条龙 [全量翻页 | 排除预设 | 抓取元数据入库]] 🔎 [6/6] 抓取详情: SNOS-258 (https://javdb.com/v/Ww7RYR)
[2026-08-11 22:32:21] [INFO] [javdb_scraper.py:196] - 💾 [DB] 番号 [SNOS-258] 详细数据及磁力已成功存库
[2026-08-11 22:32:21] [INFO] [server.py:588] - [全量收藏清单一条龙 [全量翻页 | 排除预设 | 抓取元数据入库]] 💾 [DB] 番号 [SNOS-258] 详细数据及磁力已成功存库
[2026-08-11 22:32:21] [INFO] [server.py:588] - [全量收藏清单一条龙 [全量翻页 | 排除预设 | 抓取元数据入库]] 🎉 [清单一条龙] 全部自定义收藏清单增量巡检与磁力详情抓取入库完成！(可由 '115 离线自动推送' 任务统一进行离线离线)
[2026-08-11 22:34:24] [INFO] [server.py:226] - ⏰ APScheduler 定时任务引擎已启动
[2026-08-11 22:34:24] [INFO] [server.py:239] - 🔄 [Lifespan] 自动成功恢复了 2 个持久化 Cron 定时任务！
[2026-08-11 22:34:24] [INFO] [server.py:242] - 📥 异步任务队列 Consumer 已就绪
[2026-08-11 22:34:40] [INFO] [javdb_scraper.py:1501] - 📊 [115 Quota] 离线配额 -> 总量: 1500, 已用: 4, 剩余可用: 1496
[2026-08-11 22:35:21] [INFO] [server.py:194] - 💾 已成功将 3 个定时任务持久化保存至 D:\JAVDB_AutoSpider_V1.2\backend\scheduled_jobs.json
[2026-08-11 22:35:47] [INFO] [server.py:194] - 💾 已成功将 4 个定时任务持久化保存至 D:\JAVDB_AutoSpider_V1.2\backend\scheduled_jobs.json
[2026-08-11 22:35:58] [INFO] [server.py:194] - 💾 已成功将 3 个定时任务持久化保存至 D:\JAVDB_AutoSpider_V1.2\backend\scheduled_jobs.json
[2026-08-11 22:36:00] [INFO] [server.py:570] - ⏰ [Cron 定时任务触发] ID: transfer_push_cron_msorilz6 | 115 离线自动推送 [时间段: 今天抓取 | 自动对齐115真实状态]
[2026-08-11 22:36:00] [INFO] [server.py:588] - [115 离线自动推送 [时间段: 今天抓取 | 自动对齐115真实状态]] 🚀 [115 Cron] 启动 115 自动化离线推送: 时间段 [2026-08-11 00:00:00 ~ 2026-08-11 23:59:59], 磁力类型 [magnet_uc]
[2026-08-11 22:36:00] [INFO] [javdb_scraper.py:1501] - 📊 [115 Quota] 离线配额 -> 总量: 1500, 已用: 4, 剩余可用: 1496
[2026-08-11 22:36:00] [INFO] [javdb_scraper.py:1188] - 📦 [115 Push] 实际准备推送 6 条记录 (匹配总数: 6, 剩余配额: 1496)，开始分批提交...
[2026-08-11 22:36:00] [INFO] [javdb_scraper.py:1221] - ⏳ [115 Push] 推送批次 (1~1/1) -> 路径: /有码/逢沢みゆ/中字破解/2026-08-11
[2026-08-11 22:36:00] [INFO] [javdb_scraper.py:1081] - 🚀 [115 Gateway] 提交离线任务到 115 网关 | 保存路径: /有码/逢沢みゆ/中字破解/2026-08-11
[2026-08-11 22:36:08] [INFO] [javdb_scraper.py:1085] - ✅ [115 Gateway] 网关返回结果: {"code":0,"message":"处理完成。成功: 1 个任务，失败: 0 个任务","data":{"total":1,"success_count":1,"failed_count":0,"failed_details":[],"wp_path":"/有码/逢沢みゆ/中字破解/2026-08-11","wp_path_id":"3493376768172099007"}}
[2026-08-11 22:36:08] [INFO] [javdb_scraper.py:1108] - 📝 [Push History] 记录番号 [CJOD-522] 离线任务 (Hash: 87887c1bcf506b65b64e7c2512ef5bfb4fa96777)
[2026-08-11 22:36:08] [INFO] [javdb_scraper.py:1221] - ⏳ [115 Push] 推送批次 (1~5/5) -> 路径: /有码/彩月七緒/中字破解/2026-08-11
[2026-08-11 22:36:08] [INFO] [javdb_scraper.py:1081] - 🚀 [115 Gateway] 提交离线任务到 115 网关 | 保存路径: /有码/彩月七緒/中字破解/2026-08-11
[2026-08-11 22:36:18] [INFO] [javdb_scraper.py:1085] - ✅ [115 Gateway] 网关返回结果: {"code":0,"message":"处理完成。成功: 5 个任务，失败: 0 个任务","data":{"total":5,"success_count":5,"failed_count":0,"failed_details":[],"wp_path":"/有码/彩月七緒/中字破解/2026-08-11","wp_path_id":"3493376833645184362"}}
[2026-08-11 22:36:18] [INFO] [javdb_scraper.py:1108] - 📝 [Push History] 记录番号 [HMN-878] 离线任务 (Hash: 6fe599911b8d3d520a3fdd8b9d3a6a79a3f8fc22)
[2026-08-11 22:36:18] [INFO] [javdb_scraper.py:1108] - 📝 [Push History] 记录番号 [HSODA-124] 离线任务 (Hash: ac70128b2bc0850c090fa26ce74b6eb65c457fbf)
[2026-08-11 22:36:18] [INFO] [javdb_scraper.py:1108] - 📝 [Push History] 记录番号 [MNGS-067] 离线任务 (Hash: 012ce15200c5ea8300391586a8c3bb3bb01f0c83)
[2026-08-11 22:36:18] [INFO] [javdb_scraper.py:1108] - 📝 [Push History] 记录番号 [OFES-033] 离线任务 (Hash: 0c01d526cc84c15f3c7ca589e6a1c9c25e2b454c)
[2026-08-11 22:36:18] [INFO] [javdb_scraper.py:1108] - 📝 [Push History] 记录番号 [OFES-056] 离线任务 (Hash: d524a0eef029b1a9029bf2d757f34c698f3d3990)
[2026-08-11 22:36:18] [INFO] [javdb_scraper.py:1240] - 🎉 [115 Push] 增量推送结束: 成功 6 条，失败/未推送 0 条
[2026-08-11 22:36:18] [INFO] [server.py:588] - [115 离线自动推送 [时间段: 今天抓取 | 自动对齐115真实状态]] 🎉 [115 Cron] 115 自动化离线推送完成: 增量推送完成：成功 6 条，失败/截断 0 条
[2026-08-11 22:36:18] [INFO] [server.py:588] - [115 离线自动推送 [时间段: 今天抓取 | 自动对齐115真实状态]] 🔄 [115 Auto Sync] 离线推送完毕，正在自动调用 115 API 对齐本地与 115 离线任务真实状态...
[2026-08-11 22:36:18] [INFO] [javdb_scraper.py:1386] - 🔄 [115 Sync] 正在单次请求拉取 115 网关全量离线任务 (不带 URL Query)...
[2026-08-11 22:36:31] [INFO] [javdb_scraper.py:1501] - 📊 [115 Quota] 离线配额 -> 总量: 1500, 已用: 10, 剩余可用: 1490
[2026-08-11 22:36:39] [INFO] [javdb_scraper.py:1413] - 📊 [115 Sync] 成功获取到 115 网关 392 条远端全量离线任务
[2026-08-11 22:36:39] [INFO] [javdb_scraper.py:1443] - 🔄 [115 Sync] 番号 [CJOD-522] 状态对齐: 0 -> 1 (下载中 📥)
[2026-08-11 22:36:39] [INFO] [javdb_scraper.py:1448] - ✅ [115 Sync] 任务状态比对对齐完成，更新了 1 条离线记录
[2026-08-11 22:36:39] [INFO] [server.py:588] - [115 离线自动推送 [时间段: 今天抓取 | 自动对齐115真实状态]] ✅ [115 Auto Sync] 状态同步完成！共更新 1 条离线任务真实下载状态
[2026-08-11 22:36:44] [INFO] [javdb_scraper.py:1501] - 📊 [115 Quota] 离线配额 -> 总量: 1500, 已用: 10, 剩余可用: 1490
[2026-08-11 22:37:02] [INFO] [javdb_scraper.py:1501] - 📊 [115 Quota] 离线配额 -> 总量: 1500, 已用: 10, 剩余可用: 1490
[2026-08-11 22:39:54] [INFO] [server.py:226] - ⏰ APScheduler 定时任务引擎已启动
[2026-08-11 22:39:54] [INFO] [server.py:239] - 🔄 [Lifespan] 自动成功恢复了 3 个持久化 Cron 定时任务！
[2026-08-11 22:39:54] [INFO] [server.py:242] - 📥 异步任务队列 Consumer 已就绪
[2026-08-11 22:40:32] [INFO] [server.py:226] - ⏰ APScheduler 定时任务引擎已启动
[2026-08-11 22:40:32] [INFO] [server.py:239] - 🔄 [Lifespan] 自动成功恢复了 3 个持久化 Cron 定时任务！
[2026-08-11 22:40:32] [INFO] [server.py:242] - 📥 异步任务队列 Consumer 已就绪
[2026-08-11 22:40:54] [INFO] [javdb_scraper.py:1386] - 🔄 [115 Sync] 正在单次请求拉取 115 网关全量离线任务 (不带 URL Query)...
[2026-08-11 22:41:15] [INFO] [javdb_scraper.py:1413] - 📊 [115 Sync] 成功获取到 115 网关 392 条远端全量离线任务
[2026-08-11 22:41:15] [INFO] [javdb_scraper.py:1443] - 🔄 [115 Sync] 番号 [CJOD-522] 状态对齐: 1 -> 2 (离线成功 🎉)
[2026-08-11 22:41:15] [INFO] [javdb_scraper.py:1443] - 🔄 [115 Sync] 番号 [HMN-878] 状态对齐: 0 -> 2 (离线成功 🎉)
[2026-08-11 22:41:15] [INFO] [javdb_scraper.py:1443] - 🔄 [115 Sync] 番号 [HSODA-124] 状态对齐: 0 -> 2 (离线成功 🎉)
[2026-08-11 22:41:15] [INFO] [javdb_scraper.py:1443] - 🔄 [115 Sync] 番号 [MNGS-067] 状态对齐: 0 -> 2 (离线成功 🎉)
[2026-08-11 22:41:15] [INFO] [javdb_scraper.py:1443] - 🔄 [115 Sync] 番号 [OFES-033] 状态对齐: 0 -> 2 (离线成功 🎉)
[2026-08-11 22:41:15] [INFO] [javdb_scraper.py:1443] - 🔄 [115 Sync] 番号 [OFES-056] 状态对齐: 0 -> 2 (离线成功 🎉)
[2026-08-11 22:41:15] [INFO] [javdb_scraper.py:1448] - ✅ [115 Sync] 任务状态比对对齐完成，更新了 6 条离线记录
[2026-08-11 22:43:41] [INFO] [server.py:226] - ⏰ APScheduler 定时任务引擎已启动
[2026-08-11 22:43:41] [INFO] [server.py:239] - 🔄 [Lifespan] 自动成功恢复了 3 个持久化 Cron 定时任务！
[2026-08-11 22:43:41] [INFO] [server.py:242] - 📥 异步任务队列 Consumer 已就绪
[2026-08-11 22:47:47] [INFO] [server.py:194] - 💾 已成功将 2 个定时任务持久化保存至 D:\JAVDB_AutoSpider_V1.2\backend\scheduled_jobs.json
[2026-08-11 22:47:48] [INFO] [server.py:194] - 💾 已成功将 1 个定时任务持久化保存至 D:\JAVDB_AutoSpider_V1.2\backend\scheduled_jobs.json
[2026-08-11 22:47:50] [INFO] [server.py:194] - 💾 已成功将 0 个定时任务持久化保存至 D:\JAVDB_AutoSpider_V1.2\backend\scheduled_jobs.json
[2026-08-11 22:47:57] [INFO] [javdb_scraper.py:379] - 🎭 [User] 正在拉取用户订阅演员...
[2026-08-11 22:47:59] [INFO] [javdb_scraper.py:397] - ✅ [User] 成功拉取到 2 位已订阅演员
[2026-08-11 22:49:05] [INFO] [javdb_scraper.py:1506] - 📊 [115 Quota] 离线配额 -> 总量: 1500, 已用: 10, 剩余可用: 1490
[2026-08-11 22:49:35] [INFO] [server.py:194] - 💾 已成功将 1 个定时任务持久化保存至 D:\JAVDB_AutoSpider_V1.2\backend\scheduled_jobs.json
[2026-08-11 22:49:37] [INFO] [server.py:570] - ⏰ [Cron 定时任务触发] ID: actors_pipeline_msos0wtd | 全量订阅演员一条龙 [全量翻页 | 抓取元数据入库]
[2026-08-11 22:49:37] [INFO] [server.py:796] - 🚀 [Cron Trigger] 手动触发运行定时任务 ID: actors_pipeline_msos0wtd (全量订阅演员一条龙 [全量翻页 | 抓取元数据入库])
[2026-08-11 22:49:37] [INFO] [server.py:588] - [全量订阅演员一条龙 [全量翻页 | 抓取元数据入库]] 🌟 [演员一条龙] 正在拉取我收藏的全部订阅演员列表...
[2026-08-11 22:49:37] [INFO] [javdb_scraper.py:379] - 🎭 [User] 正在拉取用户订阅演员...
[2026-08-11 22:49:39] [INFO] [javdb_scraper.py:397] - ✅ [User] 成功拉取到 3 位已订阅演员
[2026-08-11 22:49:39] [INFO] [server.py:588] - [全量订阅演员一条龙 [全量翻页 | 抓取元数据入库]] 📌 [演员一条龙] 共匹配到 3 位订阅演员，开始全量增量抓取...
[2026-08-11 22:49:39] [INFO] [server.py:588] - [全量订阅演员一条龙 [全量翻页 | 抓取元数据入库]] 🎬 [1/3] 正在巡检演员: https://javdb.com/actors/EvkJ
[2026-08-11 22:49:39] [INFO] [javdb_scraper.py:196] - 📄 [Scrape] 正在抓取索引页 [1]: https://javdb.com/actors/EvkJ
[2026-08-11 22:49:39] [INFO] [server.py:588] - [全量订阅演员一条龙 [全量翻页 | 抓取元数据入库]] 📄 [Scrape] 正在抓取索引页 [1]: https://javdb.com/actors/EvkJ
[2026-08-11 22:49:43] [INFO] [javdb_scraper.py:743] - 📥 [DB] 索引记录批量存库成功 (40 条)
[2026-08-11 22:49:43] [INFO] [javdb_scraper.py:196] - 📥 [DB] 索引记录批量存库成功 (40 条)
[2026-08-11 22:49:43] [INFO] [server.py:588] - [全量订阅演员一条龙 [全量翻页 | 抓取元数据入库]] 📥 [DB] 索引记录批量存库成功 (40 条)
[2026-08-11 22:49:43] [INFO] [javdb_scraper.py:196] - 📄 [Scrape] 正在抓取索引页 [2]: https://javdb.com/actors/EvkJ?page=2
[2026-08-11 22:49:43] [INFO] [server.py:588] - [全量订阅演员一条龙 [全量翻页 | 抓取元数据入库]] 📄 [Scrape] 正在抓取索引页 [2]: https://javdb.com/actors/EvkJ?page=2
[2026-08-11 22:49:46] [INFO] [javdb_scraper.py:743] - 📥 [DB] 索引记录批量存库成功 (40 条)
[2026-08-11 22:49:46] [INFO] [javdb_scraper.py:196] - 📥 [DB] 索引记录批量存库成功 (40 条)
[2026-08-11 22:49:46] [INFO] [server.py:588] - [全量订阅演员一条龙 [全量翻页 | 抓取元数据入库]] 📥 [DB] 索引记录批量存库成功 (40 条)
[2026-08-11 22:49:46] [INFO] [javdb_scraper.py:196] - 📄 [Scrape] 正在抓取索引页 [3]: https://javdb.com/actors/EvkJ?page=3
[2026-08-11 22:49:46] [INFO] [server.py:588] - [全量订阅演员一条龙 [全量翻页 | 抓取元数据入库]] 📄 [Scrape] 正在抓取索引页 [3]: https://javdb.com/actors/EvkJ?page=3
[2026-08-11 22:49:49] [INFO] [javdb_scraper.py:743] - 📥 [DB] 索引记录批量存库成功 (40 条)
[2026-08-11 22:49:49] [INFO] [javdb_scraper.py:196] - 📥 [DB] 索引记录批量存库成功 (40 条)
[2026-08-11 22:49:49] [INFO] [server.py:588] - [全量订阅演员一条龙 [全量翻页 | 抓取元数据入库]] 📥 [DB] 索引记录批量存库成功 (40 条)
[2026-08-11 22:49:49] [INFO] [javdb_scraper.py:196] - 📄 [Scrape] 正在抓取索引页 [4]: https://javdb.com/actors/EvkJ?page=4
[2026-08-11 22:49:49] [INFO] [server.py:588] - [全量订阅演员一条龙 [全量翻页 | 抓取元数据入库]] 📄 [Scrape] 正在抓取索引页 [4]: https://javdb.com/actors/EvkJ?page=4
[2026-08-11 22:49:53] [INFO] [javdb_scraper.py:743] - 📥 [DB] 索引记录批量存库成功 (40 条)
[2026-08-11 22:49:53] [INFO] [javdb_scraper.py:196] - 📥 [DB] 索引记录批量存库成功 (40 条)
[2026-08-11 22:49:53] [INFO] [server.py:588] - [全量订阅演员一条龙 [全量翻页 | 抓取元数据入库]] 📥 [DB] 索引记录批量存库成功 (40 条)
[2026-08-11 22:49:53] [INFO] [javdb_scraper.py:196] - 📄 [Scrape] 正在抓取索引页 [5]: https://javdb.com/actors/EvkJ?page=5
[2026-08-11 22:49:53] [INFO] [server.py:588] - [全量订阅演员一条龙 [全量翻页 | 抓取元数据入库]] 📄 [Scrape] 正在抓取索引页 [5]: https://javdb.com/actors/EvkJ?page=5
[2026-08-11 22:49:56] [INFO] [javdb_scraper.py:743] - 📥 [DB] 索引记录批量存库成功 (40 条)
[2026-08-11 22:49:56] [INFO] [javdb_scraper.py:196] - 📥 [DB] 索引记录批量存库成功 (40 条)
[2026-08-11 22:49:56] [INFO] [server.py:588] - [全量订阅演员一条龙 [全量翻页 | 抓取元数据入库]] 📥 [DB] 索引记录批量存库成功 (40 条)
[2026-08-11 22:49:56] [INFO] [javdb_scraper.py:196] - 📄 [Scrape] 正在抓取索引页 [6]: https://javdb.com/actors/EvkJ?page=6
[2026-08-11 22:49:56] [INFO] [server.py:588] - [全量订阅演员一条龙 [全量翻页 | 抓取元数据入库]] 📄 [Scrape] 正在抓取索引页 [6]: https://javdb.com/actors/EvkJ?page=6
[2026-08-11 22:49:56] [INFO] [server.py:194] - 💾 已成功将 2 个定时任务持久化保存至 D:\JAVDB_AutoSpider_V1.2\backend\scheduled_jobs.json
[2026-08-11 22:49:58] [INFO] [javdb_scraper.py:743] - 📥 [DB] 索引记录批量存库成功 (18 条)
[2026-08-11 22:49:58] [INFO] [javdb_scraper.py:196] - 📥 [DB] 索引记录批量存库成功 (18 条)
[2026-08-11 22:49:58] [INFO] [server.py:588] - [全量订阅演员一条龙 [全量翻页 | 抓取元数据入库]] 📥 [DB] 索引记录批量存库成功 (18 条)
[2026-08-11 22:49:58] [INFO] [javdb_scraper.py:196] - 🔚 [Scrape] 抓取至末页
[2026-08-11 22:49:58] [INFO] [server.py:588] - [全量订阅演员一条龙 [全量翻页 | 抓取元数据入库]] 🔚 [Scrape] 抓取至末页
[2026-08-11 22:49:58] [INFO] [server.py:588] - [全量订阅演员一条龙 [全量翻页 | 抓取元数据入库]] 🎬 [2/3] 正在巡检演员: https://javdb.com/actors/neRNX
[2026-08-11 22:49:58] [INFO] [javdb_scraper.py:196] - 📄 [Scrape] 正在抓取索引页 [1]: https://javdb.com/actors/neRNX
[2026-08-11 22:49:58] [INFO] [server.py:588] - [全量订阅演员一条龙 [全量翻页 | 抓取元数据入库]] 📄 [Scrape] 正在抓取索引页 [1]: https://javdb.com/actors/neRNX
[2026-08-11 22:50:01] [INFO] [javdb_scraper.py:743] - 📥 [DB] 索引记录批量存库成功 (40 条)
[2026-08-11 22:50:01] [INFO] [javdb_scraper.py:196] - 📥 [DB] 索引记录批量存库成功 (40 条)
[2026-08-11 22:50:01] [INFO] [server.py:588] - [全量订阅演员一条龙 [全量翻页 | 抓取元数据入库]] 📥 [DB] 索引记录批量存库成功 (40 条)
[2026-08-11 22:50:01] [INFO] [javdb_scraper.py:196] - 📄 [Scrape] 正在抓取索引页 [2]: https://javdb.com/actors/neRNX?page=2
[2026-08-11 22:50:01] [INFO] [server.py:588] - [全量订阅演员一条龙 [全量翻页 | 抓取元数据入库]] 📄 [Scrape] 正在抓取索引页 [2]: https://javdb.com/actors/neRNX?page=2
[2026-08-11 22:50:04] [INFO] [javdb_scraper.py:743] - 📥 [DB] 索引记录批量存库成功 (38 条)
[2026-08-11 22:50:04] [INFO] [javdb_scraper.py:196] - 📥 [DB] 索引记录批量存库成功 (38 条)
[2026-08-11 22:50:04] [INFO] [server.py:588] - [全量订阅演员一条龙 [全量翻页 | 抓取元数据入库]] 📥 [DB] 索引记录批量存库成功 (38 条)
[2026-08-11 22:50:04] [INFO] [javdb_scraper.py:196] - 🔚 [Scrape] 抓取至末页
[2026-08-11 22:50:04] [INFO] [server.py:588] - [全量订阅演员一条龙 [全量翻页 | 抓取元数据入库]] 🔚 [Scrape] 抓取至末页
[2026-08-11 22:50:04] [INFO] [server.py:588] - [全量订阅演员一条龙 [全量翻页 | 抓取元数据入库]] 🎬 [3/3] 正在巡检演员: https://javdb.com/actors/M4Q7
[2026-08-11 22:50:04] [INFO] [javdb_scraper.py:196] - 📄 [Scrape] 正在抓取索引页 [1]: https://javdb.com/actors/M4Q7
[2026-08-11 22:50:04] [INFO] [server.py:588] - [全量订阅演员一条龙 [全量翻页 | 抓取元数据入库]] 📄 [Scrape] 正在抓取索引页 [1]: https://javdb.com/actors/M4Q7
[2026-08-11 22:50:06] [INFO] [javdb_scraper.py:743] - 📥 [DB] 索引记录批量存库成功 (40 条)
[2026-08-11 22:50:06] [INFO] [javdb_scraper.py:196] - 📥 [DB] 索引记录批量存库成功 (40 条)
[2026-08-11 22:50:06] [INFO] [server.py:588] - [全量订阅演员一条龙 [全量翻页 | 抓取元数据入库]] 📥 [DB] 索引记录批量存库成功 (40 条)
[2026-08-11 22:50:06] [INFO] [javdb_scraper.py:196] - 📄 [Scrape] 正在抓取索引页 [2]: https://javdb.com/actors/M4Q7?page=2
[2026-08-11 22:50:06] [INFO] [server.py:588] - [全量订阅演员一条龙 [全量翻页 | 抓取元数据入库]] 📄 [Scrape] 正在抓取索引页 [2]: https://javdb.com/actors/M4Q7?page=2
[2026-08-11 22:50:09] [INFO] [javdb_scraper.py:743] - 📥 [DB] 索引记录批量存库成功 (40 条)
[2026-08-11 22:50:09] [INFO] [javdb_scraper.py:196] - 📥 [DB] 索引记录批量存库成功 (40 条)
[2026-08-11 22:50:09] [INFO] [server.py:588] - [全量订阅演员一条龙 [全量翻页 | 抓取元数据入库]] 📥 [DB] 索引记录批量存库成功 (40 条)
[2026-08-11 22:50:09] [INFO] [javdb_scraper.py:196] - 📄 [Scrape] 正在抓取索引页 [3]: https://javdb.com/actors/M4Q7?page=3
[2026-08-11 22:50:09] [INFO] [server.py:588] - [全量订阅演员一条龙 [全量翻页 | 抓取元数据入库]] 📄 [Scrape] 正在抓取索引页 [3]: https://javdb.com/actors/M4Q7?page=3
[2026-08-11 22:50:12] [INFO] [javdb_scraper.py:743] - 📥 [DB] 索引记录批量存库成功 (40 条)
[2026-08-11 22:50:12] [INFO] [javdb_scraper.py:196] - 📥 [DB] 索引记录批量存库成功 (40 条)
[2026-08-11 22:50:12] [INFO] [server.py:588] - [全量订阅演员一条龙 [全量翻页 | 抓取元数据入库]] 📥 [DB] 索引记录批量存库成功 (40 条)
[2026-08-11 22:50:12] [INFO] [javdb_scraper.py:196] - 📄 [Scrape] 正在抓取索引页 [4]: https://javdb.com/actors/M4Q7?page=4
[2026-08-11 22:50:12] [INFO] [server.py:588] - [全量订阅演员一条龙 [全量翻页 | 抓取元数据入库]] 📄 [Scrape] 正在抓取索引页 [4]: https://javdb.com/actors/M4Q7?page=4
[2026-08-11 22:50:15] [INFO] [javdb_scraper.py:743] - 📥 [DB] 索引记录批量存库成功 (40 条)
[2026-08-11 22:50:15] [INFO] [javdb_scraper.py:196] - 📥 [DB] 索引记录批量存库成功 (40 条)
[2026-08-11 22:50:15] [INFO] [server.py:588] - [全量订阅演员一条龙 [全量翻页 | 抓取元数据入库]] 📥 [DB] 索引记录批量存库成功 (40 条)
[2026-08-11 22:50:15] [INFO] [javdb_scraper.py:196] - 📄 [Scrape] 正在抓取索引页 [5]: https://javdb.com/actors/M4Q7?page=5
[2026-08-11 22:50:15] [INFO] [server.py:588] - [全量订阅演员一条龙 [全量翻页 | 抓取元数据入库]] 📄 [Scrape] 正在抓取索引页 [5]: https://javdb.com/actors/M4Q7?page=5
[2026-08-11 22:50:17] [INFO] [javdb_scraper.py:743] - 📥 [DB] 索引记录批量存库成功 (40 条)
[2026-08-11 22:50:17] [INFO] [javdb_scraper.py:196] - 📥 [DB] 索引记录批量存库成功 (40 条)
[2026-08-11 22:50:17] [INFO] [server.py:588] - [全量订阅演员一条龙 [全量翻页 | 抓取元数据入库]] 📥 [DB] 索引记录批量存库成功 (40 条)
[2026-08-11 22:50:17] [INFO] [javdb_scraper.py:196] - 📄 [Scrape] 正在抓取索引页 [6]: https://javdb.com/actors/M4Q7?page=6
[2026-08-11 22:50:17] [INFO] [server.py:588] - [全量订阅演员一条龙 [全量翻页 | 抓取元数据入库]] 📄 [Scrape] 正在抓取索引页 [6]: https://javdb.com/actors/M4Q7?page=6
[2026-08-11 22:50:20] [INFO] [javdb_scraper.py:743] - 📥 [DB] 索引记录批量存库成功 (40 条)
[2026-08-11 22:50:20] [INFO] [javdb_scraper.py:196] - 📥 [DB] 索引记录批量存库成功 (40 条)
[2026-08-11 22:50:20] [INFO] [server.py:588] - [全量订阅演员一条龙 [全量翻页 | 抓取元数据入库]] 📥 [DB] 索引记录批量存库成功 (40 条)
[2026-08-11 22:50:20] [INFO] [javdb_scraper.py:196] - 📄 [Scrape] 正在抓取索引页 [7]: https://javdb.com/actors/M4Q7?page=7
[2026-08-11 22:50:20] [INFO] [server.py:588] - [全量订阅演员一条龙 [全量翻页 | 抓取元数据入库]] 📄 [Scrape] 正在抓取索引页 [7]: https://javdb.com/actors/M4Q7?page=7
[2026-08-11 22:50:24] [INFO] [javdb_scraper.py:743] - 📥 [DB] 索引记录批量存库成功 (40 条)
[2026-08-11 22:50:24] [INFO] [javdb_scraper.py:196] - 📥 [DB] 索引记录批量存库成功 (40 条)
[2026-08-11 22:50:24] [INFO] [server.py:588] - [全量订阅演员一条龙 [全量翻页 | 抓取元数据入库]] 📥 [DB] 索引记录批量存库成功 (40 条)
[2026-08-11 22:50:24] [INFO] [javdb_scraper.py:196] - 📄 [Scrape] 正在抓取索引页 [8]: https://javdb.com/actors/M4Q7?page=8
[2026-08-11 22:50:24] [INFO] [server.py:588] - [全量订阅演员一条龙 [全量翻页 | 抓取元数据入库]] 📄 [Scrape] 正在抓取索引页 [8]: https://javdb.com/actors/M4Q7?page=8
[2026-08-11 22:50:26] [INFO] [javdb_scraper.py:743] - 📥 [DB] 索引记录批量存库成功 (40 条)
[2026-08-11 22:50:26] [INFO] [javdb_scraper.py:196] - 📥 [DB] 索引记录批量存库成功 (40 条)
[2026-08-11 22:50:26] [INFO] [server.py:588] - [全量订阅演员一条龙 [全量翻页 | 抓取元数据入库]] 📥 [DB] 索引记录批量存库成功 (40 条)
[2026-08-11 22:50:26] [INFO] [javdb_scraper.py:196] - 📄 [Scrape] 正在抓取索引页 [9]: https://javdb.com/actors/M4Q7?page=9
[2026-08-11 22:50:26] [INFO] [server.py:588] - [全量订阅演员一条龙 [全量翻页 | 抓取元数据入库]] 📄 [Scrape] 正在抓取索引页 [9]: https://javdb.com/actors/M4Q7?page=9
[2026-08-11 22:50:29] [INFO] [javdb_scraper.py:743] - 📥 [DB] 索引记录批量存库成功 (18 条)
[2026-08-11 22:50:29] [INFO] [javdb_scraper.py:196] - 📥 [DB] 索引记录批量存库成功 (18 条)
[2026-08-11 22:50:29] [INFO] [server.py:588] - [全量订阅演员一条龙 [全量翻页 | 抓取元数据入库]] 📥 [DB] 索引记录批量存库成功 (18 条)
[2026-08-11 22:50:29] [INFO] [javdb_scraper.py:196] - 🔚 [Scrape] 抓取至末页
[2026-08-11 22:50:29] [INFO] [server.py:588] - [全量订阅演员一条龙 [全量翻页 | 抓取元数据入库]] 🔚 [Scrape] 抓取至末页
[2026-08-11 22:50:29] [INFO] [server.py:588] - [全量订阅演员一条龙 [全量翻页 | 抓取元数据入库]] 📥 [演员一条龙] 抓取到 634 部新影片，正在补全磁力与海报详情...
[2026-08-11 22:50:29] [INFO] [javdb_scraper.py:196] - 🚀 [Scrape] 筛选出 608 部待更新/追踪巡检影片
[2026-08-11 22:50:29] [INFO] [server.py:588] - [全量订阅演员一条龙 [全量翻页 | 抓取元数据入库]] 🚀 [Scrape] 筛选出 608 部待更新/追踪巡检影片
[2026-08-11 22:50:29] [INFO] [javdb_scraper.py:196] - 🔎 [1/608] 抓取详情: ACHJ-008 (https://javdb.com/v/xv6D6Q)
[2026-08-11 22:50:29] [INFO] [server.py:588] - [全量订阅演员一条龙 [全量翻页 | 抓取元数据入库]] 🔎 [1/608] 抓取详情: ACHJ-008 (https://javdb.com/v/xv6D6Q)
[2026-08-11 22:50:31] [INFO] [javdb_scraper.py:196] - 🔍 [DB] 番号 [ACHJ-008] 详情已存库 (网页暂无可用磁力，已开启 30 天新片追查模式)
[2026-08-11 22:50:31] [INFO] [server.py:588] - [全量订阅演员一条龙 [全量翻页 | 抓取元数据入库]] 🔍 [DB] 番号 [ACHJ-008] 详情已存库 (网页暂无可用磁力，已开启 30 天新片追查模式)
[2026-08-11 22:50:31] [INFO] [javdb_scraper.py:196] - 🔎 [2/608] 抓取详情: ADN-188 (https://javdb.com/v/1A6Xw)
[2026-08-11 22:50:31] [INFO] [server.py:588] - [全量订阅演员一条龙 [全量翻页 | 抓取元数据入库]] 🔎 [2/608] 抓取详情: ADN-188 (https://javdb.com/v/1A6Xw)
[2026-08-11 22:50:34] [INFO] [javdb_scraper.py:196] - 🔍 [DB] 番号 [ADN-188] 详情已存库 (网页暂无可用磁力，已开启 30 天新片追查模式)
[2026-08-11 22:50:34] [INFO] [server.py:588] - [全量订阅演员一条龙 [全量翻页 | 抓取元数据入库]] 🔍 [DB] 番号 [ADN-188] 详情已存库 (网页暂无可用磁力，已开启 30 天新片追查模式)
[2026-08-11 22:50:34] [INFO] [javdb_scraper.py:196] - 🔎 [3/608] 抓取详情: ADN-210 (https://javdb.com/v/xDyxQ)
[2026-08-11 22:50:34] [INFO] [server.py:588] - [全量订阅演员一条龙 [全量翻页 | 抓取元数据入库]] 🔎 [3/608] 抓取详情: ADN-210 (https://javdb.com/v/xDyxQ)
[2026-08-11 22:50:36] [INFO] [javdb_scraper.py:196] - 🔍 [DB] 番号 [ADN-210] 详情已存库 (网页暂无可用磁力，已开启 30 天新片追查模式)
[2026-08-11 22:50:36] [INFO] [server.py:588] - [全量订阅演员一条龙 [全量翻页 | 抓取元数据入库]] 🔍 [DB] 番号 [ADN-210] 详情已存库 (网页暂无可用磁力，已开启 30 天新片追查模式)
[2026-08-11 22:50:36] [INFO] [javdb_scraper.py:196] - 🔎 [4/608] 抓取详情: ADN-243 (https://javdb.com/v/AneQP)
[2026-08-11 22:50:36] [INFO] [server.py:588] - [全量订阅演员一条龙 [全量翻页 | 抓取元数据入库]] 🔎 [4/608] 抓取详情: ADN-243 (https://javdb.com/v/AneQP)
[2026-08-11 22:50:39] [INFO] [javdb_scraper.py:196] - 🔍 [DB] 番号 [ADN-243] 详情已存库 (网页暂无可用磁力，已开启 30 天新片追查模式)
[2026-08-11 22:50:39] [INFO] [server.py:588] - [全量订阅演员一条龙 [全量翻页 | 抓取元数据入库]] 🔍 [DB] 番号 [ADN-243] 详情已存库 (网页暂无可用磁力，已开启 30 天新片追查模式)
[2026-08-11 22:50:39] [INFO] [javdb_scraper.py:196] - 🔎 [5/608] 抓取详情: ADN-251 (https://javdb.com/v/8B0G3)
[2026-08-11 22:50:39] [INFO] [server.py:588] - [全量订阅演员一条龙 [全量翻页 | 抓取元数据入库]] 🔎 [5/608] 抓取详情: ADN-251 (https://javdb.com/v/8B0G3)
[2026-08-11 22:50:43] [INFO] [javdb_scraper.py:196] - 🔍 [DB] 番号 [ADN-251] 详情已存库 (网页暂无可用磁力，已开启 30 天新片追查模式)
[2026-08-11 22:50:43] [INFO] [server.py:588] - [全量订阅演员一条龙 [全量翻页 | 抓取元数据入库]] 🔍 [DB] 番号 [ADN-251] 详情已存库 (网页暂无可用磁力，已开启 30 天新片追查模式)
[2026-08-11 22:50:43] [INFO] [javdb_scraper.py:196] - 🔎 [6/608] 抓取详情: ADN-256 (https://javdb.com/v/EOnJ9)
[2026-08-11 22:50:43] [INFO] [server.py:588] - [全量订阅演员一条龙 [全量翻页 | 抓取元数据入库]] 🔎 [6/608] 抓取详情: ADN-256 (https://javdb.com/v/EOnJ9)
[2026-08-11 22:50:45] [INFO] [javdb_scraper.py:196] - 🔍 [DB] 番号 [ADN-256] 详情已存库 (网页暂无可用磁力，已开启 30 天新片追查模式)
[2026-08-11 22:50:45] [INFO] [server.py:588] - [全量订阅演员一条龙 [全量翻页 | 抓取元数据入库]] 🔍 [DB] 番号 [ADN-256] 详情已存库 (网页暂无可用磁力，已开启 30 天新片追查模式)
[2026-08-11 22:50:45] [INFO] [javdb_scraper.py:196] - 🔎 [7/608] 抓取详情: ADN-262 (https://javdb.com/v/PmrW0)
[2026-08-11 22:50:45] [INFO] [server.py:588] - [全量订阅演员一条龙 [全量翻页 | 抓取元数据入库]] 🔎 [7/608] 抓取详情: ADN-262 (https://javdb.com/v/PmrW0)
[2026-08-11 22:50:48] [INFO] [javdb_scraper.py:196] - 🔍 [DB] 番号 [ADN-262] 详情已存库 (网页暂无可用磁力，已开启 30 天新片追查模式)
[2026-08-11 22:50:48] [INFO] [server.py:588] - [全量订阅演员一条龙 [全量翻页 | 抓取元数据入库]] 🔍 [DB] 番号 [ADN-262] 详情已存库 (网页暂无可用磁力，已开启 30 天新片追查模式)
[2026-08-11 22:50:48] [INFO] [javdb_scraper.py:196] - 🔎 [8/608] 抓取详情: ADN-267 (https://javdb.com/v/EO8vd)
[2026-08-11 22:50:48] [INFO] [server.py:588] - [全量订阅演员一条龙 [全量翻页 | 抓取元数据入库]] 🔎 [8/608] 抓取详情: ADN-267 (https://javdb.com/v/EO8vd)
[2026-08-11 22:50:51] [INFO] [javdb_scraper.py:196] - 🔍 [DB] 番号 [ADN-267] 详情已存库 (网页暂无可用磁力，已开启 30 天新片追查模式)
[2026-08-11 22:50:51] [INFO] [server.py:588] - [全量订阅演员一条龙 [全量翻页 | 抓取元数据入库]] 🔍 [DB] 番号 [ADN-267] 详情已存库 (网页暂无可用磁力，已开启 30 天新片追查模式)
[2026-08-11 22:50:51] [INFO] [javdb_scraper.py:196] - 🔎 [9/608] 抓取详情: ADN-277 (https://javdb.com/v/yWZ3X)
[2026-08-11 22:50:51] [INFO] [server.py:588] - [全量订阅演员一条龙 [全量翻页 | 抓取元数据入库]] 🔎 [9/608] 抓取详情: ADN-277 (https://javdb.com/v/yWZ3X)
[2026-08-11 22:50:54] [INFO] [javdb_scraper.py:196] - 🔍 [DB] 番号 [ADN-277] 详情已存库 (网页暂无可用磁力，已开启 30 天新片追查模式)
[2026-08-11 22:50:54] [INFO] [server.py:588] - [全量订阅演员一条龙 [全量翻页 | 抓取元数据入库]] 🔍 [DB] 番号 [ADN-277] 详情已存库 (网页暂无可用磁力，已开启 30 天新片追查模式)
[2026-08-11 22:50:54] [INFO] [javdb_scraper.py:196] - 🔎 [10/608] 抓取详情: ADN-298 (https://javdb.com/v/ZYP5v)
[2026-08-11 22:50:54] [INFO] [server.py:588] - [全量订阅演员一条龙 [全量翻页 | 抓取元数据入库]] 🔎 [10/608] 抓取详情: ADN-298 (https://javdb.com/v/ZYP5v)
[2026-08-11 22:50:57] [INFO] [javdb_scraper.py:196] - 🔍 [DB] 番号 [ADN-298] 详情已存库 (网页暂无可用磁力，已开启 30 天新片追查模式)
[2026-08-11 22:50:57] [INFO] [server.py:588] - [全量订阅演员一条龙 [全量翻页 | 抓取元数据入库]] 🔍 [DB] 番号 [ADN-298] 详情已存库 (网页暂无可用磁力，已开启 30 天新片追查模式)
[2026-08-11 22:50:57] [INFO] [javdb_scraper.py:196] - 🔎 [11/608] 抓取详情: ADN-302 (https://javdb.com/v/WW0x8)
[2026-08-11 22:50:57] [INFO] [server.py:588] - [全量订阅演员一条龙 [全量翻页 | 抓取元数据入库]] 🔎 [11/608] 抓取详情: ADN-302 (https://javdb.com/v/WW0x8)
[2026-08-11 22:51:01] [INFO] [javdb_scraper.py:196] - 🔍 [DB] 番号 [ADN-302] 详情已存库 (网页暂无可用磁力，已开启 30 天新片追查模式)
[2026-08-11 22:51:01] [INFO] [server.py:588] - [全量订阅演员一条龙 [全量翻页 | 抓取元数据入库]] 🔍 [DB] 番号 [ADN-302] 详情已存库 (网页暂无可用磁力，已开启 30 天新片追查模式)
[2026-08-11 22:51:01] [INFO] [javdb_scraper.py:196] - 🔎 [12/608] 抓取详情: ADN-314 (https://javdb.com/v/YMwOD)
[2026-08-11 22:51:01] [INFO] [server.py:588] - [全量订阅演员一条龙 [全量翻页 | 抓取元数据入库]] 🔎 [12/608] 抓取详情: ADN-314 (https://javdb.com/v/YMwOD)
[2026-08-11 22:51:03] [INFO] [javdb_scraper.py:196] - 🔍 [DB] 番号 [ADN-314] 详情已存库 (网页暂无可用磁力，已开启 30 天新片追查模式)
[2026-08-11 22:51:03] [INFO] [server.py:588] - [全量订阅演员一条龙 [全量翻页 | 抓取元数据入库]] 🔍 [DB] 番号 [ADN-314] 详情已存库 (网页暂无可用磁力，已开启 30 天新片追查模式)
[2026-08-11 22:51:03] [INFO] [javdb_scraper.py:196] - 🔎 [13/608] 抓取详情: ADN-328 (https://javdb.com/v/d5Z6g)
[2026-08-11 22:51:03] [INFO] [server.py:588] - [全量订阅演员一条龙 [全量翻页 | 抓取元数据入库]] 🔎 [13/608] 抓取详情: ADN-328 (https://javdb.com/v/d5Z6g)
[2026-08-11 22:51:06] [INFO] [javdb_scraper.py:196] - 🔍 [DB] 番号 [ADN-328] 详情已存库 (网页暂无可用磁力，已开启 30 天新片追查模式)
[2026-08-11 22:51:06] [INFO] [server.py:588] - [全量订阅演员一条龙 [全量翻页 | 抓取元数据入库]] 🔍 [DB] 番号 [ADN-328] 详情已存库 (网页暂无可用磁力，已开启 30 天新片追查模式)
[2026-08-11 22:51:06] [INFO] [javdb_scraper.py:196] - 🔎 [14/608] 抓取详情: ADN-341 (https://javdb.com/v/zDz5J)
[2026-08-11 22:51:06] [INFO] [server.py:588] - [全量订阅演员一条龙 [全量翻页 | 抓取元数据入库]] 🔎 [14/608] 抓取详情: ADN-341 (https://javdb.com/v/zDz5J)
[2026-08-11 22:51:09] [INFO] [javdb_scraper.py:196] - 🔍 [DB] 番号 [ADN-341] 详情已存库 (网页暂无可用磁力，已开启 30 天新片追查模式)
[2026-08-11 22:51:09] [INFO] [server.py:588] - [全量订阅演员一条龙 [全量翻页 | 抓取元数据入库]] 🔍 [DB] 番号 [ADN-341] 详情已存库 (网页暂无可用磁力，已开启 30 天新片追查模式)
[2026-08-11 22:51:09] [INFO] [javdb_scraper.py:196] - 🔎 [15/608] 抓取详情: ADN-347 (https://javdb.com/v/mWb6d)
[2026-08-11 22:51:09] [INFO] [server.py:588] - [全量订阅演员一条龙 [全量翻页 | 抓取元数据入库]] 🔎 [15/608] 抓取详情: ADN-347 (https://javdb.com/v/mWb6d)
[2026-08-11 22:51:13] [INFO] [javdb_scraper.py:196] - 🔍 [DB] 番号 [ADN-347] 详情已存库 (网页暂无可用磁力，已开启 30 天新片追查模式)
[2026-08-11 22:51:13] [INFO] [server.py:588] - [全量订阅演员一条龙 [全量翻页 | 抓取元数据入库]] 🔍 [DB] 番号 [ADN-347] 详情已存库 (网页暂无可用磁力，已开启 30 天新片追查模式)
[2026-08-11 22:51:13] [INFO] [javdb_scraper.py:196] - 🔎 [16/608] 抓取详情: ADN-366 (https://javdb.com/v/nNV3e)
[2026-08-11 22:51:13] [INFO] [server.py:588] - [全量订阅演员一条龙 [全量翻页 | 抓取元数据入库]] 🔎 [16/608] 抓取详情: ADN-366 (https://javdb.com/v/nNV3e)
[2026-08-11 22:51:15] [INFO] [javdb_scraper.py:196] - 🔍 [DB] 番号 [ADN-366] 详情已存库 (网页暂无可用磁力，已开启 30 天新片追查模式)
[2026-08-11 22:51:15] [INFO] [server.py:588] - [全量订阅演员一条龙 [全量翻页 | 抓取元数据入库]] 🔍 [DB] 番号 [ADN-366] 详情已存库 (网页暂无可用磁力，已开启 30 天新片追查模式)
[2026-08-11 22:51:15] [INFO] [javdb_scraper.py:196] - 🔎 [17/608] 抓取详情: ADN-381 (https://javdb.com/v/VaPD2)
[2026-08-11 22:51:15] [INFO] [server.py:588] - [全量订阅演员一条龙 [全量翻页 | 抓取元数据入库]] 🔎 [17/608] 抓取详情: ADN-381 (https://javdb.com/v/VaPD2)
[2026-08-11 22:51:18] [INFO] [javdb_scraper.py:196] - 🔍 [DB] 番号 [ADN-381] 详情已存库 (网页暂无可用磁力，已开启 30 天新片追查模式)
[2026-08-11 22:51:18] [INFO] [server.py:588] - [全量订阅演员一条龙 [全量翻页 | 抓取元数据入库]] 🔍 [DB] 番号 [ADN-381] 详情已存库 (网页暂无可用磁力，已开启 30 天新片追查模式)
[2026-08-11 22:51:18] [INFO] [javdb_scraper.py:196] - 🔎 [18/608] 抓取详情: ADN-400 (https://javdb.com/v/DBE23)
[2026-08-11 22:51:18] [INFO] [server.py:588] - [全量订阅演员一条龙 [全量翻页 | 抓取元数据入库]] 🔎 [18/608] 抓取详情: ADN-400 (https://javdb.com/v/DBE23)
[2026-08-11 22:51:21] [INFO] [javdb_scraper.py:196] - 🔍 [DB] 番号 [ADN-400] 详情已存库 (网页暂无可用磁力，已开启 30 天新片追查模式)
[2026-08-11 22:51:21] [INFO] [server.py:588] - [全量订阅演员一条龙 [全量翻页 | 抓取元数据入库]] 🔍 [DB] 番号 [ADN-400] 详情已存库 (网页暂无可用磁力，已开启 30 天新片追查模式)
[2026-08-11 22:51:21] [INFO] [javdb_scraper.py:196] - 🔎 [19/608] 抓取详情: AP-019 (https://javdb.com/v/K45eO)
[2026-08-11 22:51:21] [INFO] [server.py:588] - [全量订阅演员一条龙 [全量翻页 | 抓取元数据入库]] 🔎 [19/608] 抓取详情: AP-019 (https://javdb.com/v/K45eO)
[2026-08-11 22:51:24] [INFO] [javdb_scraper.py:196] - 🔍 [DB] 番号 [AP-019] 详情已存库 (网页暂无可用磁力，已开启 30 天新片追查模式)
[2026-08-11 22:51:24] [INFO] [server.py:588] - [全量订阅演员一条龙 [全量翻页 | 抓取元数据入库]] 🔍 [DB] 番号 [AP-019] 详情已存库 (网页暂无可用磁力，已开启 30 天新片追查模式)
[2026-08-11 22:51:24] [INFO] [javdb_scraper.py:196] - 🔎 [20/608] 抓取详情: AP-019b (https://javdb.com/v/O24eD)
[2026-08-11 22:51:24] [INFO] [server.py:588] - [全量订阅演员一条龙 [全量翻页 | 抓取元数据入库]] 🔎 [20/608] 抓取详情: AP-019b (https://javdb.com/v/O24eD)
[2026-08-11 22:51:26] [INFO] [javdb_scraper.py:196] - 🔍 [DB] 番号 [AP-019b] 详情已存库 (网页暂无可用磁力，已开启 30 天新片追查模式)
[2026-08-11 22:51:26] [INFO] [server.py:588] - [全量订阅演员一条龙 [全量翻页 | 抓取元数据入库]] 🔍 [DB] 番号 [AP-019b] 详情已存库 (网页暂无可用磁力，已开启 30 天新片追查模式)
[2026-08-11 22:51:26] [INFO] [javdb_scraper.py:196] - 🔎 [21/608] 抓取详情: ATAD-147 (https://javdb.com/v/VzVgW)
[2026-08-11 22:51:26] [INFO] [server.py:588] - [全量订阅演员一条龙 [全量翻页 | 抓取元数据入库]] 🔎 [21/608] 抓取详情: ATAD-147 (https://javdb.com/v/VzVgW)
[2026-08-11 22:51:28] [INFO] [javdb_scraper.py:196] - 🔍 [DB] 番号 [ATAD-147] 详情已存库 (网页暂无可用磁力，已开启 30 天新片追查模式)
[2026-08-11 22:51:28] [INFO] [server.py:588] - [全量订阅演员一条龙 [全量翻页 | 抓取元数据入库]] 🔍 [DB] 番号 [ATAD-147] 详情已存库 (网页暂无可用磁力，已开启 30 天新片追查模式)
[2026-08-11 22:51:28] [INFO] [javdb_scraper.py:196] - 🔎 [22/608] 抓取详情: ATAD-154 (https://javdb.com/v/EmJE2)
[2026-08-11 22:51:28] [INFO] [server.py:588] - [全量订阅演员一条龙 [全量翻页 | 抓取元数据入库]] 🔎 [22/608] 抓取详情: ATAD-154 (https://javdb.com/v/EmJE2)
[2026-08-11 22:51:30] [INFO] [javdb_scraper.py:196] - 🔍 [DB] 番号 [ATAD-154] 详情已存库 (网页暂无可用磁力，已开启 30 天新片追查模式)
[2026-08-11 22:51:30] [INFO] [server.py:588] - [全量订阅演员一条龙 [全量翻页 | 抓取元数据入库]] 🔍 [DB] 番号 [ATAD-154] 详情已存库 (网页暂无可用磁力，已开启 30 天新片追查模式)
[2026-08-11 22:51:30] [INFO] [javdb_scraper.py:196] - 🔎 [23/608] 抓取详情: ATAD-165 (https://javdb.com/v/y203b)
[2026-08-11 22:51:30] [INFO] [server.py:588] - [全量订阅演员一条龙 [全量翻页 | 抓取元数据入库]] 🔎 [23/608] 抓取详情: ATAD-165 (https://javdb.com/v/y203b)
[2026-08-11 22:51:34] [INFO] [javdb_scraper.py:196] - 🔍 [DB] 番号 [ATAD-165] 详情已存库 (网页暂无可用磁力，已开启 30 天新片追查模式)
[2026-08-11 22:51:34] [INFO] [server.py:588] - [全量订阅演员一条龙 [全量翻页 | 抓取元数据入库]] 🔍 [DB] 番号 [ATAD-165] 详情已存库 (网页暂无可用磁力，已开启 30 天新片追查模式)
[2026-08-11 22:51:34] [INFO] [javdb_scraper.py:196] - 🔎 [24/608] 抓取详情: ATAD-169 (https://javdb.com/v/YnzK7B)
[2026-08-11 22:51:34] [INFO] [server.py:588] - [全量订阅演员一条龙 [全量翻页 | 抓取元数据入库]] 🔎 [24/608] 抓取详情: ATAD-169 (https://javdb.com/v/YnzK7B)
[2026-08-11 22:51:37] [INFO] [javdb_scraper.py:196] - 🔍 [DB] 番号 [ATAD-169] 详情已存库 (网页暂无可用磁力，已开启 30 天新片追查模式)
[2026-08-11 22:51:37] [INFO] [server.py:588] - [全量订阅演员一条龙 [全量翻页 | 抓取元数据入库]] 🔍 [DB] 番号 [ATAD-169] 详情已存库 (网页暂无可用磁力，已开启 30 天新片追查模式)
[2026-08-11 22:51:37] [INFO] [javdb_scraper.py:196] - 🔎 [25/608] 抓取详情: ATAD-178 (https://javdb.com/v/NwKa6r)
[2026-08-11 22:51:37] [INFO] [server.py:588] - [全量订阅演员一条龙 [全量翻页 | 抓取元数据入库]] 🔎 [25/608] 抓取详情: ATAD-178 (https://javdb.com/v/NwKa6r)
[2026-08-11 22:51:39] [INFO] [javdb_scraper.py:196] - 🔍 [DB] 番号 [ATAD-178] 详情已存库 (网页暂无可用磁力，已开启 30 天新片追查模式)
[2026-08-11 22:51:39] [INFO] [server.py:588] - [全量订阅演员一条龙 [全量翻页 | 抓取元数据入库]] 🔍 [DB] 番号 [ATAD-178] 详情已存库 (网页暂无可用磁力，已开启 30 天新片追查模式)
[2026-08-11 22:51:39] [INFO] [javdb_scraper.py:196] - 🔎 [26/608] 抓取详情: ATAD-181 (https://javdb.com/v/J00dNq)
[2026-08-11 22:51:39] [INFO] [server.py:588] - [全量订阅演员一条龙 [全量翻页 | 抓取元数据入库]] 🔎 [26/608] 抓取详情: ATAD-181 (https://javdb.com/v/J00dNq)
[2026-08-11 22:51:43] [INFO] [javdb_scraper.py:196] - 🔍 [DB] 番号 [ATAD-181] 详情已存库 (网页暂无可用磁力，已开启 30 天新片追查模式)
[2026-08-11 22:51:43] [INFO] [server.py:588] - [全量订阅演员一条龙 [全量翻页 | 抓取元数据入库]] 🔍 [DB] 番号 [ATAD-181] 详情已存库 (网页暂无可用磁力，已开启 30 天新片追查模式)
[2026-08-11 22:51:43] [INFO] [javdb_scraper.py:196] - 🔎 [27/608] 抓取详情: ATID-318 (https://javdb.com/v/YwWNK)
[2026-08-11 22:51:43] [INFO] [server.py:588] - [全量订阅演员一条龙 [全量翻页 | 抓取元数据入库]] 🔎 [27/608] 抓取详情: ATID-318 (https://javdb.com/v/YwWNK)
[2026-08-11 22:51:45] [INFO] [javdb_scraper.py:196] - 🔍 [DB] 番号 [ATID-318] 详情已存库 (网页暂无可用磁力，已开启 30 天新片追查模式)
[2026-08-11 22:51:45] [INFO] [server.py:588] - [全量订阅演员一条龙 [全量翻页 | 抓取元数据入库]] 🔍 [DB] 番号 [ATID-318] 详情已存库 (网页暂无可用磁力，已开启 30 天新片追查模式)
[2026-08-11 22:51:45] [INFO] [javdb_scraper.py:196] - 🔎 [28/608] 抓取详情: ATID-368 (https://javdb.com/v/ngQYa)
[2026-08-11 22:51:45] [INFO] [server.py:588] - [全量订阅演员一条龙 [全量翻页 | 抓取元数据入库]] 🔎 [28/608] 抓取详情: ATID-368 (https://javdb.com/v/ngQYa)
[2026-08-11 22:51:48] [INFO] [javdb_scraper.py:196] - 🔍 [DB] 番号 [ATID-368] 详情已存库 (网页暂无可用磁力，已开启 30 天新片追查模式)
[2026-08-11 22:51:48] [INFO] [server.py:588] - [全量订阅演员一条龙 [全量翻页 | 抓取元数据入库]] 🔍 [DB] 番号 [ATID-368] 详情已存库 (网页暂无可用磁力，已开启 30 天新片追查模式)
[2026-08-11 22:51:48] [INFO] [javdb_scraper.py:196] - 🔎 [29/608] 抓取详情: ATID-379 (https://javdb.com/v/Zqke8)
[2026-08-11 22:51:48] [INFO] [server.py:588] - [全量订阅演员一条龙 [全量翻页 | 抓取元数据入库]] 🔎 [29/608] 抓取详情: ATID-379 (https://javdb.com/v/Zqke8)
[2026-08-11 22:51:52] [INFO] [javdb_scraper.py:196] - 🔍 [DB] 番号 [ATID-379] 详情已存库 (网页暂无可用磁力，已开启 30 天新片追查模式)
[2026-08-11 22:51:52] [INFO] [server.py:588] - [全量订阅演员一条龙 [全量翻页 | 抓取元数据入库]] 🔍 [DB] 番号 [ATID-379] 详情已存库 (网页暂无可用磁力，已开启 30 天新片追查模式)
[2026-08-11 22:51:52] [INFO] [javdb_scraper.py:196] - 🔎 [30/608] 抓取详情: ATID-394 (https://javdb.com/v/NP3mZ)
[2026-08-11 22:51:52] [INFO] [server.py:588] - [全量订阅演员一条龙 [全量翻页 | 抓取元数据入库]] 🔎 [30/608] 抓取详情: ATID-394 (https://javdb.com/v/NP3mZ)
[2026-08-11 22:51:55] [INFO] [javdb_scraper.py:196] - 🔍 [DB] 番号 [ATID-394] 详情已存库 (网页暂无可用磁力，已开启 30 天新片追查模式)
[2026-08-11 22:51:55] [INFO] [server.py:588] - [全量订阅演员一条龙 [全量翻页 | 抓取元数据入库]] 🔍 [DB] 番号 [ATID-394] 详情已存库 (网页暂无可用磁力，已开启 30 天新片追查模式)
[2026-08-11 22:51:55] [INFO] [javdb_scraper.py:196] - 🔎 [31/608] 抓取详情: ATID-399 (https://javdb.com/v/kbRJJ)
[2026-08-11 22:51:55] [INFO] [server.py:588] - [全量订阅演员一条龙 [全量翻页 | 抓取元数据入库]] 🔎 [31/608] 抓取详情: ATID-399 (https://javdb.com/v/kbRJJ)
[2026-08-11 22:51:58] [INFO] [javdb_scraper.py:196] - 🔍 [DB] 番号 [ATID-399] 详情已存库 (网页暂无可用磁力，已开启 30 天新片追查模式)
[2026-08-11 22:51:58] [INFO] [server.py:588] - [全量订阅演员一条龙 [全量翻页 | 抓取元数据入库]] 🔍 [DB] 番号 [ATID-399] 详情已存库 (网页暂无可用磁力，已开启 30 天新片追查模式)
[2026-08-11 22:51:58] [INFO] [javdb_scraper.py:196] - 🔎 [32/608] 抓取详情: ATID-421 (https://javdb.com/v/dDqre)
[2026-08-11 22:51:58] [INFO] [server.py:588] - [全量订阅演员一条龙 [全量翻页 | 抓取元数据入库]] 🔎 [32/608] 抓取详情: ATID-421 (https://javdb.com/v/dDqre)
[2026-08-11 22:52:01] [INFO] [javdb_scraper.py:196] - 🔍 [DB] 番号 [ATID-421] 详情已存库 (网页暂无可用磁力，已开启 30 天新片追查模式)
[2026-08-11 22:52:01] [INFO] [server.py:588] - [全量订阅演员一条龙 [全量翻页 | 抓取元数据入库]] 🔍 [DB] 番号 [ATID-421] 详情已存库 (网页暂无可用磁力，已开启 30 天新片追查模式)
[2026-08-11 22:52:01] [INFO] [javdb_scraper.py:196] - 🔎 [33/608] 抓取详情: ATID-431 (https://javdb.com/v/a30zp)
[2026-08-11 22:52:01] [INFO] [server.py:588] - [全量订阅演员一条龙 [全量翻页 | 抓取元数据入库]] 🔎 [33/608] 抓取详情: ATID-431 (https://javdb.com/v/a30zp)
[2026-08-11 22:52:04] [INFO] [javdb_scraper.py:196] - 🔍 [DB] 番号 [ATID-431] 详情已存库 (网页暂无可用磁力，已开启 30 天新片追查模式)
[2026-08-11 22:52:04] [INFO] [server.py:588] - [全量订阅演员一条龙 [全量翻页 | 抓取元数据入库]] 🔍 [DB] 番号 [ATID-431] 详情已存库 (网页暂无可用磁力，已开启 30 天新片追查模式)
[2026-08-11 22:52:04] [INFO] [javdb_scraper.py:196] - 🔎 [34/608] 抓取详情: ATID-456 (https://javdb.com/v/MZQE1)
[2026-08-11 22:52:04] [INFO] [server.py:588] - [全量订阅演员一条龙 [全量翻页 | 抓取元数据入库]] 🔎 [34/608] 抓取详情: ATID-456 (https://javdb.com/v/MZQE1)
[2026-08-11 22:52:06] [INFO] [javdb_scraper.py:196] - 🔍 [DB] 番号 [ATID-456] 详情已存库 (网页暂无可用磁力，已开启 30 天新片追查模式)
[2026-08-11 22:52:06] [INFO] [server.py:588] - [全量订阅演员一条龙 [全量翻页 | 抓取元数据入库]] 🔍 [DB] 番号 [ATID-456] 详情已存库 (网页暂无可用磁力，已开启 30 天新片追查模式)
[2026-08-11 22:52:06] [INFO] [javdb_scraper.py:196] - 🔎 [35/608] 抓取详情: ATID-489 (https://javdb.com/v/O0QAz)
[2026-08-11 22:52:06] [INFO] [server.py:588] - [全量订阅演员一条龙 [全量翻页 | 抓取元数据入库]] 🔎 [35/608] 抓取详情: ATID-489 (https://javdb.com/v/O0QAz)
[2026-08-11 22:52:09] [INFO] [javdb_scraper.py:196] - 🔍 [DB] 番号 [ATID-489] 详情已存库 (网页暂无可用磁力，已开启 30 天新片追查模式)
[2026-08-11 22:52:09] [INFO] [server.py:588] - [全量订阅演员一条龙 [全量翻页 | 抓取元数据入库]] 🔍 [DB] 番号 [ATID-489] 详情已存库 (网页暂无可用磁力，已开启 30 天新片追查模式)
[2026-08-11 22:52:09] [INFO] [javdb_scraper.py:196] - 🔎 [36/608] 抓取详情: ATID-495 (https://javdb.com/v/Z1zxJ)
[2026-08-11 22:52:09] [INFO] [server.py:588] - [全量订阅演员一条龙 [全量翻页 | 抓取元数据入库]] 🔎 [36/608] 抓取详情: ATID-495 (https://javdb.com/v/Z1zxJ)
[2026-08-11 22:52:12] [INFO] [javdb_scraper.py:196] - 🔍 [DB] 番号 [ATID-495] 详情已存库 (网页暂无可用磁力，已开启 30 天新片追查模式)
[2026-08-11 22:52:12] [INFO] [server.py:588] - [全量订阅演员一条龙 [全量翻页 | 抓取元数据入库]] 🔍 [DB] 番号 [ATID-495] 详情已存库 (网页暂无可用磁力，已开启 30 天新片追查模式)
[2026-08-11 22:52:12] [INFO] [javdb_scraper.py:196] - 🔎 [37/608] 抓取详情: ATID-522 (https://javdb.com/v/nee8KX)
[2026-08-11 22:52:12] [INFO] [server.py:588] - [全量订阅演员一条龙 [全量翻页 | 抓取元数据入库]] 🔎 [37/608] 抓取详情: ATID-522 (https://javdb.com/v/nee8KX)
[2026-08-11 22:52:14] [INFO] [javdb_scraper.py:196] - 🔍 [DB] 番号 [ATID-522] 详情已存库 (网页暂无可用磁力，已开启 30 天新片追查模式)
[2026-08-11 22:52:14] [INFO] [server.py:588] - [全量订阅演员一条龙 [全量翻页 | 抓取元数据入库]] 🔍 [DB] 番号 [ATID-522] 详情已存库 (网页暂无可用磁力，已开启 30 天新片追查模式)
[2026-08-11 22:52:14] [INFO] [javdb_scraper.py:196] - 🔎 [38/608] 抓取详情: ATKD-278 (https://javdb.com/v/xDyBQ)
[2026-08-11 22:52:14] [INFO] [server.py:588] - [全量订阅演员一条龙 [全量翻页 | 抓取元数据入库]] 🔎 [38/608] 抓取详情: ATKD-278 (https://javdb.com/v/xDyBQ)
[2026-08-11 22:52:17] [INFO] [javdb_scraper.py:196] - 🔍 [DB] 番号 [ATKD-278] 详情已存库 (网页暂无可用磁力，已开启 30 天新片追查模式)
[2026-08-11 22:52:17] [INFO] [server.py:588] - [全量订阅演员一条龙 [全量翻页 | 抓取元数据入库]] 🔍 [DB] 番号 [ATKD-278] 详情已存库 (网页暂无可用磁力，已开启 30 天新片追查模式)
[2026-08-11 22:52:17] [INFO] [javdb_scraper.py:196] - 🔎 [39/608] 抓取详情: ATKD-290 (https://javdb.com/v/8EBwd)
[2026-08-11 22:52:17] [INFO] [server.py:588] - [全量订阅演员一条龙 [全量翻页 | 抓取元数据入库]] 🔎 [39/608] 抓取详情: ATKD-290 (https://javdb.com/v/8EBwd)
[2026-08-11 22:52:20] [INFO] [javdb_scraper.py:196] - 🔍 [DB] 番号 [ATKD-290] 详情已存库 (网页暂无可用磁力，已开启 30 天新片追查模式)
[2026-08-11 22:52:20] [INFO] [server.py:588] - [全量订阅演员一条龙 [全量翻页 | 抓取元数据入库]] 🔍 [DB] 番号 [ATKD-290] 详情已存库 (网页暂无可用磁力，已开启 30 天新片追查模式)
[2026-08-11 22:52:20] [INFO] [javdb_scraper.py:196] - 🔎 [40/608] 抓取详情: ATKD-293 (https://javdb.com/v/1ywnJ)
[2026-08-11 22:52:20] [INFO] [server.py:588] - [全量订阅演员一条龙 [全量翻页 | 抓取元数据入库]] 🔎 [40/608] 抓取详情: ATKD-293 (https://javdb.com/v/1ywnJ)
[2026-08-11 22:52:23] [INFO] [javdb_scraper.py:196] - 🔍 [DB] 番号 [ATKD-293] 详情已存库 (网页暂无可用磁力，已开启 30 天新片追查模式)
[2026-08-11 22:52:23] [INFO] [server.py:588] - [全量订阅演员一条龙 [全量翻页 | 抓取元数据入库]] 🔍 [DB] 番号 [ATKD-293] 详情已存库 (网页暂无可用磁力，已开启 30 天新片追查模式)
[2026-08-11 22:52:23] [INFO] [javdb_scraper.py:196] - 🔎 [41/608] 抓取详情: ATKD-299 (https://javdb.com/v/gQRrg)
[2026-08-11 22:52:23] [INFO] [server.py:588] - [全量订阅演员一条龙 [全量翻页 | 抓取元数据入库]] 🔎 [41/608] 抓取详情: ATKD-299 (https://javdb.com/v/gQRrg)
[2026-08-11 22:52:25] [INFO] [javdb_scraper.py:196] - 🔍 [DB] 番号 [ATKD-299] 详情已存库 (网页暂无可用磁力，已开启 30 天新片追查模式)
[2026-08-11 22:52:25] [INFO] [server.py:588] - [全量订阅演员一条龙 [全量翻页 | 抓取元数据入库]] 🔍 [DB] 番号 [ATKD-299] 详情已存库 (网页暂无可用磁力，已开启 30 天新片追查模式)
[2026-08-11 22:52:25] [INFO] [javdb_scraper.py:196] - 🔎 [42/608] 抓取详情: ATKD-301 (https://javdb.com/v/e7XbR)
[2026-08-11 22:52:25] [INFO] [server.py:588] - [全量订阅演员一条龙 [全量翻页 | 抓取元数据入库]] 🔎 [42/608] 抓取详情: ATKD-301 (https://javdb.com/v/e7XbR)
[2026-08-11 22:52:28] [INFO] [javdb_scraper.py:196] - 🔍 [DB] 番号 [ATKD-301] 详情已存库 (网页暂无可用磁力，已开启 30 天新片追查模式)
[2026-08-11 22:52:28] [INFO] [server.py:588] - [全量订阅演员一条龙 [全量翻页 | 抓取元数据入库]] 🔍 [DB] 番号 [ATKD-301] 详情已存库 (网页暂无可用磁力，已开启 30 天新片追查模式)
[2026-08-11 22:52:28] [INFO] [javdb_scraper.py:196] - 🔎 [43/608] 抓取详情: ATKD-306 (https://javdb.com/v/3NxED)
[2026-08-11 22:52:28] [INFO] [server.py:588] - [全量订阅演员一条龙 [全量翻页 | 抓取元数据入库]] 🔎 [43/608] 抓取详情: ATKD-306 (https://javdb.com/v/3NxED)
[2026-08-11 22:52:30] [INFO] [javdb_scraper.py:196] - 🔍 [DB] 番号 [ATKD-306] 详情已存库 (网页暂无可用磁力，已开启 30 天新片追查模式)
[2026-08-11 22:52:30] [INFO] [server.py:588] - [全量订阅演员一条龙 [全量翻页 | 抓取元数据入库]] 🔍 [DB] 番号 [ATKD-306] 详情已存库 (网页暂无可用磁力，已开启 30 天新片追查模式)
[2026-08-11 22:52:30] [INFO] [javdb_scraper.py:196] - 🔎 [44/608] 抓取详情: ATKD-311 (https://javdb.com/v/9GmwE)
[2026-08-11 22:52:30] [INFO] [server.py:588] - [全量订阅演员一条龙 [全量翻页 | 抓取元数据入库]] 🔎 [44/608] 抓取详情: ATKD-311 (https://javdb.com/v/9GmwE)
[2026-08-11 22:52:33] [INFO] [javdb_scraper.py:196] - 🔍 [DB] 番号 [ATKD-311] 详情已存库 (网页暂无可用磁力，已开启 30 天新片追查模式)
[2026-08-11 22:52:33] [INFO] [server.py:588] - [全量订阅演员一条龙 [全量翻页 | 抓取元数据入库]] 🔍 [DB] 番号 [ATKD-311] 详情已存库 (网页暂无可用磁力，已开启 30 天新片追查模式)
[2026-08-11 22:52:33] [INFO] [javdb_scraper.py:196] - 🔎 [45/608] 抓取详情: ATKD-315 (https://javdb.com/v/vQnwp)
[2026-08-11 22:52:33] [INFO] [server.py:588] - [全量订阅演员一条龙 [全量翻页 | 抓取元数据入库]] 🔎 [45/608] 抓取详情: ATKD-315 (https://javdb.com/v/vQnwp)
[2026-08-11 22:52:36] [INFO] [javdb_scraper.py:196] - 🔍 [DB] 番号 [ATKD-315] 详情已存库 (网页暂无可用磁力，已开启 30 天新片追查模式)
[2026-08-11 22:52:36] [INFO] [server.py:588] - [全量订阅演员一条龙 [全量翻页 | 抓取元数据入库]] 🔍 [DB] 番号 [ATKD-315] 详情已存库 (网页暂无可用磁力，已开启 30 天新片追查模式)
[2026-08-11 22:52:36] [INFO] [javdb_scraper.py:196] - 🔎 [46/608] 抓取详情: ATKD-316 (https://javdb.com/v/DQRG5)
[2026-08-11 22:52:36] [INFO] [server.py:588] - [全量订阅演员一条龙 [全量翻页 | 抓取元数据入库]] 🔎 [46/608] 抓取详情: ATKD-316 (https://javdb.com/v/DQRG5)
[2026-08-11 22:52:39] [INFO] [javdb_scraper.py:196] - 🔍 [DB] 番号 [ATKD-316] 详情已存库 (网页暂无可用磁力，已开启 30 天新片追查模式)
[2026-08-11 22:52:39] [INFO] [server.py:588] - [全量订阅演员一条龙 [全量翻页 | 抓取元数据入库]] 🔍 [DB] 番号 [ATKD-316] 详情已存库 (网页暂无可用磁力，已开启 30 天新片追查模式)
[2026-08-11 22:52:39] [INFO] [javdb_scraper.py:196] - 🔎 [47/608] 抓取详情: ATKD-329 (https://javdb.com/v/dazX8)
[2026-08-11 22:52:39] [INFO] [server.py:588] - [全量订阅演员一条龙 [全量翻页 | 抓取元数据入库]] 🔎 [47/608] 抓取详情: ATKD-329 (https://javdb.com/v/dazX8)
[2026-08-11 22:52:41] [INFO] [javdb_scraper.py:196] - 🔍 [DB] 番号 [ATKD-329] 详情已存库 (网页暂无可用磁力，已开启 30 天新片追查模式)
[2026-08-11 22:52:41] [INFO] [server.py:588] - [全量订阅演员一条龙 [全量翻页 | 抓取元数据入库]] 🔍 [DB] 番号 [ATKD-329] 详情已存库 (网页暂无可用磁力，已开启 30 天新片追查模式)
[2026-08-11 22:52:41] [INFO] [javdb_scraper.py:196] - 🔎 [48/608] 抓取详情: ATKD-343 (https://javdb.com/v/xvb20Q)
[2026-08-11 22:52:41] [INFO] [server.py:588] - [全量订阅演员一条龙 [全量翻页 | 抓取元数据入库]] 🔎 [48/608] 抓取详情: ATKD-343 (https://javdb.com/v/xvb20Q)
[2026-08-11 22:52:44] [INFO] [javdb_scraper.py:196] - 🔍 [DB] 番号 [ATKD-343] 详情已存库 (网页暂无可用磁力，已开启 30 天新片追查模式)
[2026-08-11 22:52:44] [INFO] [server.py:588] - [全量订阅演员一条龙 [全量翻页 | 抓取元数据入库]] 🔍 [DB] 番号 [ATKD-343] 详情已存库 (网页暂无可用磁力，已开启 30 天新片追查模式)
[2026-08-11 22:52:44] [INFO] [javdb_scraper.py:196] - 🔎 [49/608] 抓取详情: ATKD-350 (https://javdb.com/v/mekAaM)
[2026-08-11 22:52:44] [INFO] [server.py:588] - [全量订阅演员一条龙 [全量翻页 | 抓取元数据入库]] 🔎 [49/608] 抓取详情: ATKD-350 (https://javdb.com/v/mekAaM)
[2026-08-11 22:52:46] [INFO] [javdb_scraper.py:196] - 🔍 [DB] 番号 [ATKD-350] 详情已存库 (网页暂无可用磁力，已开启 30 天新片追查模式)
[2026-08-11 22:52:46] [INFO] [server.py:588] - [全量订阅演员一条龙 [全量翻页 | 抓取元数据入库]] 🔍 [DB] 番号 [ATKD-350] 详情已存库 (网页暂无可用磁力，已开启 30 天新片追查模式)
[2026-08-11 22:52:46] [INFO] [javdb_scraper.py:196] - 🔎 [50/608] 抓取详情: ATKD-356 (https://javdb.com/v/meBWkn)
[2026-08-11 22:52:46] [INFO] [server.py:588] - [全量订阅演员一条龙 [全量翻页 | 抓取元数据入库]] 🔎 [50/608] 抓取详情: ATKD-356 (https://javdb.com/v/meBWkn)
[2026-08-11 22:52:49] [INFO] [javdb_scraper.py:196] - 🔍 [DB] 番号 [ATKD-356] 详情已存库 (网页暂无可用磁力，已开启 30 天新片追查模式)
[2026-08-11 22:52:49] [INFO] [server.py:588] - [全量订阅演员一条龙 [全量翻页 | 抓取元数据入库]] 🔍 [DB] 番号 [ATKD-356] 详情已存库 (网页暂无可用磁力，已开启 30 天新片追查模式)
[2026-08-11 22:52:49] [INFO] [javdb_scraper.py:196] - 🔎 [51/608] 抓取详情: ATKD-357 (https://javdb.com/v/AzYBvy)
[2026-08-11 22:52:49] [INFO] [server.py:588] - [全量订阅演员一条龙 [全量翻页 | 抓取元数据入库]] 🔎 [51/608] 抓取详情: ATKD-357 (https://javdb.com/v/AzYBvy)
[2026-08-11 22:52:52] [INFO] [javdb_scraper.py:196] - 🔍 [DB] 番号 [ATKD-357] 详情已存库 (网页暂无可用磁力，已开启 30 天新片追查模式)
[2026-08-11 22:52:52] [INFO] [server.py:588] - [全量订阅演员一条龙 [全量翻页 | 抓取元数据入库]] 🔍 [DB] 番号 [ATKD-357] 详情已存库 (网页暂无可用磁力，已开启 30 天新片追查模式)
[2026-08-11 22:52:52] [INFO] [javdb_scraper.py:196] - 🔎 [52/608] 抓取详情: ATKD-359 (https://javdb.com/v/GMaBgq)
[2026-08-11 22:52:52] [INFO] [server.py:588] - [全量订阅演员一条龙 [全量翻页 | 抓取元数据入库]] 🔎 [52/608] 抓取详情: ATKD-359 (https://javdb.com/v/GMaBgq)
[2026-08-11 22:52:54] [INFO] [javdb_scraper.py:196] - 🔍 [DB] 番号 [ATKD-359] 详情已存库 (网页暂无可用磁力，已开启 30 天新片追查模式)
[2026-08-11 22:52:54] [INFO] [server.py:588] - [全量订阅演员一条龙 [全量翻页 | 抓取元数据入库]] 🔍 [DB] 番号 [ATKD-359] 详情已存库 (网页暂无可用磁力，已开启 30 天新片追查模式)
[2026-08-11 22:52:54] [INFO] [javdb_scraper.py:196] - 🔎 [53/608] 抓取详情: ATKD-362 (https://javdb.com/v/2aeXaB)
[2026-08-11 22:52:54] [INFO] [server.py:588] - [全量订阅演员一条龙 [全量翻页 | 抓取元数据入库]] 🔎 [53/608] 抓取详情: ATKD-362 (https://javdb.com/v/2aeXaB)
[2026-08-11 22:52:58] [INFO] [javdb_scraper.py:196] - 🔍 [DB] 番号 [ATKD-362] 详情已存库 (网页暂无可用磁力，已开启 30 天新片追查模式)
[2026-08-11 22:52:58] [INFO] [server.py:588] - [全量订阅演员一条龙 [全量翻页 | 抓取元数据入库]] 🔍 [DB] 番号 [ATKD-362] 详情已存库 (网页暂无可用磁力，已开启 30 天新片追查模式)
[2026-08-11 22:52:58] [INFO] [javdb_scraper.py:196] - 🔎 [54/608] 抓取详情: ATKD-364 (https://javdb.com/v/2aekDZ)
[2026-08-11 22:52:58] [INFO] [server.py:588] - [全量订阅演员一条龙 [全量翻页 | 抓取元数据入库]] 🔎 [54/608] 抓取详情: ATKD-364 (https://javdb.com/v/2aekDZ)
[2026-08-11 22:53:00] [INFO] [javdb_scraper.py:196] - 🔍 [DB] 番号 [ATKD-364] 详情已存库 (网页暂无可用磁力，已开启 30 天新片追查模式)
[2026-08-11 22:53:00] [INFO] [server.py:588] - [全量订阅演员一条龙 [全量翻页 | 抓取元数据入库]] 🔍 [DB] 番号 [ATKD-364] 详情已存库 (网页暂无可用磁力，已开启 30 天新片追查模式)
[2026-08-11 22:53:00] [INFO] [javdb_scraper.py:196] - 🔎 [55/608] 抓取详情: ATKD-377 (https://javdb.com/v/QNN259)
[2026-08-11 22:53:00] [INFO] [server.py:588] - [全量订阅演员一条龙 [全量翻页 | 抓取元数据入库]] 🔎 [55/608] 抓取详情: ATKD-377 (https://javdb.com/v/QNN259)
[2026-08-11 22:53:02] [INFO] [javdb_scraper.py:196] - 🔍 [DB] 番号 [ATKD-377] 详情已存库 (网页暂无可用磁力，已开启 30 天新片追查模式)
[2026-08-11 22:53:02] [INFO] [server.py:588] - [全量订阅演员一条龙 [全量翻页 | 抓取元数据入库]] 🔍 [DB] 番号 [ATKD-377] 详情已存库 (网页暂无可用磁力，已开启 30 天新片追查模式)
[2026-08-11 22:53:02] [INFO] [javdb_scraper.py:196] - 🔎 [56/608] 抓取详情: ATKD-381 (https://javdb.com/v/RkkMpp)
[2026-08-11 22:53:02] [INFO] [server.py:588] - [全量订阅演员一条龙 [全量翻页 | 抓取元数据入库]] 🔎 [56/608] 抓取详情: ATKD-381 (https://javdb.com/v/RkkMpp)
[2026-08-11 22:53:05] [INFO] [javdb_scraper.py:196] - 🔍 [DB] 番号 [ATKD-381] 详情已存库 (网页暂无可用磁力，已开启 30 天新片追查模式)
[2026-08-11 22:53:05] [INFO] [server.py:588] - [全量订阅演员一条龙 [全量翻页 | 抓取元数据入库]] 🔍 [DB] 番号 [ATKD-381] 详情已存库 (网页暂无可用磁力，已开启 30 天新片追查模式)
[2026-08-11 22:53:05] [INFO] [javdb_scraper.py:196] - 🔎 [57/608] 抓取详情: ATKD-384 (https://javdb.com/v/QNNBm4)
[2026-08-11 22:53:05] [INFO] [server.py:588] - [全量订阅演员一条龙 [全量翻页 | 抓取元数据入库]] 🔎 [57/608] 抓取详情: ATKD-384 (https://javdb.com/v/QNNBm4)
[2026-08-11 22:53:08] [INFO] [javdb_scraper.py:196] - 🔍 [DB] 番号 [ATKD-384] 详情已存库 (网页暂无可用磁力，已开启 30 天新片追查模式)
[2026-08-11 22:53:08] [INFO] [server.py:588] - [全量订阅演员一条龙 [全量翻页 | 抓取元数据入库]] 🔍 [DB] 番号 [ATKD-384] 详情已存库 (网页暂无可用磁力，已开启 30 天新片追查模式)
[2026-08-11 22:53:08] [INFO] [javdb_scraper.py:196] - 🔎 [58/608] 抓取详情: ATKD-386 (https://javdb.com/v/KknQXP)
[2026-08-11 22:53:08] [INFO] [server.py:588] - [全量订阅演员一条龙 [全量翻页 | 抓取元数据入库]] 🔎 [58/608] 抓取详情: ATKD-386 (https://javdb.com/v/KknQXP)
[2026-08-11 22:53:11] [INFO] [javdb_scraper.py:196] - 🔍 [DB] 番号 [ATKD-386] 详情已存库 (网页暂无可用磁力，已开启 30 天新片追查模式)
[2026-08-11 22:53:11] [INFO] [server.py:588] - [全量订阅演员一条龙 [全量翻页 | 抓取元数据入库]] 🔍 [DB] 番号 [ATKD-386] 详情已存库 (网页暂无可用磁力，已开启 30 天新片追查模式)
[2026-08-11 22:53:11] [INFO] [javdb_scraper.py:196] - 🔎 [59/608] 抓取详情: ATKD-409 (https://javdb.com/v/3nE8g9)
[2026-08-11 22:53:11] [INFO] [server.py:588] - [全量订阅演员一条龙 [全量翻页 | 抓取元数据入库]] 🔎 [59/608] 抓取详情: ATKD-409 (https://javdb.com/v/3nE8g9)
[2026-08-11 22:53:14] [INFO] [javdb_scraper.py:196] - 🔍 [DB] 番号 [ATKD-409] 详情已存库 (网页暂无可用磁力，已开启 30 天新片追查模式)
[2026-08-11 22:53:14] [INFO] [server.py:588] - [全量订阅演员一条龙 [全量翻页 | 抓取元数据入库]] 🔍 [DB] 番号 [ATKD-409] 详情已存库 (网页暂无可用磁力，已开启 30 天新片追查模式)
[2026-08-11 22:53:14] [INFO] [javdb_scraper.py:196] - 🔎 [60/608] 抓取详情: ATKD-411 (https://javdb.com/v/829Vw9)
[2026-08-11 22:53:14] [INFO] [server.py:588] - [全量订阅演员一条龙 [全量翻页 | 抓取元数据入库]] 🔎 [60/608] 抓取详情: ATKD-411 (https://javdb.com/v/829Vw9)
[2026-08-11 22:53:16] [INFO] [javdb_scraper.py:196] - 🔍 [DB] 番号 [ATKD-411] 详情已存库 (网页暂无可用磁力，已开启 30 天新片追查模式)
[2026-08-11 22:53:16] [INFO] [server.py:588] - [全量订阅演员一条龙 [全量翻页 | 抓取元数据入库]] 🔍 [DB] 番号 [ATKD-411] 详情已存库 (网页暂无可用磁力，已开启 30 天新片追查模式)
[2026-08-11 22:53:16] [INFO] [javdb_scraper.py:196] - 🔎 [61/608] 抓取详情: ATKD-422 (https://javdb.com/v/z4b9pb)
[2026-08-11 22:53:16] [INFO] [server.py:588] - [全量订阅演员一条龙 [全量翻页 | 抓取元数据入库]] 🔎 [61/608] 抓取详情: ATKD-422 (https://javdb.com/v/z4b9pb)
[2026-08-11 22:53:19] [INFO] [javdb_scraper.py:196] - 🔍 [DB] 番号 [ATKD-422] 详情已存库 (网页暂无可用磁力，已开启 30 天新片追查模式)
[2026-08-11 22:53:19] [INFO] [server.py:588] - [全量订阅演员一条龙 [全量翻页 | 抓取元数据入库]] 🔍 [DB] 番号 [ATKD-422] 详情已存库 (网页暂无可用磁力，已开启 30 天新片追查模式)
[2026-08-11 22:53:19] [INFO] [javdb_scraper.py:196] - 🔎 [62/608] 抓取详情: ATKD-429 (https://javdb.com/v/Yw3y2x)
[2026-08-11 22:53:19] [INFO] [server.py:588] - [全量订阅演员一条龙 [全量翻页 | 抓取元数据入库]] 🔎 [62/608] 抓取详情: ATKD-429 (https://javdb.com/v/Yw3y2x)
[2026-08-11 22:53:23] [INFO] [javdb_scraper.py:196] - 🔍 [DB] 番号 [ATKD-429] 详情已存库 (网页暂无可用磁力，已开启 30 天新片追查模式)
[2026-08-11 22:53:23] [INFO] [server.py:588] - [全量订阅演员一条龙 [全量翻页 | 抓取元数据入库]] 🔍 [DB] 番号 [ATKD-429] 详情已存库 (网页暂无可用磁力，已开启 30 天新片追查模式)
[2026-08-11 22:53:23] [INFO] [javdb_scraper.py:196] - 🔎 [63/608] 抓取详情: ATKD-434 (https://javdb.com/v/Rk6x5K)
[2026-08-11 22:53:23] [INFO] [server.py:588] - [全量订阅演员一条龙 [全量翻页 | 抓取元数据入库]] 🔎 [63/608] 抓取详情: ATKD-434 (https://javdb.com/v/Rk6x5K)
[2026-08-11 22:53:26] [INFO] [javdb_scraper.py:196] - 🔍 [DB] 番号 [ATKD-434] 详情已存库 (网页暂无可用磁力，已开启 30 天新片追查模式)
[2026-08-11 22:53:26] [INFO] [server.py:588] - [全量订阅演员一条龙 [全量翻页 | 抓取元数据入库]] 🔍 [DB] 番号 [ATKD-434] 详情已存库 (网页暂无可用磁力，已开启 30 天新片追查模式)
[2026-08-11 22:53:26] [INFO] [javdb_scraper.py:196] - 🔎 [64/608] 抓取详情: ATKD-435 (https://javdb.com/v/deq4n8)
[2026-08-11 22:53:26] [INFO] [server.py:588] - [全量订阅演员一条龙 [全量翻页 | 抓取元数据入库]] 🔎 [64/608] 抓取详情: ATKD-435 (https://javdb.com/v/deq4n8)
[2026-08-11 22:53:28] [INFO] [javdb_scraper.py:196] - 🔍 [DB] 番号 [ATKD-435] 详情已存库 (网页暂无可用磁力，已开启 30 天新片追查模式)
[2026-08-11 22:53:28] [INFO] [server.py:588] - [全量订阅演员一条龙 [全量翻页 | 抓取元数据入库]] 🔍 [DB] 番号 [ATKD-435] 详情已存库 (网页暂无可用磁力，已开启 30 天新片追查模式)
[2026-08-11 22:53:28] [INFO] [javdb_scraper.py:196] - 🔎 [65/608] 抓取详情: ATVR-010 (https://javdb.com/v/OKRBy)
[2026-08-11 22:53:28] [INFO] [server.py:588] - [全量订阅演员一条龙 [全量翻页 | 抓取元数据入库]] 🔎 [65/608] 抓取详情: ATVR-010 (https://javdb.com/v/OKRBy)
[2026-08-11 22:53:30] [INFO] [javdb_scraper.py:196] - 🔍 [DB] 番号 [ATVR-010] 详情已存库 (网页暂无可用磁力，已开启 30 天新片追查模式)
[2026-08-11 22:53:30] [INFO] [server.py:588] - [全量订阅演员一条龙 [全量翻页 | 抓取元数据入库]] 🔍 [DB] 番号 [ATVR-010] 详情已存库 (网页暂无可用磁力，已开启 30 天新片追查模式)
[2026-08-11 22:53:30] [INFO] [javdb_scraper.py:196] - 🔎 [66/608] 抓取详情: ATVR-012 (https://javdb.com/v/pPZd9)
[2026-08-11 22:53:30] [INFO] [server.py:588] - [全量订阅演员一条龙 [全量翻页 | 抓取元数据入库]] 🔎 [66/608] 抓取详情: ATVR-012 (https://javdb.com/v/pPZd9)
[2026-08-11 22:53:33] [INFO] [javdb_scraper.py:196] - 🔍 [DB] 番号 [ATVR-012] 详情已存库 (网页暂无可用磁力，已开启 30 天新片追查模式)
[2026-08-11 22:53:33] [INFO] [server.py:588] - [全量订阅演员一条龙 [全量翻页 | 抓取元数据入库]] 🔍 [DB] 番号 [ATVR-012] 详情已存库 (网页暂无可用磁力，已开启 30 天新片追查模式)
[2026-08-11 22:53:33] [INFO] [javdb_scraper.py:196] - 🔎 [67/608] 抓取详情: ATVR-020 (https://javdb.com/v/0dkeE)
[2026-08-11 22:53:33] [INFO] [server.py:588] - [全量订阅演员一条龙 [全量翻页 | 抓取元数据入库]] 🔎 [67/608] 抓取详情: ATVR-020 (https://javdb.com/v/0dkeE)
[2026-08-11 22:53:35] [INFO] [javdb_scraper.py:196] - 🔍 [DB] 番号 [ATVR-020] 详情已存库 (网页暂无可用磁力，已开启 30 天新片追查模式)
[2026-08-11 22:53:35] [INFO] [server.py:588] - [全量订阅演员一条龙 [全量翻页 | 抓取元数据入库]] 🔍 [DB] 番号 [ATVR-020] 详情已存库 (网页暂无可用磁力，已开启 30 天新片追查模式)
[2026-08-11 22:53:35] [INFO] [javdb_scraper.py:196] - 🔎 [68/608] 抓取详情: ATVR-022 (https://javdb.com/v/ZdW9A)
[2026-08-11 22:53:35] [INFO] [server.py:588] - [全量订阅演员一条龙 [全量翻页 | 抓取元数据入库]] 🔎 [68/608] 抓取详情: ATVR-022 (https://javdb.com/v/ZdW9A)
[2026-08-11 22:53:37] [INFO] [javdb_scraper.py:196] - 🔍 [DB] 番号 [ATVR-022] 详情已存库 (网页暂无可用磁力，已开启 30 天新片追查模式)
[2026-08-11 22:53:37] [INFO] [server.py:588] - [全量订阅演员一条龙 [全量翻页 | 抓取元数据入库]] 🔍 [DB] 番号 [ATVR-022] 详情已存库 (网页暂无可用磁力，已开启 30 天新片追查模式)
[2026-08-11 22:53:37] [INFO] [javdb_scraper.py:196] - 🔎 [69/608] 抓取详情: ATVR-025 (https://javdb.com/v/bO6eE)
[2026-08-11 22:53:37] [INFO] [server.py:588] - [全量订阅演员一条龙 [全量翻页 | 抓取元数据入库]] 🔎 [69/608] 抓取详情: ATVR-025 (https://javdb.com/v/bO6eE)
[2026-08-11 22:53:40] [INFO] [javdb_scraper.py:196] - 🔍 [DB] 番号 [ATVR-025] 详情已存库 (网页暂无可用磁力，已开启 30 天新片追查模式)
[2026-08-11 22:53:40] [INFO] [server.py:588] - [全量订阅演员一条龙 [全量翻页 | 抓取元数据入库]] 🔍 [DB] 番号 [ATVR-025] 详情已存库 (网页暂无可用磁力，已开启 30 天新片追查模式)
[2026-08-11 22:53:40] [INFO] [javdb_scraper.py:196] - 🔎 [70/608] 抓取详情: BAGBD-068 (https://javdb.com/v/mezVD)
[2026-08-11 22:53:40] [INFO] [server.py:588] - [全量订阅演员一条龙 [全量翻页 | 抓取元数据入库]] 🔎 [70/608] 抓取详情: BAGBD-068 (https://javdb.com/v/mezVD)
[2026-08-11 22:53:42] [INFO] [javdb_scraper.py:196] - 🔍 [DB] 番号 [BAGBD-068] 详情已存库 (网页暂无可用磁力，已开启 30 天新片追查模式)
[2026-08-11 22:53:42] [INFO] [server.py:588] - [全量订阅演员一条龙 [全量翻页 | 抓取元数据入库]] 🔍 [DB] 番号 [BAGBD-068] 详情已存库 (网页暂无可用磁力，已开启 30 天新片追查模式)
[2026-08-11 22:53:42] [INFO] [javdb_scraper.py:196] - 🔎 [71/608] 抓取详情: BGRP-024 (https://javdb.com/v/d4VB5)
[2026-08-11 22:53:42] [INFO] [server.py:588] - [全量订阅演员一条龙 [全量翻页 | 抓取元数据入库]] 🔎 [71/608] 抓取详情: BGRP-024 (https://javdb.com/v/d4VB5)
[2026-08-11 22:53:44] [INFO] [javdb_scraper.py:196] - 🔍 [DB] 番号 [BGRP-024] 详情已存库 (网页暂无可用磁力，已开启 30 天新片追查模式)
[2026-08-11 22:53:44] [INFO] [server.py:588] - [全量订阅演员一条龙 [全量翻页 | 抓取元数据入库]] 🔍 [DB] 番号 [BGRP-024] 详情已存库 (网页暂无可用磁力，已开启 30 天新片追查模式)
[2026-08-11 22:53:44] [INFO] [javdb_scraper.py:196] - 🔎 [72/608] 抓取详情: BGSD-388 (https://javdb.com/v/RdZe8)
[2026-08-11 22:53:44] [INFO] [server.py:588] - [全量订阅演员一条龙 [全量翻页 | 抓取元数据入库]] 🔎 [72/608] 抓取详情: BGSD-388 (https://javdb.com/v/RdZe8)
[2026-08-11 22:53:47] [INFO] [javdb_scraper.py:196] - 🔍 [DB] 番号 [BGSD-388] 详情已存库 (网页暂无可用磁力，已开启 30 天新片追查模式)
[2026-08-11 22:53:47] [INFO] [server.py:588] - [全量订阅演员一条龙 [全量翻页 | 抓取元数据入库]] 🔍 [DB] 番号 [BGSD-388] 详情已存库 (网页暂无可用磁力，已开启 30 天新片追查模式)
[2026-08-11 22:53:47] [INFO] [javdb_scraper.py:196] - 🔎 [73/608] 抓取详情: DGRP-024 (https://javdb.com/v/B85e9)
[2026-08-11 22:53:47] [INFO] [server.py:588] - [全量订阅演员一条龙 [全量翻页 | 抓取元数据入库]] 🔎 [73/608] 抓取详情: DGRP-024 (https://javdb.com/v/B85e9)
[2026-08-11 22:53:50] [INFO] [javdb_scraper.py:196] - 🔍 [DB] 番号 [DGRP-024] 详情已存库 (网页暂无可用磁力，已开启 30 天新片追查模式)
[2026-08-11 22:53:50] [INFO] [server.py:588] - [全量订阅演员一条龙 [全量翻页 | 抓取元数据入库]] 🔍 [DB] 番号 [DGRP-024] 详情已存库 (网页暂无可用磁力，已开启 30 天新片追查模式)
[2026-08-11 22:53:50] [INFO] [javdb_scraper.py:196] - 🔎 [74/608] 抓取详情: FC2-1713108 (https://javdb.com/v/vQnGk)
[2026-08-11 22:53:50] [INFO] [server.py:588] - [全量订阅演员一条龙 [全量翻页 | 抓取元数据入库]] 🔎 [74/608] 抓取详情: FC2-1713108 (https://javdb.com/v/vQnGk)
[2026-08-11 22:53:53] [WARNING] [javdb_scraper.py:195] - 🔒 [Paywall Guard] 番号 [FC2-1713108] 触发 VIP 权限限制重定向 (https://javdb.com/plans/ypay)，标记为已尝试，以后不再重复抓取。
[2026-08-11 22:53:53] [INFO] [server.py:588] - [全量订阅演员一条龙 [全量翻页 | 抓取元数据入库]] 🔒 [Paywall Guard] 番号 [FC2-1713108] 触发 VIP 权限限制重定向 (https://javdb.com/plans/ypay)，标记为已尝试，以后不再重复抓取。
[2026-08-11 22:53:53] [INFO] [javdb_scraper.py:655] - 🔒 [DB] 番号 [FC2-1713108] 已标记为 is_vip_blocked = 1 (自动在前端海报墙隐匿，且防止重复探寻)
[2026-08-11 22:53:53] [INFO] [javdb_scraper.py:196] - 🔎 [75/608] 抓取详情: FC2-1723921 (https://javdb.com/v/4nQga)
[2026-08-11 22:53:53] [INFO] [server.py:588] - [全量订阅演员一条龙 [全量翻页 | 抓取元数据入库]] 🔎 [75/608] 抓取详情: FC2-1723921 (https://javdb.com/v/4nQga)
[2026-08-11 22:53:56] [WARNING] [javdb_scraper.py:195] - 🔒 [Paywall Guard] 番号 [FC2-1723921] 触发 VIP 权限限制重定向 (https://javdb.com/plans/ypay)，标记为已尝试，以后不再重复抓取。
[2026-08-11 22:53:56] [INFO] [server.py:588] - [全量订阅演员一条龙 [全量翻页 | 抓取元数据入库]] 🔒 [Paywall Guard] 番号 [FC2-1723921] 触发 VIP 权限限制重定向 (https://javdb.com/plans/ypay)，标记为已尝试，以后不再重复抓取。
[2026-08-11 22:53:56] [INFO] [javdb_scraper.py:655] - 🔒 [DB] 番号 [FC2-1723921] 已标记为 is_vip_blocked = 1 (自动在前端海报墙隐匿，且防止重复探寻)
[2026-08-11 22:53:56] [INFO] [javdb_scraper.py:196] - 🔎 [76/608] 抓取详情: FC2-1933236 (https://javdb.com/v/YkEmD)
[2026-08-11 22:53:56] [INFO] [server.py:588] - [全量订阅演员一条龙 [全量翻页 | 抓取元数据入库]] 🔎 [76/608] 抓取详情: FC2-1933236 (https://javdb.com/v/YkEmD)
[2026-08-11 22:54:00] [WARNING] [javdb_scraper.py:195] - 🔒 [Paywall Guard] 番号 [FC2-1933236] 触发 VIP 权限限制重定向 (https://javdb.com/plans/ypay)，标记为已尝试，以后不再重复抓取。
[2026-08-11 22:54:00] [INFO] [server.py:588] - [全量订阅演员一条龙 [全量翻页 | 抓取元数据入库]] 🔒 [Paywall Guard] 番号 [FC2-1933236] 触发 VIP 权限限制重定向 (https://javdb.com/plans/ypay)，标记为已尝试，以后不再重复抓取。
[2026-08-11 22:54:00] [INFO] [javdb_scraper.py:655] - 🔒 [DB] 番号 [FC2-1933236] 已标记为 is_vip_blocked = 1 (自动在前端海报墙隐匿，且防止重复探寻)
[2026-08-11 22:54:00] [INFO] [javdb_scraper.py:196] - 🔎 [77/608] 抓取详情: FC2-2272916 (https://javdb.com/v/paw59)
[2026-08-11 22:54:00] [INFO] [server.py:588] - [全量订阅演员一条龙 [全量翻页 | 抓取元数据入库]] 🔎 [77/608] 抓取详情: FC2-2272916 (https://javdb.com/v/paw59)
[2026-08-11 22:54:03] [WARNING] [javdb_scraper.py:195] - 🔒 [Paywall Guard] 番号 [FC2-2272916] 触发 VIP 权限限制重定向 (https://javdb.com/plans/ypay)，标记为已尝试，以后不再重复抓取。
[2026-08-11 22:54:03] [INFO] [server.py:588] - [全量订阅演员一条龙 [全量翻页 | 抓取元数据入库]] 🔒 [Paywall Guard] 番号 [FC2-2272916] 触发 VIP 权限限制重定向 (https://javdb.com/plans/ypay)，标记为已尝试，以后不再重复抓取。
[2026-08-11 22:54:03] [INFO] [javdb_scraper.py:655] - 🔒 [DB] 番号 [FC2-2272916] 已标记为 is_vip_blocked = 1 (自动在前端海报墙隐匿，且防止重复探寻)
[2026-08-11 22:54:03] [INFO] [javdb_scraper.py:196] - 🔎 [78/608] 抓取详情: FNS-120 (https://javdb.com/v/pkD9wE)
[2026-08-11 22:54:03] [INFO] [server.py:588] - [全量订阅演员一条龙 [全量翻页 | 抓取元数据入库]] 🔎 [78/608] 抓取详情: FNS-120 (https://javdb.com/v/pkD9wE)
[2026-08-11 22:54:05] [INFO] [javdb_scraper.py:196] - 🔍 [DB] 番号 [FNS-120] 详情已存库 (网页暂无可用磁力，已开启 30 天新片追查模式)
[2026-08-11 22:54:05] [INFO] [server.py:588] - [全量订阅演员一条龙 [全量翻页 | 抓取元数据入库]] 🔍 [DB] 番号 [FNS-120] 详情已存库 (网页暂无可用磁力，已开启 30 天新片追查模式)
[2026-08-11 22:54:05] [INFO] [javdb_scraper.py:196] - 🔎 [79/608] 抓取详情: FNS-121 (https://javdb.com/v/KkqXO7)
[2026-08-11 22:54:05] [INFO] [server.py:588] - [全量订阅演员一条龙 [全量翻页 | 抓取元数据入库]] 🔎 [79/608] 抓取详情: FNS-121 (https://javdb.com/v/KkqXO7)
[2026-08-11 22:54:08] [INFO] [javdb_scraper.py:196] - 🔍 [DB] 番号 [FNS-121] 详情已存库 (网页暂无可用磁力，已开启 30 天新片追查模式)
[2026-08-11 22:54:08] [INFO] [server.py:588] - [全量订阅演员一条龙 [全量翻页 | 抓取元数据入库]] 🔍 [DB] 番号 [FNS-121] 详情已存库 (网页暂无可用磁力，已开启 30 天新片追查模式)
[2026-08-11 22:54:08] [INFO] [javdb_scraper.py:196] - 🔎 [80/608] 抓取详情: FNS-122 (https://javdb.com/v/OXrRN0)
[2026-08-11 22:54:08] [INFO] [server.py:588] - [全量订阅演员一条龙 [全量翻页 | 抓取元数据入库]] 🔎 [80/608] 抓取详情: FNS-122 (https://javdb.com/v/OXrRN0)
[2026-08-11 22:54:11] [INFO] [javdb_scraper.py:196] - 🔍 [DB] 番号 [FNS-122] 详情已存库 (网页暂无可用磁力，已开启 30 天新片追查模式)
[2026-08-11 22:54:11] [INFO] [server.py:588] - [全量订阅演员一条龙 [全量翻页 | 抓取元数据入库]] 🔍 [DB] 番号 [FNS-122] 详情已存库 (网页暂无可用磁力，已开启 30 天新片追查模式)
[2026-08-11 22:54:11] [INFO] [javdb_scraper.py:196] - 🔎 [81/608] 抓取详情: FNS-154 (https://javdb.com/v/V4VnyQ)
[2026-08-11 22:54:11] [INFO] [server.py:588] - [全量订阅演员一条龙 [全量翻页 | 抓取元数据入库]] 🔎 [81/608] 抓取详情: FNS-154 (https://javdb.com/v/V4VnyQ)
[2026-08-11 22:54:14] [INFO] [javdb_scraper.py:196] - 🔍 [DB] 番号 [FNS-154] 详情已存库 (网页暂无可用磁力，已开启 30 天新片追查模式)
[2026-08-11 22:54:14] [INFO] [server.py:588] - [全量订阅演员一条龙 [全量翻页 | 抓取元数据入库]] 🔍 [DB] 番号 [FNS-154] 详情已存库 (网页暂无可用磁力，已开启 30 天新片追查模式)
[2026-08-11 22:54:14] [INFO] [javdb_scraper.py:196] - 🔎 [82/608] 抓取详情: FNS-166 (https://javdb.com/v/z4bEz7)
[2026-08-11 22:54:14] [INFO] [server.py:588] - [全量订阅演员一条龙 [全量翻页 | 抓取元数据入库]] 🔎 [82/608] 抓取详情: FNS-166 (https://javdb.com/v/z4bEz7)
[2026-08-11 22:54:17] [INFO] [javdb_scraper.py:196] - 🔍 [DB] 番号 [FNS-166] 详情已存库 (网页暂无可用磁力，已开启 30 天新片追查模式)
[2026-08-11 22:54:17] [INFO] [server.py:588] - [全量订阅演员一条龙 [全量翻页 | 抓取元数据入库]] 🔍 [DB] 番号 [FNS-166] 详情已存库 (网页暂无可用磁力，已开启 30 天新片追查模式)
[2026-08-11 22:54:17] [INFO] [javdb_scraper.py:196] - 🔎 [83/608] 抓取详情: FNS-193 (https://javdb.com/v/2mr2Xy)
[2026-08-11 22:54:17] [INFO] [server.py:588] - [全量订阅演员一条龙 [全量翻页 | 抓取元数据入库]] 🔎 [83/608] 抓取详情: FNS-193 (https://javdb.com/v/2mr2Xy)
[2026-08-11 22:54:21] [INFO] [javdb_scraper.py:196] - 🔍 [DB] 番号 [FNS-193] 详情已存库 (网页暂无可用磁力，已开启 30 天新片追查模式)
[2026-08-11 22:54:21] [INFO] [server.py:588] - [全量订阅演员一条龙 [全量翻页 | 抓取元数据入库]] 🔍 [DB] 番号 [FNS-193] 详情已存库 (网页暂无可用磁力，已开启 30 天新片追查模式)
[2026-08-11 22:54:21] [INFO] [javdb_scraper.py:196] - 🔎 [84/608] 抓取详情: FNS-207 (https://javdb.com/v/QN74dn)
[2026-08-11 22:54:21] [INFO] [server.py:588] - [全量订阅演员一条龙 [全量翻页 | 抓取元数据入库]] 🔎 [84/608] 抓取详情: FNS-207 (https://javdb.com/v/QN74dn)
[2026-08-11 22:54:23] [INFO] [javdb_scraper.py:196] - 🔍 [DB] 番号 [FNS-207] 详情已存库 (网页暂无可用磁力，已开启 30 天新片追查模式)
[2026-08-11 22:54:23] [INFO] [server.py:588] - [全量订阅演员一条龙 [全量翻页 | 抓取元数据入库]] 🔍 [DB] 番号 [FNS-207] 详情已存库 (网页暂无可用磁力，已开启 30 天新片追查模式)
[2026-08-11 22:54:23] [INFO] [javdb_scraper.py:196] - 🔎 [85/608] 抓取详情: FNS-220 (https://javdb.com/v/ZN3akq)
[2026-08-11 22:54:23] [INFO] [server.py:588] - [全量订阅演员一条龙 [全量翻页 | 抓取元数据入库]] 🔎 [85/608] 抓取详情: FNS-220 (https://javdb.com/v/ZN3akq)
[2026-08-11 22:54:26] [INFO] [javdb_scraper.py:196] - 🔍 [DB] 番号 [FNS-220] 详情已存库 (网页暂无可用磁力，已开启 30 天新片追查模式)
[2026-08-11 22:54:26] [INFO] [server.py:588] - [全量订阅演员一条龙 [全量翻页 | 抓取元数据入库]] 🔍 [DB] 番号 [FNS-220] 详情已存库 (网页暂无可用磁力，已开启 30 天新片追查模式)
[2026-08-11 22:54:26] [INFO] [javdb_scraper.py:196] - 🔎 [86/608] 抓取详情: FNS-227 (https://javdb.com/v/P9m6nr)
[2026-08-11 22:54:26] [INFO] [server.py:588] - [全量订阅演员一条龙 [全量翻页 | 抓取元数据入库]] 🔎 [86/608] 抓取详情: FNS-227 (https://javdb.com/v/P9m6nr)
[2026-08-11 22:54:29] [INFO] [javdb_scraper.py:196] - 🔍 [DB] 番号 [FNS-227] 详情已存库 (网页暂无可用磁力，已开启 30 天新片追查模式)
[2026-08-11 22:54:29] [INFO] [server.py:588] - [全量订阅演员一条龙 [全量翻页 | 抓取元数据入库]] 🔍 [DB] 番号 [FNS-227] 详情已存库 (网页暂无可用磁力，已开启 30 天新片追查模式)
[2026-08-11 22:54:29] [INFO] [javdb_scraper.py:196] - 🔎 [87/608] 抓取详情: FWAY-088 (https://javdb.com/v/RkYm88)
[2026-08-11 22:54:29] [INFO] [server.py:588] - [全量订阅演员一条龙 [全量翻页 | 抓取元数据入库]] 🔎 [87/608] 抓取详情: FWAY-088 (https://javdb.com/v/RkYm88)
[2026-08-11 22:54:32] [INFO] [javdb_scraper.py:196] - 🔍 [DB] 番号 [FWAY-088] 详情已存库 (网页暂无可用磁力，已开启 30 天新片追查模式)
[2026-08-11 22:54:32] [INFO] [server.py:588] - [全量订阅演员一条龙 [全量翻页 | 抓取元数据入库]] 🔍 [DB] 番号 [FWAY-088] 详情已存库 (网页暂无可用磁力，已开启 30 天新片追查模式)
[2026-08-11 22:54:32] [INFO] [javdb_scraper.py:196] - 🔎 [88/608] 抓取详情: GTRP-001 (https://javdb.com/v/Zyz36)
[2026-08-11 22:54:32] [INFO] [server.py:588] - [全量订阅演员一条龙 [全量翻页 | 抓取元数据入库]] 🔎 [88/608] 抓取详情: GTRP-001 (https://javdb.com/v/Zyz36)
[2026-08-11 22:54:35] [INFO] [javdb_scraper.py:196] - 🔍 [DB] 番号 [GTRP-001] 详情已存库 (网页暂无可用磁力，已开启 30 天新片追查模式)
[2026-08-11 22:54:35] [INFO] [server.py:588] - [全量订阅演员一条龙 [全量翻页 | 抓取元数据入库]] 🔍 [DB] 番号 [GTRP-001] 详情已存库 (网页暂无可用磁力，已开启 30 天新片追查模式)
[2026-08-11 22:54:35] [INFO] [javdb_scraper.py:196] - 🔎 [89/608] 抓取详情: IDBD-765 (https://javdb.com/v/XWmMM)
[2026-08-11 22:54:35] [INFO] [server.py:588] - [全量订阅演员一条龙 [全量翻页 | 抓取元数据入库]] 🔎 [89/608] 抓取详情: IDBD-765 (https://javdb.com/v/XWmMM)
[2026-08-11 22:54:37] [INFO] [javdb_scraper.py:196] - 🔍 [DB] 番号 [IDBD-765] 详情已存库 (网页暂无可用磁力，已开启 30 天新片追查模式)
[2026-08-11 22:54:37] [INFO] [server.py:588] - [全量订阅演员一条龙 [全量翻页 | 抓取元数据入库]] 🔍 [DB] 番号 [IDBD-765] 详情已存库 (网页暂无可用磁力，已开启 30 天新片追查模式)
[2026-08-11 22:54:37] [INFO] [javdb_scraper.py:196] - 🔎 [90/608] 抓取详情: IDBD-767 (https://javdb.com/v/w20Y)
[2026-08-11 22:54:37] [INFO] [server.py:588] - [全量订阅演员一条龙 [全量翻页 | 抓取元数据入库]] 🔎 [90/608] 抓取详情: IDBD-767 (https://javdb.com/v/w20Y)
[2026-08-11 22:54:40] [INFO] [javdb_scraper.py:196] - 🔍 [DB] 番号 [IDBD-767] 详情已存库 (网页暂无可用磁力，已开启 30 天新片追查模式)
[2026-08-11 22:54:40] [INFO] [server.py:588] - [全量订阅演员一条龙 [全量翻页 | 抓取元数据入库]] 🔍 [DB] 番号 [IDBD-767] 详情已存库 (网页暂无可用磁力，已开启 30 天新片追查模式)
[2026-08-11 22:54:40] [INFO] [javdb_scraper.py:196] - 🔎 [91/608] 抓取详情: IDBD-778 (https://javdb.com/v/XX5a)
[2026-08-11 22:54:40] [INFO] [server.py:588] - [全量订阅演员一条龙 [全量翻页 | 抓取元数据入库]] 🔎 [91/608] 抓取详情: IDBD-778 (https://javdb.com/v/XX5a)
[2026-08-11 22:54:43] [INFO] [javdb_scraper.py:196] - 🔍 [DB] 番号 [IDBD-778] 详情已存库 (网页暂无可用磁力，已开启 30 天新片追查模式)
[2026-08-11 22:54:43] [INFO] [server.py:588] - [全量订阅演员一条龙 [全量翻页 | 抓取元数据入库]] 🔍 [DB] 番号 [IDBD-778] 详情已存库 (网页暂无可用磁力，已开启 30 天新片追查模式)
[2026-08-11 22:54:43] [INFO] [javdb_scraper.py:196] - 🔎 [92/608] 抓取详情: IDBD-782 (https://javdb.com/v/YwBWe)
[2026-08-11 22:54:43] [INFO] [server.py:588] - [全量订阅演员一条龙 [全量翻页 | 抓取元数据入库]] 🔎 [92/608] 抓取详情: IDBD-782 (https://javdb.com/v/YwBWe)
[2026-08-11 22:54:47] [INFO] [javdb_scraper.py:196] - 🔍 [DB] 番号 [IDBD-782] 详情已存库 (网页暂无可用磁力，已开启 30 天新片追查模式)
[2026-08-11 22:54:47] [INFO] [server.py:588] - [全量订阅演员一条龙 [全量翻页 | 抓取元数据入库]] 🔍 [DB] 番号 [IDBD-782] 详情已存库 (网页暂无可用磁力，已开启 30 天新片追查模式)
[2026-08-11 22:54:47] [INFO] [javdb_scraper.py:196] - 🔎 [93/608] 抓取详情: IDBD-784 (https://javdb.com/v/ZNBe7)
[2026-08-11 22:54:47] [INFO] [server.py:588] - [全量订阅演员一条龙 [全量翻页 | 抓取元数据入库]] 🔎 [93/608] 抓取详情: IDBD-784 (https://javdb.com/v/ZNBe7)
[2026-08-11 22:54:49] [INFO] [javdb_scraper.py:196] - 🔍 [DB] 番号 [IDBD-784] 详情已存库 (网页暂无可用磁力，已开启 30 天新片追查模式)
[2026-08-11 22:54:49] [INFO] [server.py:588] - [全量订阅演员一条龙 [全量翻页 | 抓取元数据入库]] 🔍 [DB] 番号 [IDBD-784] 详情已存库 (网页暂无可用磁力，已开启 30 天新片追查模式)
[2026-08-11 22:54:49] [INFO] [javdb_scraper.py:196] - 🔎 [94/608] 抓取详情: IDBD-787 (https://javdb.com/v/YEzMK)
[2026-08-11 22:54:49] [INFO] [server.py:588] - [全量订阅演员一条龙 [全量翻页 | 抓取元数据入库]] 🔎 [94/608] 抓取详情: IDBD-787 (https://javdb.com/v/YEzMK)
[2026-08-11 22:54:51] [INFO] [javdb_scraper.py:196] - 🔍 [DB] 番号 [IDBD-787] 详情已存库 (网页暂无可用磁力，已开启 30 天新片追查模式)
[2026-08-11 22:54:51] [INFO] [server.py:588] - [全量订阅演员一条龙 [全量翻页 | 抓取元数据入库]] 🔍 [DB] 番号 [IDBD-787] 详情已存库 (网页暂无可用磁力，已开启 30 天新片追查模式)
[2026-08-11 22:54:51] [INFO] [javdb_scraper.py:196] - 🔎 [95/608] 抓取详情: IDBD-790 (https://javdb.com/v/MX0AX)
[2026-08-11 22:54:51] [INFO] [server.py:588] - [全量订阅演员一条龙 [全量翻页 | 抓取元数据入库]] 🔎 [95/608] 抓取详情: IDBD-790 (https://javdb.com/v/MX0AX)
[2026-08-11 22:54:54] [INFO] [javdb_scraper.py:196] - 🔍 [DB] 番号 [IDBD-790] 详情已存库 (网页暂无可用磁力，已开启 30 天新片追查模式)
[2026-08-11 22:54:54] [INFO] [server.py:588] - [全量订阅演员一条龙 [全量翻页 | 抓取元数据入库]] 🔍 [DB] 番号 [IDBD-790] 详情已存库 (网页暂无可用磁力，已开启 30 天新片追查模式)
[2026-08-11 22:54:54] [INFO] [javdb_scraper.py:196] - 🔎 [96/608] 抓取详情: IDBD-794 (https://javdb.com/v/33M7a)
[2026-08-11 22:54:54] [INFO] [server.py:588] - [全量订阅演员一条龙 [全量翻页 | 抓取元数据入库]] 🔎 [96/608] 抓取详情: IDBD-794 (https://javdb.com/v/33M7a)
[2026-08-11 22:54:56] [INFO] [javdb_scraper.py:196] - 🔍 [DB] 番号 [IDBD-794] 详情已存库 (网页暂无可用磁力，已开启 30 天新片追查模式)
[2026-08-11 22:54:56] [INFO] [server.py:588] - [全量订阅演员一条龙 [全量翻页 | 抓取元数据入库]] 🔍 [DB] 番号 [IDBD-794] 详情已存库 (网页暂无可用磁力，已开启 30 天新片追查模式)
[2026-08-11 22:54:56] [INFO] [javdb_scraper.py:196] - 🔎 [97/608] 抓取详情: IDBD-809 (https://javdb.com/v/kY0bP)
[2026-08-11 22:54:56] [INFO] [server.py:588] - [全量订阅演员一条龙 [全量翻页 | 抓取元数据入库]] 🔎 [97/608] 抓取详情: IDBD-809 (https://javdb.com/v/kY0bP)
[2026-08-11 22:54:59] [INFO] [javdb_scraper.py:196] - 🔍 [DB] 番号 [IDBD-809] 详情已存库 (网页暂无可用磁力，已开启 30 天新片追查模式)
[2026-08-11 22:54:59] [INFO] [server.py:588] - [全量订阅演员一条龙 [全量翻页 | 抓取元数据入库]] 🔍 [DB] 番号 [IDBD-809] 详情已存库 (网页暂无可用磁力，已开启 30 天新片追查模式)
[2026-08-11 22:54:59] [INFO] [javdb_scraper.py:196] - 🔎 [98/608] 抓取详情: IDBD-810 (https://javdb.com/v/VN2dn)
[2026-08-11 22:54:59] [INFO] [server.py:588] - [全量订阅演员一条龙 [全量翻页 | 抓取元数据入库]] 🔎 [98/608] 抓取详情: IDBD-810 (https://javdb.com/v/VN2dn)
[2026-08-11 22:55:02] [INFO] [javdb_scraper.py:196] - 🔍 [DB] 番号 [IDBD-810] 详情已存库 (网页暂无可用磁力，已开启 30 天新片追查模式)
[2026-08-11 22:55:02] [INFO] [server.py:588] - [全量订阅演员一条龙 [全量翻页 | 抓取元数据入库]] 🔍 [DB] 番号 [IDBD-810] 详情已存库 (网页暂无可用磁力，已开启 30 天新片追查模式)
[2026-08-11 22:55:02] [INFO] [javdb_scraper.py:196] - 🔎 [99/608] 抓取详情: IDBD-811 (https://javdb.com/v/QWz84)
[2026-08-11 22:55:02] [INFO] [server.py:588] - [全量订阅演员一条龙 [全量翻页 | 抓取元数据入库]] 🔎 [99/608] 抓取详情: IDBD-811 (https://javdb.com/v/QWz84)
[2026-08-11 22:55:05] [INFO] [javdb_scraper.py:196] - 🔍 [DB] 番号 [IDBD-811] 详情已存库 (网页暂无可用磁力，已开启 30 天新片追查模式)
[2026-08-11 22:55:05] [INFO] [server.py:588] - [全量订阅演员一条龙 [全量翻页 | 抓取元数据入库]] 🔍 [DB] 番号 [IDBD-811] 详情已存库 (网页暂无可用磁力，已开启 30 天新片追查模式)
[2026-08-11 22:55:05] [INFO] [javdb_scraper.py:196] - 🔎 [100/608] 抓取详情: IDBD-817 (https://javdb.com/v/MKk7R)
[2026-08-11 22:55:05] [INFO] [server.py:588] - [全量订阅演员一条龙 [全量翻页 | 抓取元数据入库]] 🔎 [100/608] 抓取详情: IDBD-817 (https://javdb.com/v/MKk7R)
[2026-08-11 22:55:07] [INFO] [javdb_scraper.py:196] - 🔍 [DB] 番号 [IDBD-817] 详情已存库 (网页暂无可用磁力，已开启 30 天新片追查模式)
[2026-08-11 22:55:07] [INFO] [server.py:588] - [全量订阅演员一条龙 [全量翻页 | 抓取元数据入库]] 🔍 [DB] 番号 [IDBD-817] 详情已存库 (网页暂无可用磁力，已开启 30 天新片追查模式)
[2026-08-11 22:55:07] [INFO] [javdb_scraper.py:196] - 🔎 [101/608] 抓取详情: IDBD-819 (https://javdb.com/v/DnZB4)
[2026-08-11 22:55:07] [INFO] [server.py:588] - [全量订阅演员一条龙 [全量翻页 | 抓取元数据入库]] 🔎 [101/608] 抓取详情: IDBD-819 (https://javdb.com/v/DnZB4)
[2026-08-11 22:55:09] [INFO] [javdb_scraper.py:196] - 🔍 [DB] 番号 [IDBD-819] 详情已存库 (网页暂无可用磁力，已开启 30 天新片追查模式)
[2026-08-11 22:55:09] [INFO] [server.py:588] - [全量订阅演员一条龙 [全量翻页 | 抓取元数据入库]] 🔍 [DB] 番号 [IDBD-819] 详情已存库 (网页暂无可用磁力，已开启 30 天新片追查模式)
[2026-08-11 22:55:09] [INFO] [javdb_scraper.py:196] - 🔎 [102/608] 抓取详情: IDBD-823 (https://javdb.com/v/nDNm9)
[2026-08-11 22:55:09] [INFO] [server.py:588] - [全量订阅演员一条龙 [全量翻页 | 抓取元数据入库]] 🔎 [102/608] 抓取详情: IDBD-823 (https://javdb.com/v/nDNm9)
[2026-08-11 22:55:12] [INFO] [javdb_scraper.py:196] - 🔍 [DB] 番号 [IDBD-823] 详情已存库 (网页暂无可用磁力，已开启 30 天新片追查模式)
[2026-08-11 22:55:12] [INFO] [server.py:588] - [全量订阅演员一条龙 [全量翻页 | 抓取元数据入库]] 🔍 [DB] 番号 [IDBD-823] 详情已存库 (网页暂无可用磁力，已开启 30 天新片追查模式)
[2026-08-11 22:55:12] [INFO] [javdb_scraper.py:196] - 🔎 [103/608] 抓取详情: IDBD-824 (https://javdb.com/v/n77Em)
[2026-08-11 22:55:12] [INFO] [server.py:588] - [全量订阅演员一条龙 [全量翻页 | 抓取元数据入库]] 🔎 [103/608] 抓取详情: IDBD-824 (https://javdb.com/v/n77Em)
[2026-08-11 22:55:15] [INFO] [javdb_scraper.py:196] - 🔍 [DB] 番号 [IDBD-824] 详情已存库 (网页暂无可用磁力，已开启 30 天新片追查模式)
[2026-08-11 22:55:15] [INFO] [server.py:588] - [全量订阅演员一条龙 [全量翻页 | 抓取元数据入库]] 🔍 [DB] 番号 [IDBD-824] 详情已存库 (网页暂无可用磁力，已开启 30 天新片追查模式)
[2026-08-11 22:55:15] [INFO] [javdb_scraper.py:196] - 🔎 [104/608] 抓取详情: IDBD-825 (https://javdb.com/v/R63P4)
[2026-08-11 22:55:15] [INFO] [server.py:588] - [全量订阅演员一条龙 [全量翻页 | 抓取元数据入库]] 🔎 [104/608] 抓取详情: IDBD-825 (https://javdb.com/v/R63P4)
[2026-08-11 22:55:16] [INFO] [javdb_scraper.py:196] - 🔍 [DB] 番号 [IDBD-825] 详情已存库 (网页暂无可用磁力，已开启 30 天新片追查模式)
[2026-08-11 22:55:16] [INFO] [server.py:588] - [全量订阅演员一条龙 [全量翻页 | 抓取元数据入库]] 🔍 [DB] 番号 [IDBD-825] 详情已存库 (网页暂无可用磁力，已开启 30 天新片追查模式)
[2026-08-11 22:55:16] [INFO] [javdb_scraper.py:196] - 🔎 [105/608] 抓取详情: IDBD-829 (https://javdb.com/v/Wz0RZ)
[2026-08-11 22:55:16] [INFO] [server.py:588] - [全量订阅演员一条龙 [全量翻页 | 抓取元数据入库]] 🔎 [105/608] 抓取详情: IDBD-829 (https://javdb.com/v/Wz0RZ)
[2026-08-11 22:55:20] [INFO] [javdb_scraper.py:196] - 🔍 [DB] 番号 [IDBD-829] 详情已存库 (网页暂无可用磁力，已开启 30 天新片追查模式)
[2026-08-11 22:55:20] [INFO] [server.py:588] - [全量订阅演员一条龙 [全量翻页 | 抓取元数据入库]] 🔍 [DB] 番号 [IDBD-829] 详情已存库 (网页暂无可用磁力，已开启 30 天新片追查模式)
[2026-08-11 22:55:20] [INFO] [javdb_scraper.py:196] - 🔎 [106/608] 抓取详情: IDBD-832 (https://javdb.com/v/0MngX)
[2026-08-11 22:55:20] [INFO] [server.py:588] - [全量订阅演员一条龙 [全量翻页 | 抓取元数据入库]] 🔎 [106/608] 抓取详情: IDBD-832 (https://javdb.com/v/0MngX)
[2026-08-11 22:55:23] [INFO] [javdb_scraper.py:196] - 🔍 [DB] 番号 [IDBD-832] 详情已存库 (网页暂无可用磁力，已开启 30 天新片追查模式)
[2026-08-11 22:55:23] [INFO] [server.py:588] - [全量订阅演员一条龙 [全量翻页 | 抓取元数据入库]] 🔍 [DB] 番号 [IDBD-832] 详情已存库 (网页暂无可用磁力，已开启 30 天新片追查模式)
[2026-08-11 22:55:23] [INFO] [javdb_scraper.py:196] - 🔎 [107/608] 抓取详情: IDBD-840 (https://javdb.com/v/gNYRG)
[2026-08-11 22:55:23] [INFO] [server.py:588] - [全量订阅演员一条龙 [全量翻页 | 抓取元数据入库]] 🔎 [107/608] 抓取详情: IDBD-840 (https://javdb.com/v/gNYRG)
[2026-08-11 22:55:26] [INFO] [javdb_scraper.py:196] - 🔍 [DB] 番号 [IDBD-840] 详情已存库 (网页暂无可用磁力，已开启 30 天新片追查模式)
[2026-08-11 22:55:26] [INFO] [server.py:588] - [全量订阅演员一条龙 [全量翻页 | 抓取元数据入库]] 🔍 [DB] 番号 [IDBD-840] 详情已存库 (网页暂无可用磁力，已开启 30 天新片追查模式)
[2026-08-11 22:55:26] [INFO] [javdb_scraper.py:196] - 🔎 [108/608] 抓取详情: IDBD-842 (https://javdb.com/v/Nm9vx)
[2026-08-11 22:55:26] [INFO] [server.py:588] - [全量订阅演员一条龙 [全量翻页 | 抓取元数据入库]] 🔎 [108/608] 抓取详情: IDBD-842 (https://javdb.com/v/Nm9vx)
[2026-08-11 22:55:29] [INFO] [javdb_scraper.py:196] - 🔍 [DB] 番号 [IDBD-842] 详情已存库 (网页暂无可用磁力，已开启 30 天新片追查模式)
[2026-08-11 22:55:29] [INFO] [server.py:588] - [全量订阅演员一条龙 [全量翻页 | 抓取元数据入库]] 🔍 [DB] 番号 [IDBD-842] 详情已存库 (网页暂无可用磁力，已开启 30 天新片追查模式)
[2026-08-11 22:55:29] [INFO] [javdb_scraper.py:196] - 🔎 [109/608] 抓取详情: IDBD-844 (https://javdb.com/v/WmEmp)
[2026-08-11 22:55:29] [INFO] [server.py:588] - [全量订阅演员一条龙 [全量翻页 | 抓取元数据入库]] 🔎 [109/608] 抓取详情: IDBD-844 (https://javdb.com/v/WmEmp)
[2026-08-11 22:55:32] [INFO] [javdb_scraper.py:196] - 🔍 [DB] 番号 [IDBD-844] 详情已存库 (网页暂无可用磁力，已开启 30 天新片追查模式)
[2026-08-11 22:55:32] [INFO] [server.py:588] - [全量订阅演员一条龙 [全量翻页 | 抓取元数据入库]] 🔍 [DB] 番号 [IDBD-844] 详情已存库 (网页暂无可用磁力，已开启 30 天新片追查模式)
[2026-08-11 22:55:32] [INFO] [javdb_scraper.py:196] - 🔎 [110/608] 抓取详情: IDBD-846 (https://javdb.com/v/REpP7)
[2026-08-11 22:55:32] [INFO] [server.py:588] - [全量订阅演员一条龙 [全量翻页 | 抓取元数据入库]] 🔎 [110/608] 抓取详情: IDBD-846 (https://javdb.com/v/REpP7)
[2026-08-11 22:55:35] [INFO] [javdb_scraper.py:196] - 🔍 [DB] 番号 [IDBD-846] 详情已存库 (网页暂无可用磁力，已开启 30 天新片追查模式)
[2026-08-11 22:55:35] [INFO] [server.py:588] - [全量订阅演员一条龙 [全量翻页 | 抓取元数据入库]] 🔍 [DB] 番号 [IDBD-846] 详情已存库 (网页暂无可用磁力，已开启 30 天新片追查模式)
[2026-08-11 22:55:35] [INFO] [javdb_scraper.py:196] - 🔎 [111/608] 抓取详情: IDBD-850 (https://javdb.com/v/RbpMn)
[2026-08-11 22:55:35] [INFO] [server.py:588] - [全量订阅演员一条龙 [全量翻页 | 抓取元数据入库]] 🔎 [111/608] 抓取详情: IDBD-850 (https://javdb.com/v/RbpMn)
[2026-08-11 22:55:38] [INFO] [javdb_scraper.py:196] - 🔍 [DB] 番号 [IDBD-850] 详情已存库 (网页暂无可用磁力，已开启 30 天新片追查模式)
[2026-08-11 22:55:38] [INFO] [server.py:588] - [全量订阅演员一条龙 [全量翻页 | 抓取元数据入库]] 🔍 [DB] 番号 [IDBD-850] 详情已存库 (网页暂无可用磁力，已开启 30 天新片追查模式)
[2026-08-11 22:55:38] [INFO] [javdb_scraper.py:196] - 🔎 [112/608] 抓取详情: IDBD-853 (https://javdb.com/v/gkJz7)
[2026-08-11 22:55:38] [INFO] [server.py:588] - [全量订阅演员一条龙 [全量翻页 | 抓取元数据入库]] 🔎 [112/608] 抓取详情: IDBD-853 (https://javdb.com/v/gkJz7)
[2026-08-11 22:55:42] [INFO] [javdb_scraper.py:196] - 🔍 [DB] 番号 [IDBD-853] 详情已存库 (网页暂无可用磁力，已开启 30 天新片追查模式)
[2026-08-11 22:55:42] [INFO] [server.py:588] - [全量订阅演员一条龙 [全量翻页 | 抓取元数据入库]] 🔍 [DB] 番号 [IDBD-853] 详情已存库 (网页暂无可用磁力，已开启 30 天新片追查模式)
[2026-08-11 22:55:42] [INFO] [javdb_scraper.py:196] - 🔎 [113/608] 抓取详情: IDBD-860 (https://javdb.com/v/Z16dq)
[2026-08-11 22:55:42] [INFO] [server.py:588] - [全量订阅演员一条龙 [全量翻页 | 抓取元数据入库]] 🔎 [113/608] 抓取详情: IDBD-860 (https://javdb.com/v/Z16dq)
[2026-08-11 22:55:44] [INFO] [javdb_scraper.py:196] - 🔍 [DB] 番号 [IDBD-860] 详情已存库 (网页暂无可用磁力，已开启 30 天新片追查模式)
[2026-08-11 22:55:44] [INFO] [server.py:588] - [全量订阅演员一条龙 [全量翻页 | 抓取元数据入库]] 🔍 [DB] 番号 [IDBD-860] 详情已存库 (网页暂无可用磁力，已开启 30 天新片追查模式)
[2026-08-11 22:55:44] [INFO] [javdb_scraper.py:196] - 🔎 [114/608] 抓取详情: IDBD-869 (https://javdb.com/v/2e0Eq)
[2026-08-11 22:55:44] [INFO] [server.py:588] - [全量订阅演员一条龙 [全量翻页 | 抓取元数据入库]] 🔎 [114/608] 抓取详情: IDBD-869 (https://javdb.com/v/2e0Eq)
[2026-08-11 22:55:47] [INFO] [javdb_scraper.py:196] - 🔍 [DB] 番号 [IDBD-869] 详情已存库 (网页暂无可用磁力，已开启 30 天新片追查模式)
[2026-08-11 22:55:47] [INFO] [server.py:588] - [全量订阅演员一条龙 [全量翻页 | 抓取元数据入库]] 🔍 [DB] 番号 [IDBD-869] 详情已存库 (网页暂无可用磁力，已开启 30 天新片追查模式)
[2026-08-11 22:55:47] [INFO] [javdb_scraper.py:196] - 🔎 [115/608] 抓取详情: IDBD-872 (https://javdb.com/v/xvvqrO)
[2026-08-11 22:55:47] [INFO] [server.py:588] - [全量订阅演员一条龙 [全量翻页 | 抓取元数据入库]] 🔎 [115/608] 抓取详情: IDBD-872 (https://javdb.com/v/xvvqrO)
[2026-08-11 22:55:50] [INFO] [javdb_scraper.py:196] - 🔍 [DB] 番号 [IDBD-872] 详情已存库 (网页暂无可用磁力，已开启 30 天新片追查模式)
[2026-08-11 22:55:50] [INFO] [server.py:588] - [全量订阅演员一条龙 [全量翻页 | 抓取元数据入库]] 🔍 [DB] 番号 [IDBD-872] 详情已存库 (网页暂无可用磁力，已开启 30 天新片追查模式)
[2026-08-11 22:55:50] [INFO] [javdb_scraper.py:196] - 🔎 [116/608] 抓取详情: IDBD-873 (https://javdb.com/v/E22gz4)
[2026-08-11 22:55:50] [INFO] [server.py:588] - [全量订阅演员一条龙 [全量翻页 | 抓取元数据入库]] 🔎 [116/608] 抓取详情: IDBD-873 (https://javdb.com/v/E22gz4)
[2026-08-11 22:55:52] [INFO] [javdb_scraper.py:196] - 🔍 [DB] 番号 [IDBD-873] 详情已存库 (网页暂无可用磁力，已开启 30 天新片追查模式)
[2026-08-11 22:55:52] [INFO] [server.py:588] - [全量订阅演员一条龙 [全量翻页 | 抓取元数据入库]] 🔍 [DB] 番号 [IDBD-873] 详情已存库 (网页暂无可用磁力，已开启 30 天新片追查模式)
[2026-08-11 22:55:52] [INFO] [javdb_scraper.py:196] - 🔎 [117/608] 抓取详情: IDBD-884 (https://javdb.com/v/W1zJBQ)
[2026-08-11 22:55:52] [INFO] [server.py:588] - [全量订阅演员一条龙 [全量翻页 | 抓取元数据入库]] 🔎 [117/608] 抓取详情: IDBD-884 (https://javdb.com/v/W1zJBQ)
[2026-08-11 22:55:55] [INFO] [javdb_scraper.py:196] - 🔍 [DB] 番号 [IDBD-884] 详情已存库 (网页暂无可用磁力，已开启 30 天新片追查模式)
[2026-08-11 22:55:55] [INFO] [server.py:588] - [全量订阅演员一条龙 [全量翻页 | 抓取元数据入库]] 🔍 [DB] 番号 [IDBD-884] 详情已存库 (网页暂无可用磁力，已开启 30 天新片追查模式)
[2026-08-11 22:55:55] [INFO] [javdb_scraper.py:196] - 🔎 [118/608] 抓取详情: IDBD-885 (https://javdb.com/v/Vw9nqA)
[2026-08-11 22:55:55] [INFO] [server.py:588] - [全量订阅演员一条龙 [全量翻页 | 抓取元数据入库]] 🔎 [118/608] 抓取详情: IDBD-885 (https://javdb.com/v/Vw9nqA)
[2026-08-11 22:55:58] [INFO] [javdb_scraper.py:196] - 🔍 [DB] 番号 [IDBD-885] 详情已存库 (网页暂无可用磁力，已开启 30 天新片追查模式)
[2026-08-11 22:55:58] [INFO] [server.py:588] - [全量订阅演员一条龙 [全量翻页 | 抓取元数据入库]] 🔍 [DB] 番号 [IDBD-885] 详情已存库 (网页暂无可用磁力，已开启 30 天新片追查模式)
[2026-08-11 22:55:58] [INFO] [javdb_scraper.py:196] - 🔎 [119/608] 抓取详情: IDBD-894 (https://javdb.com/v/akGkvR)
[2026-08-11 22:55:58] [INFO] [server.py:588] - [全量订阅演员一条龙 [全量翻页 | 抓取元数据入库]] 🔎 [119/608] 抓取详情: IDBD-894 (https://javdb.com/v/akGkvR)
[2026-08-11 22:56:01] [INFO] [javdb_scraper.py:196] - 🔍 [DB] 番号 [IDBD-894] 详情已存库 (网页暂无可用磁力，已开启 30 天新片追查模式)
[2026-08-11 22:56:01] [INFO] [server.py:588] - [全量订阅演员一条龙 [全量翻页 | 抓取元数据入库]] 🔍 [DB] 番号 [IDBD-894] 详情已存库 (网页暂无可用磁力，已开启 30 天新片追查模式)
[2026-08-11 22:56:01] [INFO] [javdb_scraper.py:196] - 🔎 [120/608] 抓取详情: IDBD-900 (https://javdb.com/v/QVwmgn)
[2026-08-11 22:56:01] [INFO] [server.py:588] - [全量订阅演员一条龙 [全量翻页 | 抓取元数据入库]] 🔎 [120/608] 抓取详情: IDBD-900 (https://javdb.com/v/QVwmgn)
[2026-08-11 22:56:04] [INFO] [javdb_scraper.py:196] - 🔍 [DB] 番号 [IDBD-900] 详情已存库 (网页暂无可用磁力，已开启 30 天新片追查模式)
[2026-08-11 22:56:04] [INFO] [server.py:588] - [全量订阅演员一条龙 [全量翻页 | 抓取元数据入库]] 🔍 [DB] 番号 [IDBD-900] 详情已存库 (网页暂无可用磁力，已开启 30 天新片追查模式)
[2026-08-11 22:56:04] [INFO] [javdb_scraper.py:196] - 🔎 [121/608] 抓取详情: IDBD-901 (https://javdb.com/v/65ydpD)
[2026-08-11 22:56:04] [INFO] [server.py:588] - [全量订阅演员一条龙 [全量翻页 | 抓取元数据入库]] 🔎 [121/608] 抓取详情: IDBD-901 (https://javdb.com/v/65ydpD)
[2026-08-11 22:56:07] [INFO] [javdb_scraper.py:196] - 🔍 [DB] 番号 [IDBD-901] 详情已存库 (网页暂无可用磁力，已开启 30 天新片追查模式)
[2026-08-11 22:56:07] [INFO] [server.py:588] - [全量订阅演员一条龙 [全量翻页 | 抓取元数据入库]] 🔍 [DB] 番号 [IDBD-901] 详情已存库 (网页暂无可用磁力，已开启 30 天新片追查模式)
[2026-08-11 22:56:07] [INFO] [javdb_scraper.py:196] - 🔎 [122/608] 抓取详情: IDBD-902 (https://javdb.com/v/35dnz3)
[2026-08-11 22:56:07] [INFO] [server.py:588] - [全量订阅演员一条龙 [全量翻页 | 抓取元数据入库]] 🔎 [122/608] 抓取详情: IDBD-902 (https://javdb.com/v/35dnz3)
[2026-08-11 22:56:11] [INFO] [javdb_scraper.py:196] - 🔍 [DB] 番号 [IDBD-902] 详情已存库 (网页暂无可用磁力，已开启 30 天新片追查模式)
[2026-08-11 22:56:11] [INFO] [server.py:588] - [全量订阅演员一条龙 [全量翻页 | 抓取元数据入库]] 🔍 [DB] 番号 [IDBD-902] 详情已存库 (网页暂无可用磁力，已开启 30 天新片追查模式)
[2026-08-11 22:56:11] [INFO] [javdb_scraper.py:196] - 🔎 [123/608] 抓取详情: IDBD-911 (https://javdb.com/v/5E3RRY)
[2026-08-11 22:56:11] [INFO] [server.py:588] - [全量订阅演员一条龙 [全量翻页 | 抓取元数据入库]] 🔎 [123/608] 抓取详情: IDBD-911 (https://javdb.com/v/5E3RRY)
[2026-08-11 22:56:13] [INFO] [javdb_scraper.py:196] - 🔍 [DB] 番号 [IDBD-911] 详情已存库 (网页暂无可用磁力，已开启 30 天新片追查模式)
[2026-08-11 22:56:13] [INFO] [server.py:588] - [全量订阅演员一条龙 [全量翻页 | 抓取元数据入库]] 🔍 [DB] 番号 [IDBD-911] 详情已存库 (网页暂无可用磁力，已开启 30 天新片追查模式)
[2026-08-11 22:56:13] [INFO] [javdb_scraper.py:196] - 🔎 [124/608] 抓取详情: IDBD-918 (https://javdb.com/v/BzqXd4)
[2026-08-11 22:56:13] [INFO] [server.py:588] - [全量订阅演员一条龙 [全量翻页 | 抓取元数据入库]] 🔎 [124/608] 抓取详情: IDBD-918 (https://javdb.com/v/BzqXd4)
[2026-08-11 22:56:16] [INFO] [javdb_scraper.py:196] - 🔍 [DB] 番号 [IDBD-918] 详情已存库 (网页暂无可用磁力，已开启 30 天新片追查模式)
[2026-08-11 22:56:16] [INFO] [server.py:588] - [全量订阅演员一条龙 [全量翻页 | 抓取元数据入库]] 🔍 [DB] 番号 [IDBD-918] 详情已存库 (网页暂无可用磁力，已开启 30 天新片追查模式)
[2026-08-11 22:56:16] [INFO] [javdb_scraper.py:196] - 🔎 [125/608] 抓取详情: IDBD-920 (https://javdb.com/v/YwneJz)
[2026-08-11 22:56:16] [INFO] [server.py:588] - [全量订阅演员一条龙 [全量翻页 | 抓取元数据入库]] 🔎 [125/608] 抓取详情: IDBD-920 (https://javdb.com/v/YwneJz)
[2026-08-11 22:56:19] [INFO] [javdb_scraper.py:196] - 🔍 [DB] 番号 [IDBD-920] 详情已存库 (网页暂无可用磁力，已开启 30 天新片追查模式)
[2026-08-11 22:56:19] [INFO] [server.py:588] - [全量订阅演员一条龙 [全量翻页 | 抓取元数据入库]] 🔍 [DB] 番号 [IDBD-920] 详情已存库 (网页暂无可用磁力，已开启 30 天新片追查模式)
[2026-08-11 22:56:19] [INFO] [javdb_scraper.py:196] - 🔎 [126/608] 抓取详情: IDBD-926 (https://javdb.com/v/6d5zg7)
[2026-08-11 22:56:19] [INFO] [server.py:588] - [全量订阅演员一条龙 [全量翻页 | 抓取元数据入库]] 🔎 [126/608] 抓取详情: IDBD-926 (https://javdb.com/v/6d5zg7)
[2026-08-11 22:56:22] [INFO] [javdb_scraper.py:196] - 🔍 [DB] 番号 [IDBD-926] 详情已存库 (网页暂无可用磁力，已开启 30 天新片追查模式)
[2026-08-11 22:56:22] [INFO] [server.py:588] - [全量订阅演员一条龙 [全量翻页 | 抓取元数据入库]] 🔍 [DB] 番号 [IDBD-926] 详情已存库 (网页暂无可用磁力，已开启 30 天新片追查模式)
[2026-08-11 22:56:22] [INFO] [javdb_scraper.py:196] - 🔎 [127/608] 抓取详情: IDBD-933 (https://javdb.com/v/de483M)
[2026-08-11 22:56:22] [INFO] [server.py:588] - [全量订阅演员一条龙 [全量翻页 | 抓取元数据入库]] 🔎 [127/608] 抓取详情: IDBD-933 (https://javdb.com/v/de483M)
[2026-08-11 22:56:24] [INFO] [javdb_scraper.py:196] - 🔍 [DB] 番号 [IDBD-933] 详情已存库 (网页暂无可用磁力，已开启 30 天新片追查模式)
[2026-08-11 22:56:24] [INFO] [server.py:588] - [全量订阅演员一条龙 [全量翻页 | 抓取元数据入库]] 🔍 [DB] 番号 [IDBD-933] 详情已存库 (网页暂无可用磁力，已开启 30 天新片追查模式)
[2026-08-11 22:56:24] [INFO] [javdb_scraper.py:196] - 🔎 [128/608] 抓取详情: IDBD-938 (https://javdb.com/v/J009p3)
[2026-08-11 22:56:24] [INFO] [server.py:588] - [全量订阅演员一条龙 [全量翻页 | 抓取元数据入库]] 🔎 [128/608] 抓取详情: IDBD-938 (https://javdb.com/v/J009p3)
[2026-08-11 22:56:27] [INFO] [javdb_scraper.py:196] - 🔍 [DB] 番号 [IDBD-938] 详情已存库 (网页暂无可用磁力，已开启 30 天新片追查模式)
[2026-08-11 22:56:27] [INFO] [server.py:588] - [全量订阅演员一条龙 [全量翻页 | 抓取元数据入库]] 🔍 [DB] 番号 [IDBD-938] 详情已存库 (网页暂无可用磁力，已开启 30 天新片追查模式)
[2026-08-11 22:56:27] [INFO] [javdb_scraper.py:196] - 🔎 [129/608] 抓取详情: IDBD-939 (https://javdb.com/v/V44ndD)
[2026-08-11 22:56:27] [INFO] [server.py:588] - [全量订阅演员一条龙 [全量翻页 | 抓取元数据入库]] 🔎 [129/608] 抓取详情: IDBD-939 (https://javdb.com/v/V44ndD)
[2026-08-11 22:56:29] [INFO] [javdb_scraper.py:196] - 🔍 [DB] 番号 [IDBD-939] 详情已存库 (网页暂无可用磁力，已开启 30 天新片追查模式)
[2026-08-11 22:56:29] [INFO] [server.py:588] - [全量订阅演员一条龙 [全量翻页 | 抓取元数据入库]] 🔍 [DB] 番号 [IDBD-939] 详情已存库 (网页暂无可用磁力，已开启 30 天新片追查模式)
[2026-08-11 22:56:29] [INFO] [javdb_scraper.py:196] - 🔎 [130/608] 抓取详情: IDBD-940 (https://javdb.com/v/QNNy8M)
[2026-08-11 22:56:29] [INFO] [server.py:588] - [全量订阅演员一条龙 [全量翻页 | 抓取元数据入库]] 🔎 [130/608] 抓取详情: IDBD-940 (https://javdb.com/v/QNNy8M)
[2026-08-11 22:56:33] [INFO] [javdb_scraper.py:196] - 🔍 [DB] 番号 [IDBD-940] 详情已存库 (网页暂无可用磁力，已开启 30 天新片追查模式)
[2026-08-11 22:56:33] [INFO] [server.py:588] - [全量订阅演员一条龙 [全量翻页 | 抓取元数据入库]] 🔍 [DB] 番号 [IDBD-940] 详情已存库 (网页暂无可用磁力，已开启 30 天新片追查模式)
[2026-08-11 22:56:33] [INFO] [javdb_scraper.py:196] - 🔎 [131/608] 抓取详情: IDBD-945 (https://javdb.com/v/966KQ8)
[2026-08-11 22:56:33] [INFO] [server.py:588] - [全量订阅演员一条龙 [全量翻页 | 抓取元数据入库]] 🔎 [131/608] 抓取详情: IDBD-945 (https://javdb.com/v/966KQ8)
[2026-08-11 22:56:37] [INFO] [javdb_scraper.py:196] - 🔍 [DB] 番号 [IDBD-945] 详情已存库 (网页暂无可用磁力，已开启 30 天新片追查模式)
[2026-08-11 22:56:37] [INFO] [server.py:588] - [全量订阅演员一条龙 [全量翻页 | 抓取元数据入库]] 🔍 [DB] 番号 [IDBD-945] 详情已存库 (网页暂无可用磁力，已开启 30 天新片追查模式)
[2026-08-11 22:56:37] [INFO] [javdb_scraper.py:196] - 🔎 [132/608] 抓取详情: IDBD-947 (https://javdb.com/v/RkkN8p)
[2026-08-11 22:56:37] [INFO] [server.py:588] - [全量订阅演员一条龙 [全量翻页 | 抓取元数据入库]] 🔎 [132/608] 抓取详情: IDBD-947 (https://javdb.com/v/RkkN8p)
[2026-08-11 22:56:39] [INFO] [javdb_scraper.py:196] - 🔍 [DB] 番号 [IDBD-947] 详情已存库 (网页暂无可用磁力，已开启 30 天新片追查模式)
[2026-08-11 22:56:39] [INFO] [server.py:588] - [全量订阅演员一条龙 [全量翻页 | 抓取元数据入库]] 🔍 [DB] 番号 [IDBD-947] 详情已存库 (网页暂无可用磁力，已开启 30 天新片追查模式)
[2026-08-11 22:56:39] [INFO] [javdb_scraper.py:196] - 🔎 [133/608] 抓取详情: IDBD-948 (https://javdb.com/v/GZOMX7)
[2026-08-11 22:56:39] [INFO] [server.py:588] - [全量订阅演员一条龙 [全量翻页 | 抓取元数据入库]] 🔎 [133/608] 抓取详情: IDBD-948 (https://javdb.com/v/GZOMX7)
[2026-08-11 22:56:42] [INFO] [javdb_scraper.py:196] - 🔍 [DB] 番号 [IDBD-948] 详情已存库 (网页暂无可用磁力，已开启 30 天新片追查模式)
[2026-08-11 22:56:42] [INFO] [server.py:588] - [全量订阅演员一条龙 [全量翻页 | 抓取元数据入库]] 🔍 [DB] 番号 [IDBD-948] 详情已存库 (网页暂无可用磁力，已开启 30 天新片追查模式)
[2026-08-11 22:56:42] [INFO] [javdb_scraper.py:196] - 🔎 [134/608] 抓取详情: IDBD-950 (https://javdb.com/v/96WDRV)
[2026-08-11 22:56:42] [INFO] [server.py:588] - [全量订阅演员一条龙 [全量翻页 | 抓取元数据入库]] 🔎 [134/608] 抓取详情: IDBD-950 (https://javdb.com/v/96WDRV)
[2026-08-11 22:56:45] [INFO] [javdb_scraper.py:196] - 🔍 [DB] 番号 [IDBD-950] 详情已存库 (网页暂无可用磁力，已开启 30 天新片追查模式)
[2026-08-11 22:56:45] [INFO] [server.py:588] - [全量订阅演员一条龙 [全量翻页 | 抓取元数据入库]] 🔍 [DB] 番号 [IDBD-950] 详情已存库 (网页暂无可用磁力，已开启 30 天新片追查模式)
[2026-08-11 22:56:45] [INFO] [javdb_scraper.py:196] - 🔎 [135/608] 抓取详情: IDBD-953 (https://javdb.com/v/GZJ73b)
[2026-08-11 22:56:45] [INFO] [server.py:588] - [全量订阅演员一条龙 [全量翻页 | 抓取元数据入库]] 🔎 [135/608] 抓取详情: IDBD-953 (https://javdb.com/v/GZJ73b)
[2026-08-11 22:56:47] [INFO] [javdb_scraper.py:196] - 🔍 [DB] 番号 [IDBD-953] 详情已存库 (网页暂无可用磁力，已开启 30 天新片追查模式)
[2026-08-11 22:56:47] [INFO] [server.py:588] - [全量订阅演员一条龙 [全量翻页 | 抓取元数据入库]] 🔍 [DB] 番号 [IDBD-953] 详情已存库 (网页暂无可用磁力，已开启 30 天新片追查模式)
[2026-08-11 22:56:47] [INFO] [javdb_scraper.py:196] - 🔎 [136/608] 抓取详情: IDBD-954 (https://javdb.com/v/DROqKp)
[2026-08-11 22:56:47] [INFO] [server.py:588] - [全量订阅演员一条龙 [全量翻页 | 抓取元数据入库]] 🔎 [136/608] 抓取详情: IDBD-954 (https://javdb.com/v/DROqKp)
[2026-08-11 22:56:50] [INFO] [javdb_scraper.py:196] - 🔍 [DB] 番号 [IDBD-954] 详情已存库 (网页暂无可用磁力，已开启 30 天新片追查模式)
[2026-08-11 22:56:50] [INFO] [server.py:588] - [全量订阅演员一条龙 [全量翻页 | 抓取元数据入库]] 🔍 [DB] 番号 [IDBD-954] 详情已存库 (网页暂无可用磁力，已开启 30 天新片追查模式)
[2026-08-11 22:56:50] [INFO] [javdb_scraper.py:196] - 🔎 [137/608] 抓取详情: IDBD-958 (https://javdb.com/v/pkxqdq)
[2026-08-11 22:56:50] [INFO] [server.py:588] - [全量订阅演员一条龙 [全量翻页 | 抓取元数据入库]] 🔎 [137/608] 抓取详情: IDBD-958 (https://javdb.com/v/pkxqdq)
[2026-08-11 22:56:53] [INFO] [javdb_scraper.py:196] - 🔍 [DB] 番号 [IDBD-958] 详情已存库 (网页暂无可用磁力，已开启 30 天新片追查模式)
[2026-08-11 22:56:53] [INFO] [server.py:588] - [全量订阅演员一条龙 [全量翻页 | 抓取元数据入库]] 🔍 [DB] 番号 [IDBD-958] 详情已存库 (网页暂无可用磁力，已开启 30 天新片追查模式)
[2026-08-11 22:56:53] [INFO] [javdb_scraper.py:196] - 🔎 [138/608] 抓取详情: IDBD-963 (https://javdb.com/v/AqE03O)
[2026-08-11 22:56:53] [INFO] [server.py:588] - [全量订阅演员一条龙 [全量翻页 | 抓取元数据入库]] 🔎 [138/608] 抓取详情: IDBD-963 (https://javdb.com/v/AqE03O)
[2026-08-11 22:56:56] [INFO] [javdb_scraper.py:196] - 🔍 [DB] 番号 [IDBD-963] 详情已存库 (网页暂无可用磁力，已开启 30 天新片追查模式)
[2026-08-11 22:56:56] [INFO] [server.py:588] - [全量订阅演员一条龙 [全量翻页 | 抓取元数据入库]] 🔍 [DB] 番号 [IDBD-963] 详情已存库 (网页暂无可用磁力，已开启 30 天新片追查模式)
[2026-08-11 22:56:56] [INFO] [javdb_scraper.py:196] - 🔎 [139/608] 抓取详情: IDBD-965 (https://javdb.com/v/0ey8g7)
[2026-08-11 22:56:56] [INFO] [server.py:588] - [全量订阅演员一条龙 [全量翻页 | 抓取元数据入库]] 🔎 [139/608] 抓取详情: IDBD-965 (https://javdb.com/v/0ey8g7)
[2026-08-11 22:56:58] [INFO] [javdb_scraper.py:196] - 🔍 [DB] 番号 [IDBD-965] 详情已存库 (网页暂无可用磁力，已开启 30 天新片追查模式)
[2026-08-11 22:56:58] [INFO] [server.py:588] - [全量订阅演员一条龙 [全量翻页 | 抓取元数据入库]] 🔍 [DB] 番号 [IDBD-965] 详情已存库 (网页暂无可用磁力，已开启 30 天新片追查模式)
[2026-08-11 22:56:58] [INFO] [javdb_scraper.py:196] - 🔎 [140/608] 抓取详情: IDBD-966 (https://javdb.com/v/GZdNnQ)
[2026-08-11 22:56:58] [INFO] [server.py:588] - [全量订阅演员一条龙 [全量翻页 | 抓取元数据入库]] 🔎 [140/608] 抓取详情: IDBD-966 (https://javdb.com/v/GZdNnQ)
[2026-08-11 22:57:01] [INFO] [javdb_scraper.py:196] - 🔍 [DB] 番号 [IDBD-966] 详情已存库 (网页暂无可用磁力，已开启 30 天新片追查模式)
[2026-08-11 22:57:01] [INFO] [server.py:588] - [全量订阅演员一条龙 [全量翻页 | 抓取元数据入库]] 🔍 [DB] 番号 [IDBD-966] 详情已存库 (网页暂无可用磁力，已开启 30 天新片追查模式)
[2026-08-11 22:57:01] [INFO] [javdb_scraper.py:196] - 🔎 [141/608] 抓取详情: IDBD-968 (https://javdb.com/v/96eOpp)
[2026-08-11 22:57:01] [INFO] [server.py:588] - [全量订阅演员一条龙 [全量翻页 | 抓取元数据入库]] 🔎 [141/608] 抓取详情: IDBD-968 (https://javdb.com/v/96eOpp)
[2026-08-11 22:57:03] [INFO] [javdb_scraper.py:196] - 🔍 [DB] 番号 [IDBD-968] 详情已存库 (网页暂无可用磁力，已开启 30 天新片追查模式)
[2026-08-11 22:57:03] [INFO] [server.py:588] - [全量订阅演员一条龙 [全量翻页 | 抓取元数据入库]] 🔍 [DB] 番号 [IDBD-968] 详情已存库 (网页暂无可用磁力，已开启 30 天新片追查模式)
[2026-08-11 22:57:03] [INFO] [javdb_scraper.py:196] - 🔎 [142/608] 抓取详情: IDBD-973 (https://javdb.com/v/Xe4nQ5)
[2026-08-11 22:57:03] [INFO] [server.py:588] - [全量订阅演员一条龙 [全量翻页 | 抓取元数据入库]] 🔎 [142/608] 抓取详情: IDBD-973 (https://javdb.com/v/Xe4nQ5)
[2026-08-11 22:57:05] [INFO] [javdb_scraper.py:196] - 🔍 [DB] 番号 [IDBD-973] 详情已存库 (网页暂无可用磁力，已开启 30 天新片追查模式)
[2026-08-11 22:57:05] [INFO] [server.py:588] - [全量订阅演员一条龙 [全量翻页 | 抓取元数据入库]] 🔍 [DB] 番号 [IDBD-973] 详情已存库 (网页暂无可用磁力，已开启 30 天新片追查模式)
[2026-08-11 22:57:05] [INFO] [javdb_scraper.py:196] - 🔎 [143/608] 抓取详情: IDBD-983 (https://javdb.com/v/2m2wOm)
[2026-08-11 22:57:05] [INFO] [server.py:588] - [全量订阅演员一条龙 [全量翻页 | 抓取元数据入库]] 🔎 [143/608] 抓取详情: IDBD-983 (https://javdb.com/v/2m2wOm)
[2026-08-11 22:57:08] [INFO] [javdb_scraper.py:196] - 🔍 [DB] 番号 [IDBD-983] 详情已存库 (网页暂无可用磁力，已开启 30 天新片追查模式)
[2026-08-11 22:57:08] [INFO] [server.py:588] - [全量订阅演员一条龙 [全量翻页 | 抓取元数据入库]] 🔍 [DB] 番号 [IDBD-983] 详情已存库 (网页暂无可用磁力，已开启 30 天新片追查模式)
[2026-08-11 22:57:08] [INFO] [javdb_scraper.py:196] - 🔎 [144/608] 抓取详情: IDBD-992 (https://javdb.com/v/DJY7K)
[2026-08-11 22:57:08] [INFO] [server.py:588] - [全量订阅演员一条龙 [全量翻页 | 抓取元数据入库]] 🔎 [144/608] 抓取详情: IDBD-992 (https://javdb.com/v/DJY7K)
[2026-08-11 22:57:10] [INFO] [javdb_scraper.py:196] - 🔍 [DB] 番号 [IDBD-992] 详情已存库 (网页暂无可用磁力，已开启 30 天新片追查模式)
[2026-08-11 22:57:10] [INFO] [server.py:588] - [全量订阅演员一条龙 [全量翻页 | 抓取元数据入库]] 🔍 [DB] 番号 [IDBD-992] 详情已存库 (网页暂无可用磁力，已开启 30 天新片追查模式)
[2026-08-11 22:57:10] [INFO] [javdb_scraper.py:196] - 🔎 [145/608] 抓取详情: IPBZ-005 (https://javdb.com/v/wq9xn7)
[2026-08-11 22:57:10] [INFO] [server.py:588] - [全量订阅演员一条龙 [全量翻页 | 抓取元数据入库]] 🔎 [145/608] 抓取详情: IPBZ-005 (https://javdb.com/v/wq9xn7)
[2026-08-11 22:57:13] [INFO] [javdb_scraper.py:196] - 🔍 [DB] 番号 [IPBZ-005] 详情已存库 (网页暂无可用磁力，已开启 30 天新片追查模式)
[2026-08-11 22:57:13] [INFO] [server.py:588] - [全量订阅演员一条龙 [全量翻页 | 抓取元数据入库]] 🔍 [DB] 番号 [IPBZ-005] 详情已存库 (网页暂无可用磁力，已开启 30 天新片追查模式)
[2026-08-11 22:57:13] [INFO] [javdb_scraper.py:196] - 🔎 [146/608] 抓取详情: IPOK-006 (https://javdb.com/v/XeANgP)
[2026-08-11 22:57:13] [INFO] [server.py:588] - [全量订阅演员一条龙 [全量翻页 | 抓取元数据入库]] 🔎 [146/608] 抓取详情: IPOK-006 (https://javdb.com/v/XeANgP)
[2026-08-11 22:57:15] [INFO] [javdb_scraper.py:196] - 🔍 [DB] 番号 [IPOK-006] 详情已存库 (网页暂无可用磁力，已开启 30 天新片追查模式)
[2026-08-11 22:57:15] [INFO] [server.py:588] - [全量订阅演员一条龙 [全量翻页 | 抓取元数据入库]] 🔍 [DB] 番号 [IPOK-006] 详情已存库 (网页暂无可用磁力，已开启 30 天新片追查模式)
[2026-08-11 22:57:15] [INFO] [javdb_scraper.py:196] - 🔎 [147/608] 抓取详情: IPOK-008 (https://javdb.com/v/4DxEWv)
[2026-08-11 22:57:15] [INFO] [server.py:588] - [全量订阅演员一条龙 [全量翻页 | 抓取元数据入库]] 🔎 [147/608] 抓取详情: IPOK-008 (https://javdb.com/v/4DxEWv)
[2026-08-11 22:57:18] [INFO] [javdb_scraper.py:196] - 🔍 [DB] 番号 [IPOK-008] 详情已存库 (网页暂无可用磁力，已开启 30 天新片追查模式)
[2026-08-11 22:57:18] [INFO] [server.py:588] - [全量订阅演员一条龙 [全量翻页 | 抓取元数据入库]] 🔍 [DB] 番号 [IPOK-008] 详情已存库 (网页暂无可用磁力，已开启 30 天新片追查模式)
[2026-08-11 22:57:18] [INFO] [javdb_scraper.py:196] - 🔎 [148/608] 抓取详情: IPOK-011 (https://javdb.com/v/V4VkKn)
[2026-08-11 22:57:18] [INFO] [server.py:588] - [全量订阅演员一条龙 [全量翻页 | 抓取元数据入库]] 🔎 [148/608] 抓取详情: IPOK-011 (https://javdb.com/v/V4VkKn)
[2026-08-11 22:57:20] [INFO] [javdb_scraper.py:196] - 🔍 [DB] 番号 [IPOK-011] 详情已存库 (网页暂无可用磁力，已开启 30 天新片追查模式)
[2026-08-11 22:57:20] [INFO] [server.py:588] - [全量订阅演员一条龙 [全量翻页 | 抓取元数据入库]] 🔍 [DB] 番号 [IPOK-011] 详情已存库 (网页暂无可用磁力，已开启 30 天新片追查模式)
[2026-08-11 22:57:20] [INFO] [javdb_scraper.py:196] - 🔎 [149/608] 抓取详情: IPOK-016 (https://javdb.com/v/7yY7GJ)
[2026-08-11 22:57:20] [INFO] [server.py:588] - [全量订阅演员一条龙 [全量翻页 | 抓取元数据入库]] 🔎 [149/608] 抓取详情: IPOK-016 (https://javdb.com/v/7yY7GJ)
[2026-08-11 22:57:23] [INFO] [javdb_scraper.py:196] - 🔍 [DB] 番号 [IPOK-016] 详情已存库 (网页暂无可用磁力，已开启 30 天新片追查模式)
[2026-08-11 22:57:23] [INFO] [server.py:588] - [全量订阅演员一条龙 [全量翻页 | 抓取元数据入库]] 🔍 [DB] 番号 [IPOK-016] 详情已存库 (网页暂无可用磁力，已开启 30 天新片追查模式)
[2026-08-11 22:57:23] [INFO] [javdb_scraper.py:196] - 🔎 [150/608] 抓取详情: IPOK-020 (https://javdb.com/v/mObMVv)
[2026-08-11 22:57:23] [INFO] [server.py:588] - [全量订阅演员一条龙 [全量翻页 | 抓取元数据入库]] 🔎 [150/608] 抓取详情: IPOK-020 (https://javdb.com/v/mObMVv)
[2026-08-11 22:57:26] [INFO] [javdb_scraper.py:196] - 🔍 [DB] 番号 [IPOK-020] 详情已存库 (网页暂无可用磁力，已开启 30 天新片追查模式)
[2026-08-11 22:57:26] [INFO] [server.py:588] - [全量订阅演员一条龙 [全量翻页 | 抓取元数据入库]] 🔍 [DB] 番号 [IPOK-020] 详情已存库 (网页暂无可用磁力，已开启 30 天新片追查模式)
[2026-08-11 22:57:26] [INFO] [javdb_scraper.py:196] - 🔎 [151/608] 抓取详情: IPOK-024 (https://javdb.com/v/pkzAwb)
[2026-08-11 22:57:26] [INFO] [server.py:588] - [全量订阅演员一条龙 [全量翻页 | 抓取元数据入库]] 🔎 [151/608] 抓取详情: IPOK-024 (https://javdb.com/v/pkzAwb)
[2026-08-11 22:57:28] [INFO] [javdb_scraper.py:196] - 🔍 [DB] 番号 [IPOK-024] 详情已存库 (网页暂无可用磁力，已开启 30 天新片追查模式)
[2026-08-11 22:57:28] [INFO] [server.py:588] - [全量订阅演员一条龙 [全量翻页 | 抓取元数据入库]] 🔍 [DB] 番号 [IPOK-024] 详情已存库 (网页暂无可用磁力，已开启 30 天新片追查模式)
[2026-08-11 22:57:28] [INFO] [javdb_scraper.py:196] - 🔎 [152/608] 抓取详情: IPOK-034 (https://javdb.com/v/pk7Z99)
[2026-08-11 22:57:28] [INFO] [server.py:588] - [全量订阅演员一条龙 [全量翻页 | 抓取元数据入库]] 🔎 [152/608] 抓取详情: IPOK-034 (https://javdb.com/v/pk7Z99)
[2026-08-11 22:57:30] [INFO] [javdb_scraper.py:196] - 🔍 [DB] 番号 [IPOK-034] 详情已存库 (网页暂无可用磁力，已开启 30 天新片追查模式)
[2026-08-11 22:57:30] [INFO] [server.py:588] - [全量订阅演员一条龙 [全量翻页 | 抓取元数据入库]] 🔍 [DB] 番号 [IPOK-034] 详情已存库 (网页暂无可用磁力，已开启 30 天新片追查模式)
[2026-08-11 22:57:30] [INFO] [javdb_scraper.py:196] - 🔎 [153/608] 抓取详情: IPVR-008 (https://javdb.com/v/pkakE)
[2026-08-11 22:57:30] [INFO] [server.py:588] - [全量订阅演员一条龙 [全量翻页 | 抓取元数据入库]] 🔎 [153/608] 抓取详情: IPVR-008 (https://javdb.com/v/pkakE)
[2026-08-11 22:57:33] [INFO] [javdb_scraper.py:196] - 🔍 [DB] 番号 [IPVR-008] 详情已存库 (网页暂无可用磁力，已开启 30 天新片追查模式)
[2026-08-11 22:57:33] [INFO] [server.py:588] - [全量订阅演员一条龙 [全量翻页 | 抓取元数据入库]] 🔍 [DB] 番号 [IPVR-008] 详情已存库 (网页暂无可用磁力，已开启 30 天新片追查模式)
[2026-08-11 22:57:33] [INFO] [javdb_scraper.py:196] - 🔎 [154/608] 抓取详情: IPVR-011 (https://javdb.com/v/5mgdD)
[2026-08-11 22:57:33] [INFO] [server.py:588] - [全量订阅演员一条龙 [全量翻页 | 抓取元数据入库]] 🔎 [154/608] 抓取详情: IPVR-011 (https://javdb.com/v/5mgdD)
[2026-08-11 22:57:35] [INFO] [javdb_scraper.py:196] - 🔍 [DB] 番号 [IPVR-011] 详情已存库 (网页暂无可用磁力，已开启 30 天新片追查模式)
[2026-08-11 22:57:35] [INFO] [server.py:588] - [全量订阅演员一条龙 [全量翻页 | 抓取元数据入库]] 🔍 [DB] 番号 [IPVR-011] 详情已存库 (网页暂无可用磁力，已开启 30 天新片追查模式)
[2026-08-11 22:57:35] [INFO] [javdb_scraper.py:196] - 🔎 [155/608] 抓取详情: IPVR-061 (https://javdb.com/v/gQpPQ)
[2026-08-11 22:57:35] [INFO] [server.py:588] - [全量订阅演员一条龙 [全量翻页 | 抓取元数据入库]] 🔎 [155/608] 抓取详情: IPVR-061 (https://javdb.com/v/gQpPQ)
[2026-08-11 22:57:37] [INFO] [javdb_scraper.py:196] - 🔍 [DB] 番号 [IPVR-061] 详情已存库 (网页暂无可用磁力，已开启 30 天新片追查模式)
[2026-08-11 22:57:37] [INFO] [server.py:588] - [全量订阅演员一条龙 [全量翻页 | 抓取元数据入库]] 🔍 [DB] 番号 [IPVR-061] 详情已存库 (网页暂无可用磁力，已开启 30 天新片追查模式)
[2026-08-11 22:57:37] [INFO] [javdb_scraper.py:196] - 🔎 [156/608] 抓取详情: IPVR-067 (https://javdb.com/v/xem0P)
[2026-08-11 22:57:37] [INFO] [server.py:588] - [全量订阅演员一条龙 [全量翻页 | 抓取元数据入库]] 🔎 [156/608] 抓取详情: IPVR-067 (https://javdb.com/v/xem0P)
[2026-08-11 22:57:40] [INFO] [javdb_scraper.py:196] - 🔍 [DB] 番号 [IPVR-067] 详情已存库 (网页暂无可用磁力，已开启 30 天新片追查模式)
[2026-08-11 22:57:40] [INFO] [server.py:588] - [全量订阅演员一条龙 [全量翻页 | 抓取元数据入库]] 🔍 [DB] 番号 [IPVR-067] 详情已存库 (网页暂无可用磁力，已开启 30 天新片追查模式)
[2026-08-11 22:57:40] [INFO] [javdb_scraper.py:196] - 🔎 [157/608] 抓取详情: IPVR-070 (https://javdb.com/v/dDav8)
[2026-08-11 22:57:40] [INFO] [server.py:588] - [全量订阅演员一条龙 [全量翻页 | 抓取元数据入库]] 🔎 [157/608] 抓取详情: IPVR-070 (https://javdb.com/v/dDav8)
[2026-08-11 22:57:42] [INFO] [javdb_scraper.py:196] - 🔍 [DB] 番号 [IPVR-070] 详情已存库 (网页暂无可用磁力，已开启 30 天新片追查模式)
[2026-08-11 22:57:42] [INFO] [server.py:588] - [全量订阅演员一条龙 [全量翻页 | 抓取元数据入库]] 🔍 [DB] 番号 [IPVR-070] 详情已存库 (网页暂无可用磁力，已开启 30 天新片追查模式)
[2026-08-11 22:57:42] [INFO] [javdb_scraper.py:196] - 🔎 [158/608] 抓取详情: IPVR-089 (https://javdb.com/v/wx9Ne)
[2026-08-11 22:57:42] [INFO] [server.py:588] - [全量订阅演员一条龙 [全量翻页 | 抓取元数据入库]] 🔎 [158/608] 抓取详情: IPVR-089 (https://javdb.com/v/wx9Ne)
[2026-08-11 22:57:45] [INFO] [javdb_scraper.py:196] - 🔍 [DB] 番号 [IPVR-089] 详情已存库 (网页暂无可用磁力，已开启 30 天新片追查模式)
[2026-08-11 22:57:45] [INFO] [server.py:588] - [全量订阅演员一条龙 [全量翻页 | 抓取元数据入库]] 🔍 [DB] 番号 [IPVR-089] 详情已存库 (网页暂无可用磁力，已开启 30 天新片追查模式)
[2026-08-11 22:57:45] [INFO] [javdb_scraper.py:196] - 🔎 [159/608] 抓取详情: IPVR-269 (https://javdb.com/v/96D0Kg)
[2026-08-11 22:57:45] [INFO] [server.py:588] - [全量订阅演员一条龙 [全量翻页 | 抓取元数据入库]] 🔎 [159/608] 抓取详情: IPVR-269 (https://javdb.com/v/96D0Kg)
[2026-08-11 22:57:48] [INFO] [javdb_scraper.py:196] - 🔍 [DB] 番号 [IPVR-269] 详情已存库 (网页暂无可用磁力，已开启 30 天新片追查模式)
[2026-08-11 22:57:48] [INFO] [server.py:588] - [全量订阅演员一条龙 [全量翻页 | 抓取元数据入库]] 🔍 [DB] 番号 [IPVR-269] 详情已存库 (网页暂无可用磁力，已开启 30 天新片追查模式)
[2026-08-11 22:57:48] [INFO] [javdb_scraper.py:196] - 🔎 [160/608] 抓取详情: IPVR-342 (https://javdb.com/v/e8Ekap)
[2026-08-11 22:57:48] [INFO] [server.py:588] - [全量订阅演员一条龙 [全量翻页 | 抓取元数据入库]] 🔎 [160/608] 抓取详情: IPVR-342 (https://javdb.com/v/e8Ekap)
[2026-08-11 22:57:50] [INFO] [javdb_scraper.py:196] - 🔍 [DB] 番号 [IPVR-342] 详情已存库 (网页暂无可用磁力，已开启 30 天新片追查模式)
[2026-08-11 22:57:50] [INFO] [server.py:588] - [全量订阅演员一条龙 [全量翻页 | 抓取元数据入库]] 🔍 [DB] 番号 [IPVR-342] 详情已存库 (网页暂无可用磁力，已开启 30 天新片追查模式)
[2026-08-11 22:57:50] [INFO] [javdb_scraper.py:196] - 🔎 [161/608] 抓取详情: IPX-004 (https://javdb.com/v/Nw4e4)
[2026-08-11 22:57:50] [INFO] [server.py:588] - [全量订阅演员一条龙 [全量翻页 | 抓取元数据入库]] 🔎 [161/608] 抓取详情: IPX-004 (https://javdb.com/v/Nw4e4)
[2026-08-11 22:57:52] [INFO] [javdb_scraper.py:196] - 🔍 [DB] 番号 [IPX-004] 详情已存库 (网页暂无可用磁力，已开启 30 天新片追查模式)
[2026-08-11 22:57:52] [INFO] [server.py:588] - [全量订阅演员一条龙 [全量翻页 | 抓取元数据入库]] 🔍 [DB] 番号 [IPX-004] 详情已存库 (网页暂无可用磁力，已开启 30 天新片追查模式)
[2026-08-11 22:57:52] [INFO] [javdb_scraper.py:196] - 🔎 [162/608] 抓取详情: IPX-021 (https://javdb.com/v/wq0RB)
[2026-08-11 22:57:52] [INFO] [server.py:588] - [全量订阅演员一条龙 [全量翻页 | 抓取元数据入库]] 🔎 [162/608] 抓取详情: IPX-021 (https://javdb.com/v/wq0RB)
[2026-08-11 22:57:55] [INFO] [javdb_scraper.py:196] - 🔍 [DB] 番号 [IPX-021] 详情已存库 (网页暂无可用磁力，已开启 30 天新片追查模式)
[2026-08-11 22:57:55] [INFO] [server.py:588] - [全量订阅演员一条龙 [全量翻页 | 抓取元数据入库]] 🔍 [DB] 番号 [IPX-021] 详情已存库 (网页暂无可用磁力，已开启 30 天新片追查模式)
[2026-08-11 22:57:55] [INFO] [javdb_scraper.py:196] - 🔎 [163/608] 抓取详情: IPX-037 (https://javdb.com/v/yrA9X)
[2026-08-11 22:57:55] [INFO] [server.py:588] - [全量订阅演员一条龙 [全量翻页 | 抓取元数据入库]] 🔎 [163/608] 抓取详情: IPX-037 (https://javdb.com/v/yrA9X)
[2026-08-11 22:57:57] [INFO] [javdb_scraper.py:196] - 🔍 [DB] 番号 [IPX-037] 详情已存库 (网页暂无可用磁力，已开启 30 天新片追查模式)
[2026-08-11 22:57:57] [INFO] [server.py:588] - [全量订阅演员一条龙 [全量翻页 | 抓取元数据入库]] 🔍 [DB] 番号 [IPX-037] 详情已存库 (网页暂无可用磁力，已开启 30 天新片追查模式)
[2026-08-11 22:57:57] [INFO] [javdb_scraper.py:196] - 🔎 [164/608] 抓取详情: IPX-053 (https://javdb.com/v/g0Kg7)
[2026-08-11 22:57:57] [INFO] [server.py:588] - [全量订阅演员一条龙 [全量翻页 | 抓取元数据入库]] 🔎 [164/608] 抓取详情: IPX-053 (https://javdb.com/v/g0Kg7)
[2026-08-11 22:58:00] [INFO] [javdb_scraper.py:196] - 🔍 [DB] 番号 [IPX-053] 详情已存库 (网页暂无可用磁力，已开启 30 天新片追查模式)
[2026-08-11 22:58:00] [INFO] [server.py:588] - [全量订阅演员一条龙 [全量翻页 | 抓取元数据入库]] 🔍 [DB] 番号 [IPX-053] 详情已存库 (网页暂无可用磁力，已开启 30 天新片追查模式)
[2026-08-11 22:58:00] [INFO] [javdb_scraper.py:196] - 🔎 [165/608] 抓取详情: IPX-071 (https://javdb.com/v/bAvNB)
[2026-08-11 22:58:00] [INFO] [server.py:588] - [全量订阅演员一条龙 [全量翻页 | 抓取元数据入库]] 🔎 [165/608] 抓取详情: IPX-071 (https://javdb.com/v/bAvNB)
[2026-08-11 22:58:03] [INFO] [javdb_scraper.py:196] - 🔍 [DB] 番号 [IPX-071] 详情已存库 (网页暂无可用磁力，已开启 30 天新片追查模式)
[2026-08-11 22:58:03] [INFO] [server.py:588] - [全量订阅演员一条龙 [全量翻页 | 抓取元数据入库]] 🔍 [DB] 番号 [IPX-071] 详情已存库 (网页暂无可用磁力，已开启 30 天新片追查模式)
[2026-08-11 22:58:03] [INFO] [javdb_scraper.py:196] - 🔎 [166/608] 抓取详情: IPX-087 (https://javdb.com/v/QVY1p)
[2026-08-11 22:58:03] [INFO] [server.py:588] - [全量订阅演员一条龙 [全量翻页 | 抓取元数据入库]] 🔎 [166/608] 抓取详情: IPX-087 (https://javdb.com/v/QVY1p)
[2026-08-11 22:58:06] [INFO] [javdb_scraper.py:196] - 🔍 [DB] 番号 [IPX-087] 详情已存库 (网页暂无可用磁力，已开启 30 天新片追查模式)
[2026-08-11 22:58:06] [INFO] [server.py:588] - [全量订阅演员一条龙 [全量翻页 | 抓取元数据入库]] 🔍 [DB] 番号 [IPX-087] 详情已存库 (网页暂无可用磁力，已开启 30 天新片追查模式)
[2026-08-11 22:58:06] [INFO] [javdb_scraper.py:196] - 🔎 [167/608] 抓取详情: IPX-101 (https://javdb.com/v/VwkZW)
[2026-08-11 22:58:06] [INFO] [server.py:588] - [全量订阅演员一条龙 [全量翻页 | 抓取元数据入库]] 🔎 [167/608] 抓取详情: IPX-101 (https://javdb.com/v/VwkZW)
[2026-08-11 22:58:09] [INFO] [javdb_scraper.py:196] - 🔍 [DB] 番号 [IPX-101] 详情已存库 (网页暂无可用磁力，已开启 30 天新片追查模式)
[2026-08-11 22:58:09] [INFO] [server.py:588] - [全量订阅演员一条龙 [全量翻页 | 抓取元数据入库]] 🔍 [DB] 番号 [IPX-101] 详情已存库 (网页暂无可用磁力，已开启 30 天新片追查模式)
[2026-08-11 22:58:09] [INFO] [javdb_scraper.py:196] - 🔎 [168/608] 抓取详情: IPX-113 (https://javdb.com/v/J2qe8)
[2026-08-11 22:58:09] [INFO] [server.py:588] - [全量订阅演员一条龙 [全量翻页 | 抓取元数据入库]] 🔎 [168/608] 抓取详情: IPX-113 (https://javdb.com/v/J2qe8)
[2026-08-11 22:58:11] [INFO] [javdb_scraper.py:196] - 🔍 [DB] 番号 [IPX-113] 详情已存库 (网页暂无可用磁力，已开启 30 天新片追查模式)
[2026-08-11 22:58:11] [INFO] [server.py:588] - [全量订阅演员一条龙 [全量翻页 | 抓取元数据入库]] 🔍 [DB] 番号 [IPX-113] 详情已存库 (网页暂无可用磁力，已开启 30 天新片追查模式)
[2026-08-11 22:58:11] [INFO] [javdb_scraper.py:196] - 🔎 [169/608] 抓取详情: IPX-128 (https://javdb.com/v/zKmWJ)
[2026-08-11 22:58:11] [INFO] [server.py:588] - [全量订阅演员一条龙 [全量翻页 | 抓取元数据入库]] 🔎 [169/608] 抓取详情: IPX-128 (https://javdb.com/v/zKmWJ)
[2026-08-11 22:58:14] [INFO] [javdb_scraper.py:196] - 🔍 [DB] 番号 [IPX-128] 详情已存库 (网页暂无可用磁力，已开启 30 天新片追查模式)
[2026-08-11 22:58:14] [INFO] [server.py:588] - [全量订阅演员一条龙 [全量翻页 | 抓取元数据入库]] 🔍 [DB] 番号 [IPX-128] 详情已存库 (网页暂无可用磁力，已开启 30 天新片追查模式)
[2026-08-11 22:58:14] [INFO] [javdb_scraper.py:196] - 🔎 [170/608] 抓取详情: IPX-142 (https://javdb.com/v/ZNgb6)
[2026-08-11 22:58:14] [INFO] [server.py:588] - [全量订阅演员一条龙 [全量翻页 | 抓取元数据入库]] 🔎 [170/608] 抓取详情: IPX-142 (https://javdb.com/v/ZNgb6)
[2026-08-11 22:58:17] [INFO] [javdb_scraper.py:196] - 🔍 [DB] 番号 [IPX-142] 详情已存库 (网页暂无可用磁力，已开启 30 天新片追查模式)
[2026-08-11 22:58:17] [INFO] [server.py:588] - [全量订阅演员一条龙 [全量翻页 | 抓取元数据入库]] 🔍 [DB] 番号 [IPX-142] 详情已存库 (网页暂无可用磁力，已开启 30 天新片追查模式)
[2026-08-11 22:58:17] [INFO] [javdb_scraper.py:196] - 🔎 [171/608] 抓取详情: IPX-175 (https://javdb.com/v/Aqx7K)
[2026-08-11 22:58:17] [INFO] [server.py:588] - [全量订阅演员一条龙 [全量翻页 | 抓取元数据入库]] 🔎 [171/608] 抓取详情: IPX-175 (https://javdb.com/v/Aqx7K)
[2026-08-11 22:58:20] [INFO] [javdb_scraper.py:196] - 🔍 [DB] 番号 [IPX-175] 详情已存库 (网页暂无可用磁力，已开启 30 天新片追查模式)
[2026-08-11 22:58:20] [INFO] [server.py:588] - [全量订阅演员一条龙 [全量翻页 | 抓取元数据入库]] 🔍 [DB] 番号 [IPX-175] 详情已存库 (网页暂无可用磁力，已开启 30 天新片追查模式)
[2026-08-11 22:58:20] [INFO] [javdb_scraper.py:196] - 🔎 [172/608] 抓取详情: IPX-191 (https://javdb.com/v/XBqaa)
[2026-08-11 22:58:20] [INFO] [server.py:588] - [全量订阅演员一条龙 [全量翻页 | 抓取元数据入库]] 🔎 [172/608] 抓取详情: IPX-191 (https://javdb.com/v/XBqaa)
[2026-08-11 22:58:23] [INFO] [javdb_scraper.py:196] - 🔍 [DB] 番号 [IPX-191] 详情已存库 (网页暂无可用磁力，已开启 30 天新片追查模式)
[2026-08-11 22:58:23] [INFO] [server.py:588] - [全量订阅演员一条龙 [全量翻页 | 抓取元数据入库]] 🔍 [DB] 番号 [IPX-191] 详情已存库 (网页暂无可用磁力，已开启 30 天新片追查模式)
[2026-08-11 22:58:23] [INFO] [javdb_scraper.py:196] - 🔎 [173/608] 抓取详情: IPX-204 (https://javdb.com/v/9WeR5)
[2026-08-11 22:58:23] [INFO] [server.py:588] - [全量订阅演员一条龙 [全量翻页 | 抓取元数据入库]] 🔎 [173/608] 抓取详情: IPX-204 (https://javdb.com/v/9WeR5)
[2026-08-11 22:58:26] [INFO] [javdb_scraper.py:196] - 🔍 [DB] 番号 [IPX-204] 详情已存库 (网页暂无可用磁力，已开启 30 天新片追查模式)
[2026-08-11 22:58:26] [INFO] [server.py:588] - [全量订阅演员一条龙 [全量翻页 | 抓取元数据入库]] 🔍 [DB] 番号 [IPX-204] 详情已存库 (网页暂无可用磁力，已开启 30 天新片追查模式)
[2026-08-11 22:58:26] [INFO] [javdb_scraper.py:196] - 🔎 [174/608] 抓取详情: IPX-316 (https://javdb.com/v/6D8zK)
[2026-08-11 22:58:26] [INFO] [server.py:588] - [全量订阅演员一条龙 [全量翻页 | 抓取元数据入库]] 🔎 [174/608] 抓取详情: IPX-316 (https://javdb.com/v/6D8zK)
[2026-08-11 22:58:29] [INFO] [javdb_scraper.py:196] - 🔍 [DB] 番号 [IPX-316] 详情已存库 (网页暂无可用磁力，已开启 30 天新片追查模式)
[2026-08-11 22:58:29] [INFO] [server.py:588] - [全量订阅演员一条龙 [全量翻页 | 抓取元数据入库]] 🔍 [DB] 番号 [IPX-316] 详情已存库 (网页暂无可用磁力，已开启 30 天新片追查模式)
[2026-08-11 22:58:29] [INFO] [javdb_scraper.py:196] - 🔎 [175/608] 抓取详情: IPX-328 (https://javdb.com/v/EvQJQ)
[2026-08-11 22:58:29] [INFO] [server.py:588] - [全量订阅演员一条龙 [全量翻页 | 抓取元数据入库]] 🔎 [175/608] 抓取详情: IPX-328 (https://javdb.com/v/EvQJQ)
[2026-08-11 22:58:32] [INFO] [javdb_scraper.py:196] - 🔍 [DB] 番号 [IPX-328] 详情已存库 (网页暂无可用磁力，已开启 30 天新片追查模式)
[2026-08-11 22:58:32] [INFO] [server.py:588] - [全量订阅演员一条龙 [全量翻页 | 抓取元数据入库]] 🔍 [DB] 番号 [IPX-328] 详情已存库 (网页暂无可用磁力，已开启 30 天新片追查模式)
[2026-08-11 22:58:32] [INFO] [javdb_scraper.py:196] - 🔎 [176/608] 抓取详情: IPX-344 (https://javdb.com/v/a2gZ4)
[2026-08-11 22:58:32] [INFO] [server.py:588] - [全量订阅演员一条龙 [全量翻页 | 抓取元数据入库]] 🔎 [176/608] 抓取详情: IPX-344 (https://javdb.com/v/a2gZ4)
[2026-08-11 22:58:35] [INFO] [javdb_scraper.py:196] - 🔍 [DB] 番号 [IPX-344] 详情已存库 (网页暂无可用磁力，已开启 30 天新片追查模式)
[2026-08-11 22:58:35] [INFO] [server.py:588] - [全量订阅演员一条龙 [全量翻页 | 抓取元数据入库]] 🔍 [DB] 番号 [IPX-344] 详情已存库 (网页暂无可用磁力，已开启 30 天新片追查模式)
[2026-08-11 22:58:35] [INFO] [javdb_scraper.py:196] - 🔎 [177/608] 抓取详情: IPX-360 (https://javdb.com/v/Z41kP)
[2026-08-11 22:58:35] [INFO] [server.py:588] - [全量订阅演员一条龙 [全量翻页 | 抓取元数据入库]] 🔎 [177/608] 抓取详情: IPX-360 (https://javdb.com/v/Z41kP)
[2026-08-11 22:58:38] [INFO] [javdb_scraper.py:196] - 🔍 [DB] 番号 [IPX-360] 详情已存库 (网页暂无可用磁力，已开启 30 天新片追查模式)
[2026-08-11 22:58:38] [INFO] [server.py:588] - [全量订阅演员一条龙 [全量翻页 | 抓取元数据入库]] 🔍 [DB] 番号 [IPX-360] 详情已存库 (网页暂无可用磁力，已开启 30 天新片追查模式)
[2026-08-11 22:58:38] [INFO] [javdb_scraper.py:196] - 🔎 [178/608] 抓取详情: IPX-374 (https://javdb.com/v/DOyeK)
[2026-08-11 22:58:38] [INFO] [server.py:588] - [全量订阅演员一条龙 [全量翻页 | 抓取元数据入库]] 🔎 [178/608] 抓取详情: IPX-374 (https://javdb.com/v/DOyeK)
[2026-08-11 22:58:40] [INFO] [javdb_scraper.py:196] - 🔍 [DB] 番号 [IPX-374] 详情已存库 (网页暂无可用磁力，已开启 30 天新片追查模式)
[2026-08-11 22:58:40] [INFO] [server.py:588] - [全量订阅演员一条龙 [全量翻页 | 抓取元数据入库]] 🔍 [DB] 番号 [IPX-374] 详情已存库 (网页暂无可用磁力，已开启 30 天新片追查模式)
[2026-08-11 22:58:40] [INFO] [javdb_scraper.py:196] - 🔎 [179/608] 抓取详情: IPX-389 (https://javdb.com/v/rPnpJ)
[2026-08-11 22:58:40] [INFO] [server.py:588] - [全量订阅演员一条龙 [全量翻页 | 抓取元数据入库]] 🔎 [179/608] 抓取详情: IPX-389 (https://javdb.com/v/rPnpJ)
[2026-08-11 22:58:44] [INFO] [javdb_scraper.py:196] - 🔍 [DB] 番号 [IPX-389] 详情已存库 (网页暂无可用磁力，已开启 30 天新片追查模式)
[2026-08-11 22:58:44] [INFO] [server.py:588] - [全量订阅演员一条龙 [全量翻页 | 抓取元数据入库]] 🔍 [DB] 番号 [IPX-389] 详情已存库 (网页暂无可用磁力，已开启 30 天新片追查模式)
[2026-08-11 22:58:44] [INFO] [javdb_scraper.py:196] - 🔎 [180/608] 抓取详情: IPX-404 (https://javdb.com/v/0yr4v)
[2026-08-11 22:58:44] [INFO] [server.py:588] - [全量订阅演员一条龙 [全量翻页 | 抓取元数据入库]] 🔎 [180/608] 抓取详情: IPX-404 (https://javdb.com/v/0yr4v)
[2026-08-11 22:58:47] [INFO] [javdb_scraper.py:196] - 🔍 [DB] 番号 [IPX-404] 详情已存库 (网页暂无可用磁力，已开启 30 天新片追查模式)
[2026-08-11 22:58:47] [INFO] [server.py:588] - [全量订阅演员一条龙 [全量翻页 | 抓取元数据入库]] 🔍 [DB] 番号 [IPX-404] 详情已存库 (网页暂无可用磁力，已开启 30 天新片追查模式)
[2026-08-11 22:58:47] [INFO] [javdb_scraper.py:196] - 🔎 [181/608] 抓取详情: IPX-419 (https://javdb.com/v/9qY1q)
[2026-08-11 22:58:47] [INFO] [server.py:588] - [全量订阅演员一条龙 [全量翻页 | 抓取元数据入库]] 🔎 [181/608] 抓取详情: IPX-419 (https://javdb.com/v/9qY1q)
[2026-08-11 22:58:50] [INFO] [javdb_scraper.py:196] - 🔍 [DB] 番号 [IPX-419] 详情已存库 (网页暂无可用磁力，已开启 30 天新片追查模式)
[2026-08-11 22:58:50] [INFO] [server.py:588] - [全量订阅演员一条龙 [全量翻页 | 抓取元数据入库]] 🔍 [DB] 番号 [IPX-419] 详情已存库 (网页暂无可用磁力，已开启 30 天新片追查模式)
[2026-08-11 22:58:50] [INFO] [javdb_scraper.py:196] - 🔎 [182/608] 抓取详情: IPX-430 (https://javdb.com/v/JdxwB)
[2026-08-11 22:58:50] [INFO] [server.py:588] - [全量订阅演员一条龙 [全量翻页 | 抓取元数据入库]] 🔎 [182/608] 抓取详情: IPX-430 (https://javdb.com/v/JdxwB)
[2026-08-11 22:58:53] [INFO] [javdb_scraper.py:196] - 🔍 [DB] 番号 [IPX-430] 详情已存库 (网页暂无可用磁力，已开启 30 天新片追查模式)
[2026-08-11 22:58:53] [INFO] [server.py:588] - [全量订阅演员一条龙 [全量翻页 | 抓取元数据入库]] 🔍 [DB] 番号 [IPX-430] 详情已存库 (网页暂无可用磁力，已开启 30 天新片追查模式)
[2026-08-11 22:58:53] [INFO] [javdb_scraper.py:196] - 🔎 [183/608] 抓取详情: IPX-443 (https://javdb.com/v/mbO3d)
[2026-08-11 22:58:53] [INFO] [server.py:588] - [全量订阅演员一条龙 [全量翻页 | 抓取元数据入库]] 🔎 [183/608] 抓取详情: IPX-443 (https://javdb.com/v/mbO3d)
[2026-08-11 22:58:55] [INFO] [javdb_scraper.py:196] - 🔍 [DB] 番号 [IPX-443] 详情已存库 (网页暂无可用磁力，已开启 30 天新片追查模式)
[2026-08-11 22:58:55] [INFO] [server.py:588] - [全量订阅演员一条龙 [全量翻页 | 抓取元数据入库]] 🔍 [DB] 番号 [IPX-443] 详情已存库 (网页暂无可用磁力，已开启 30 天新片追查模式)
[2026-08-11 22:58:55] [INFO] [javdb_scraper.py:196] - 🔎 [184/608] 抓取详情: IPX-457 (https://javdb.com/v/Zxg3V)
[2026-08-11 22:58:55] [INFO] [server.py:588] - [全量订阅演员一条龙 [全量翻页 | 抓取元数据入库]] 🔎 [184/608] 抓取详情: IPX-457 (https://javdb.com/v/Zxg3V)
[2026-08-11 22:58:58] [INFO] [javdb_scraper.py:196] - 🔍 [DB] 番号 [IPX-457] 详情已存库 (网页暂无可用磁力，已开启 30 天新片追查模式)
[2026-08-11 22:58:58] [INFO] [server.py:588] - [全量订阅演员一条龙 [全量翻页 | 抓取元数据入库]] 🔍 [DB] 番号 [IPX-457] 详情已存库 (网页暂无可用磁力，已开启 30 天新片追查模式)
[2026-08-11 22:58:58] [INFO] [javdb_scraper.py:196] - 🔎 [185/608] 抓取详情: IPX-473 (https://javdb.com/v/Enpw2)
[2026-08-11 22:58:58] [INFO] [server.py:588] - [全量订阅演员一条龙 [全量翻页 | 抓取元数据入库]] 🔎 [185/608] 抓取详情: IPX-473 (https://javdb.com/v/Enpw2)
[2026-08-11 22:59:01] [INFO] [javdb_scraper.py:196] - 🔍 [DB] 番号 [IPX-473] 详情已存库 (网页暂无可用磁力，已开启 30 天新片追查模式)
[2026-08-11 22:59:01] [INFO] [server.py:588] - [全量订阅演员一条龙 [全量翻页 | 抓取元数据入库]] 🔍 [DB] 番号 [IPX-473] 详情已存库 (网页暂无可用磁力，已开启 30 天新片追查模式)
[2026-08-11 22:59:01] [INFO] [javdb_scraper.py:196] - 🔎 [186/608] 抓取详情: IPX-489 (https://javdb.com/v/AVMgM)
[2026-08-11 22:59:01] [INFO] [server.py:588] - [全量订阅演员一条龙 [全量翻页 | 抓取元数据入库]] 🔎 [186/608] 抓取详情: IPX-489 (https://javdb.com/v/AVMgM)
[2026-08-11 22:59:03] [INFO] [javdb_scraper.py:196] - 🔍 [DB] 番号 [IPX-489] 详情已存库 (网页暂无可用磁力，已开启 30 天新片追查模式)
[2026-08-11 22:59:03] [INFO] [server.py:588] - [全量订阅演员一条龙 [全量翻页 | 抓取元数据入库]] 🔍 [DB] 番号 [IPX-489] 详情已存库 (网页暂无可用磁力，已开启 30 天新片追查模式)
[2026-08-11 22:59:03] [INFO] [javdb_scraper.py:196] - 🔎 [187/608] 抓取详情: IPX-507 (https://javdb.com/v/KPR8A)
[2026-08-11 22:59:03] [INFO] [server.py:588] - [全量订阅演员一条龙 [全量翻页 | 抓取元数据入库]] 🔎 [187/608] 抓取详情: IPX-507 (https://javdb.com/v/KPR8A)
[2026-08-11 22:59:07] [INFO] [javdb_scraper.py:196] - 🔍 [DB] 番号 [IPX-507] 详情已存库 (网页暂无可用磁力，已开启 30 天新片追查模式)
[2026-08-11 22:59:07] [INFO] [server.py:588] - [全量订阅演员一条龙 [全量翻页 | 抓取元数据入库]] 🔍 [DB] 番号 [IPX-507] 详情已存库 (网页暂无可用磁力，已开启 30 天新片追查模式)
[2026-08-11 22:59:07] [INFO] [javdb_scraper.py:196] - 🔎 [188/608] 抓取详情: IPX-518 (https://javdb.com/v/pz8pk)
[2026-08-11 22:59:07] [INFO] [server.py:588] - [全量订阅演员一条龙 [全量翻页 | 抓取元数据入库]] 🔎 [188/608] 抓取详情: IPX-518 (https://javdb.com/v/pz8pk)
[2026-08-11 22:59:10] [INFO] [javdb_scraper.py:196] - 🔍 [DB] 番号 [IPX-518] 详情已存库 (网页暂无可用磁力，已开启 30 天新片追查模式)
[2026-08-11 22:59:10] [INFO] [server.py:588] - [全量订阅演员一条龙 [全量翻页 | 抓取元数据入库]] 🔍 [DB] 番号 [IPX-518] 详情已存库 (网页暂无可用磁力，已开启 30 天新片追查模式)
[2026-08-11 22:59:10] [INFO] [javdb_scraper.py:196] - 🔎 [189/608] 抓取详情: IPX-530 (https://javdb.com/v/vqRyG)
[2026-08-11 22:59:10] [INFO] [server.py:588] - [全量订阅演员一条龙 [全量翻页 | 抓取元数据入库]] 🔎 [189/608] 抓取详情: IPX-530 (https://javdb.com/v/vqRyG)
[2026-08-11 22:59:13] [INFO] [javdb_scraper.py:196] - 🔍 [DB] 番号 [IPX-530] 详情已存库 (网页暂无可用磁力，已开启 30 天新片追查模式)
[2026-08-11 22:59:13] [INFO] [server.py:588] - [全量订阅演员一条龙 [全量翻页 | 抓取元数据入库]] 🔍 [DB] 番号 [IPX-530] 详情已存库 (网页暂无可用磁力，已开启 30 天新片追查模式)
[2026-08-11 22:59:13] [INFO] [javdb_scraper.py:196] - 🔎 [190/608] 抓取详情: IPX-540 (https://javdb.com/v/JZX02)
[2026-08-11 22:59:13] [INFO] [server.py:588] - [全量订阅演员一条龙 [全量翻页 | 抓取元数据入库]] 🔎 [190/608] 抓取详情: IPX-540 (https://javdb.com/v/JZX02)
[2026-08-11 22:59:16] [INFO] [javdb_scraper.py:196] - 🔍 [DB] 番号 [IPX-540] 详情已存库 (网页暂无可用磁力，已开启 30 天新片追查模式)
[2026-08-11 22:59:16] [INFO] [server.py:588] - [全量订阅演员一条龙 [全量翻页 | 抓取元数据入库]] 🔍 [DB] 番号 [IPX-540] 详情已存库 (网页暂无可用磁力，已开启 30 天新片追查模式)
[2026-08-11 22:59:16] [INFO] [javdb_scraper.py:196] - 🔎 [191/608] 抓取详情: IPX-555 (https://javdb.com/v/Nb90B)
[2026-08-11 22:59:16] [INFO] [server.py:588] - [全量订阅演员一条龙 [全量翻页 | 抓取元数据入库]] 🔎 [191/608] 抓取详情: IPX-555 (https://javdb.com/v/Nb90B)
[2026-08-11 22:59:19] [INFO] [javdb_scraper.py:196] - 🔍 [DB] 番号 [IPX-555] 详情已存库 (网页暂无可用磁力，已开启 30 天新片追查模式)
[2026-08-11 22:59:19] [INFO] [server.py:588] - [全量订阅演员一条龙 [全量翻页 | 抓取元数据入库]] 🔍 [DB] 番号 [IPX-555] 详情已存库 (网页暂无可用磁力，已开启 30 天新片追查模式)
[2026-08-11 22:59:19] [INFO] [javdb_scraper.py:196] - 🔎 [192/608] 抓取详情: IPX-569 (https://javdb.com/v/MBeyA)
[2026-08-11 22:59:19] [INFO] [server.py:588] - [全量订阅演员一条龙 [全量翻页 | 抓取元数据入库]] 🔎 [192/608] 抓取详情: IPX-569 (https://javdb.com/v/MBeyA)
[2026-08-11 22:59:22] [INFO] [javdb_scraper.py:196] - 🔍 [DB] 番号 [IPX-569] 详情已存库 (网页暂无可用磁力，已开启 30 天新片追查模式)
[2026-08-11 22:59:22] [INFO] [server.py:588] - [全量订阅演员一条龙 [全量翻页 | 抓取元数据入库]] 🔍 [DB] 番号 [IPX-569] 详情已存库 (网页暂无可用磁力，已开启 30 天新片追查模式)
[2026-08-11 22:59:22] [INFO] [javdb_scraper.py:196] - 🔎 [193/608] 抓取详情: IPX-586 (https://javdb.com/v/P6zW2)
[2026-08-11 22:59:22] [INFO] [server.py:588] - [全量订阅演员一条龙 [全量翻页 | 抓取元数据入库]] 🔎 [193/608] 抓取详情: IPX-586 (https://javdb.com/v/P6zW2)
[2026-08-11 22:59:25] [INFO] [javdb_scraper.py:196] - 🔍 [DB] 番号 [IPX-586] 详情已存库 (网页暂无可用磁力，已开启 30 天新片追查模式)
[2026-08-11 22:59:25] [INFO] [server.py:588] - [全量订阅演员一条龙 [全量翻页 | 抓取元数据入库]] 🔍 [DB] 番号 [IPX-586] 详情已存库 (网页暂无可用磁力，已开启 30 天新片追查模式)
[2026-08-11 22:59:25] [INFO] [javdb_scraper.py:196] - 🔎 [194/608] 抓取详情: IPX-602 (https://javdb.com/v/KN4EM)
[2026-08-11 22:59:25] [INFO] [server.py:588] - [全量订阅演员一条龙 [全量翻页 | 抓取元数据入库]] 🔎 [194/608] 抓取详情: IPX-602 (https://javdb.com/v/KN4EM)
[2026-08-11 22:59:28] [INFO] [javdb_scraper.py:196] - 🔍 [DB] 番号 [IPX-602] 详情已存库 (网页暂无可用磁力，已开启 30 天新片追查模式)
[2026-08-11 22:59:28] [INFO] [server.py:588] - [全量订阅演员一条龙 [全量翻页 | 抓取元数据入库]] 🔍 [DB] 番号 [IPX-602] 详情已存库 (网页暂无可用磁力，已开启 30 天新片追查模式)
[2026-08-11 22:59:28] [INFO] [javdb_scraper.py:196] - 🔎 [195/608] 抓取详情: IPX-618 (https://javdb.com/v/ZY0Em)
[2026-08-11 22:59:28] [INFO] [server.py:588] - [全量订阅演员一条龙 [全量翻页 | 抓取元数据入库]] 🔎 [195/608] 抓取详情: IPX-618 (https://javdb.com/v/ZY0Em)
[2026-08-11 22:59:32] [INFO] [javdb_scraper.py:196] - 🔍 [DB] 番号 [IPX-618] 详情已存库 (网页暂无可用磁力，已开启 30 天新片追查模式)
[2026-08-11 22:59:32] [INFO] [server.py:588] - [全量订阅演员一条龙 [全量翻页 | 抓取元数据入库]] 🔍 [DB] 番号 [IPX-618] 详情已存库 (网页暂无可用磁力，已开启 30 天新片追查模式)
[2026-08-11 22:59:32] [INFO] [javdb_scraper.py:196] - 🔎 [196/608] 抓取详情: IPX-633 (https://javdb.com/v/8w7Da)
[2026-08-11 22:59:32] [INFO] [server.py:588] - [全量订阅演员一条龙 [全量翻页 | 抓取元数据入库]] 🔎 [196/608] 抓取详情: IPX-633 (https://javdb.com/v/8w7Da)
[2026-08-11 22:59:34] [INFO] [javdb_scraper.py:196] - 🔍 [DB] 番号 [IPX-633] 详情已存库 (网页暂无可用磁力，已开启 30 天新片追查模式)
[2026-08-11 22:59:34] [INFO] [server.py:588] - [全量订阅演员一条龙 [全量翻页 | 抓取元数据入库]] 🔍 [DB] 番号 [IPX-633] 详情已存库 (网页暂无可用磁力，已开启 30 天新片追查模式)
[2026-08-11 22:59:34] [INFO] [javdb_scraper.py:196] - 🔎 [197/608] 抓取详情: IPX-647 (https://javdb.com/v/2wbRm)
[2026-08-11 22:59:34] [INFO] [server.py:588] - [全量订阅演员一条龙 [全量翻页 | 抓取元数据入库]] 🔎 [197/608] 抓取详情: IPX-647 (https://javdb.com/v/2wbRm)
[2026-08-11 22:59:37] [INFO] [javdb_scraper.py:196] - 🔍 [DB] 番号 [IPX-647] 详情已存库 (网页暂无可用磁力，已开启 30 天新片追查模式)
[2026-08-11 22:59:37] [INFO] [server.py:588] - [全量订阅演员一条龙 [全量翻页 | 抓取元数据入库]] 🔍 [DB] 番号 [IPX-647] 详情已存库 (网页暂无可用磁力，已开启 30 天新片追查模式)
[2026-08-11 22:59:37] [INFO] [javdb_scraper.py:196] - 🔎 [198/608] 抓取详情: IPX-662 (https://javdb.com/v/0mkKq)
[2026-08-11 22:59:37] [INFO] [server.py:588] - [全量订阅演员一条龙 [全量翻页 | 抓取元数据入库]] 🔎 [198/608] 抓取详情: IPX-662 (https://javdb.com/v/0mkKq)
[2026-08-11 22:59:40] [INFO] [javdb_scraper.py:196] - 🔍 [DB] 番号 [IPX-662] 详情已存库 (网页暂无可用磁力，已开启 30 天新片追查模式)
[2026-08-11 22:59:40] [INFO] [server.py:588] - [全量订阅演员一条龙 [全量翻页 | 抓取元数据入库]] 🔍 [DB] 番号 [IPX-662] 详情已存库 (网页暂无可用磁力，已开启 30 天新片追查模式)
[2026-08-11 22:59:40] [INFO] [javdb_scraper.py:196] - 🔎 [199/608] 抓取详情: IPX-695 (https://javdb.com/v/40vmp)
[2026-08-11 22:59:40] [INFO] [server.py:588] - [全量订阅演员一条龙 [全量翻页 | 抓取元数据入库]] 🔎 [199/608] 抓取详情: IPX-695 (https://javdb.com/v/40vmp)
[2026-08-11 22:59:43] [INFO] [javdb_scraper.py:196] - 🔍 [DB] 番号 [IPX-695] 详情已存库 (网页暂无可用磁力，已开启 30 天新片追查模式)
[2026-08-11 22:59:43] [INFO] [server.py:588] - [全量订阅演员一条龙 [全量翻页 | 抓取元数据入库]] 🔍 [DB] 番号 [IPX-695] 详情已存库 (网页暂无可用磁力，已开启 30 天新片追查模式)
[2026-08-11 22:59:43] [INFO] [javdb_scraper.py:196] - 🔎 [200/608] 抓取详情: IPX-712 (https://javdb.com/v/Rgr44)
[2026-08-11 22:59:43] [INFO] [server.py:588] - [全量订阅演员一条龙 [全量翻页 | 抓取元数据入库]] 🔎 [200/608] 抓取详情: IPX-712 (https://javdb.com/v/Rgr44)
[2026-08-11 22:59:45] [INFO] [javdb_scraper.py:196] - 🔍 [DB] 番号 [IPX-712] 详情已存库 (网页暂无可用磁力，已开启 30 天新片追查模式)
[2026-08-11 22:59:45] [INFO] [server.py:588] - [全量订阅演员一条龙 [全量翻页 | 抓取元数据入库]] 🔍 [DB] 番号 [IPX-712] 详情已存库 (网页暂无可用磁力，已开启 30 天新片追查模式)
[2026-08-11 22:59:45] [INFO] [javdb_scraper.py:196] - 🔎 [201/608] 抓取详情: IPX-730 (https://javdb.com/v/dvxvv)
[2026-08-11 22:59:45] [INFO] [server.py:588] - [全量订阅演员一条龙 [全量翻页 | 抓取元数据入库]] 🔎 [201/608] 抓取详情: IPX-730 (https://javdb.com/v/dvxvv)
[2026-08-11 22:59:48] [INFO] [javdb_scraper.py:196] - 🔍 [DB] 番号 [IPX-730] 详情已存库 (网页暂无可用磁力，已开启 30 天新片追查模式)
[2026-08-11 22:59:48] [INFO] [server.py:588] - [全量订阅演员一条龙 [全量翻页 | 抓取元数据入库]] 🔍 [DB] 番号 [IPX-730] 详情已存库 (网页暂无可用磁力，已开启 30 天新片追查模式)
[2026-08-11 22:59:48] [INFO] [javdb_scraper.py:196] - 🔎 [202/608] 抓取详情: IPX-748 (https://javdb.com/v/k8n3e)
[2026-08-11 22:59:48] [INFO] [server.py:588] - [全量订阅演员一条龙 [全量翻页 | 抓取元数据入库]] 🔎 [202/608] 抓取详情: IPX-748 (https://javdb.com/v/k8n3e)
[2026-08-11 22:59:52] [INFO] [javdb_scraper.py:196] - 🔍 [DB] 番号 [IPX-748] 详情已存库 (网页暂无可用磁力，已开启 30 天新片追查模式)
[2026-08-11 22:59:52] [INFO] [server.py:588] - [全量订阅演员一条龙 [全量翻页 | 抓取元数据入库]] 🔍 [DB] 番号 [IPX-748] 详情已存库 (网页暂无可用磁力，已开启 30 天新片追查模式)
[2026-08-11 22:59:52] [INFO] [javdb_scraper.py:196] - 🔎 [203/608] 抓取详情: IPX-764 (https://javdb.com/v/Zkk7A)
[2026-08-11 22:59:52] [INFO] [server.py:588] - [全量订阅演员一条龙 [全量翻页 | 抓取元数据入库]] 🔎 [203/608] 抓取详情: IPX-764 (https://javdb.com/v/Zkk7A)
[2026-08-11 22:59:55] [INFO] [javdb_scraper.py:196] - 🔍 [DB] 番号 [IPX-764] 详情已存库 (网页暂无可用磁力，已开启 30 天新片追查模式)
[2026-08-11 22:59:55] [INFO] [server.py:588] - [全量订阅演员一条龙 [全量翻页 | 抓取元数据入库]] 🔍 [DB] 番号 [IPX-764] 详情已存库 (网页暂无可用磁力，已开启 30 天新片追查模式)
[2026-08-11 22:59:55] [INFO] [javdb_scraper.py:196] - 🔎 [204/608] 抓取详情: IPX-782 (https://javdb.com/v/ZBwrJ)
[2026-08-11 22:59:55] [INFO] [server.py:588] - [全量订阅演员一条龙 [全量翻页 | 抓取元数据入库]] 🔎 [204/608] 抓取详情: IPX-782 (https://javdb.com/v/ZBwrJ)
[2026-08-11 22:59:58] [INFO] [javdb_scraper.py:196] - 🔍 [DB] 番号 [IPX-782] 详情已存库 (网页暂无可用磁力，已开启 30 天新片追查模式)
[2026-08-11 22:59:58] [INFO] [server.py:588] - [全量订阅演员一条龙 [全量翻页 | 抓取元数据入库]] 🔍 [DB] 番号 [IPX-782] 详情已存库 (网页暂无可用磁力，已开启 30 天新片追查模式)
[2026-08-11 22:59:58] [INFO] [javdb_scraper.py:196] - 🔎 [205/608] 抓取详情: IPX-799 (https://javdb.com/v/mGANv)
[2026-08-11 22:59:58] [INFO] [server.py:588] - [全量订阅演员一条龙 [全量翻页 | 抓取元数据入库]] 🔎 [205/608] 抓取详情: IPX-799 (https://javdb.com/v/mGANv)
[2026-08-11 23:00:00] [INFO] [javdb_scraper.py:196] - 🔍 [DB] 番号 [IPX-799] 详情已存库 (网页暂无可用磁力，已开启 30 天新片追查模式)
[2026-08-11 23:00:00] [INFO] [server.py:588] - [全量订阅演员一条龙 [全量翻页 | 抓取元数据入库]] 🔍 [DB] 番号 [IPX-799] 详情已存库 (网页暂无可用磁力，已开启 30 天新片追查模式)
[2026-08-11 23:00:00] [INFO] [javdb_scraper.py:196] - 🔎 [206/608] 抓取详情: IPX-817 (https://javdb.com/v/g16BQ)
[2026-08-11 23:00:00] [INFO] [server.py:588] - [全量订阅演员一条龙 [全量翻页 | 抓取元数据入库]] 🔎 [206/608] 抓取详情: IPX-817 (https://javdb.com/v/g16BQ)
[2026-08-11 23:00:03] [INFO] [javdb_scraper.py:196] - 🔍 [DB] 番号 [IPX-817] 详情已存库 (网页暂无可用磁力，已开启 30 天新片追查模式)
[2026-08-11 23:00:03] [INFO] [server.py:588] - [全量订阅演员一条龙 [全量翻页 | 抓取元数据入库]] 🔍 [DB] 番号 [IPX-817] 详情已存库 (网页暂无可用磁力，已开启 30 天新片追查模式)
[2026-08-11 23:00:03] [INFO] [javdb_scraper.py:196] - 🔎 [207/608] 抓取详情: IPX-837 (https://javdb.com/v/75g2V)
[2026-08-11 23:00:03] [INFO] [server.py:588] - [全量订阅演员一条龙 [全量翻页 | 抓取元数据入库]] 🔎 [207/608] 抓取详情: IPX-837 (https://javdb.com/v/75g2V)
[2026-08-11 23:00:07] [INFO] [javdb_scraper.py:196] - 🔍 [DB] 番号 [IPX-837] 详情已存库 (网页暂无可用磁力，已开启 30 天新片追查模式)
[2026-08-11 23:00:07] [INFO] [server.py:588] - [全量订阅演员一条龙 [全量翻页 | 抓取元数据入库]] 🔍 [DB] 番号 [IPX-837] 详情已存库 (网页暂无可用磁力，已开启 30 天新片追查模式)
[2026-08-11 23:00:07] [INFO] [javdb_scraper.py:196] - 🔎 [208/608] 抓取详情: IPX-871 (https://javdb.com/v/gv0zG)
[2026-08-11 23:00:07] [INFO] [server.py:588] - [全量订阅演员一条龙 [全量翻页 | 抓取元数据入库]] 🔎 [208/608] 抓取详情: IPX-871 (https://javdb.com/v/gv0zG)
[2026-08-11 23:00:09] [INFO] [javdb_scraper.py:196] - 🔍 [DB] 番号 [IPX-871] 详情已存库 (网页暂无可用磁力，已开启 30 天新片追查模式)
[2026-08-11 23:00:09] [INFO] [server.py:588] - [全量订阅演员一条龙 [全量翻页 | 抓取元数据入库]] 🔍 [DB] 番号 [IPX-871] 详情已存库 (网页暂无可用磁力，已开启 30 天新片追查模式)
[2026-08-11 23:00:09] [INFO] [javdb_scraper.py:196] - 🔎 [209/608] 抓取详情: IPX-904 (https://javdb.com/v/nkQaX)
[2026-08-11 23:00:09] [INFO] [server.py:588] - [全量订阅演员一条龙 [全量翻页 | 抓取元数据入库]] 🔎 [209/608] 抓取详情: IPX-904 (https://javdb.com/v/nkQaX)
[2026-08-11 23:00:12] [INFO] [javdb_scraper.py:196] - 🔍 [DB] 番号 [IPX-904] 详情已存库 (网页暂无可用磁力，已开启 30 天新片追查模式)
[2026-08-11 23:00:12] [INFO] [server.py:588] - [全量订阅演员一条龙 [全量翻页 | 抓取元数据入库]] 🔍 [DB] 番号 [IPX-904] 详情已存库 (网页暂无可用磁力，已开启 30 天新片追查模式)
[2026-08-11 23:00:12] [INFO] [javdb_scraper.py:196] - 🔎 [210/608] 抓取详情: IPX-920 (https://javdb.com/v/ZXXMqq)
[2026-08-11 23:00:12] [INFO] [server.py:588] - [全量订阅演员一条龙 [全量翻页 | 抓取元数据入库]] 🔎 [210/608] 抓取详情: IPX-920 (https://javdb.com/v/ZXXMqq)
[2026-08-11 23:00:15] [INFO] [javdb_scraper.py:196] - 🔍 [DB] 番号 [IPX-920] 详情已存库 (网页暂无可用磁力，已开启 30 天新片追查模式)
[2026-08-11 23:00:15] [INFO] [server.py:588] - [全量订阅演员一条龙 [全量翻页 | 抓取元数据入库]] 🔍 [DB] 番号 [IPX-920] 详情已存库 (网页暂无可用磁力，已开启 30 天新片追查模式)
[2026-08-11 23:00:15] [INFO] [javdb_scraper.py:196] - 🔎 [211/608] 抓取详情: IPX-937 (https://javdb.com/v/XWBDOb)
[2026-08-11 23:00:15] [INFO] [server.py:588] - [全量订阅演员一条龙 [全量翻页 | 抓取元数据入库]] 🔎 [211/608] 抓取详情: IPX-937 (https://javdb.com/v/XWBDOb)
[2026-08-11 23:00:17] [INFO] [javdb_scraper.py:196] - 🔍 [DB] 番号 [IPX-937] 详情已存库 (网页暂无可用磁力，已开启 30 天新片追查模式)
[2026-08-11 23:00:17] [INFO] [server.py:588] - [全量订阅演员一条龙 [全量翻页 | 抓取元数据入库]] 🔍 [DB] 番号 [IPX-937] 详情已存库 (网页暂无可用磁力，已开启 30 天新片追查模式)
[2026-08-11 23:00:17] [INFO] [javdb_scraper.py:196] - 🔎 [212/608] 抓取详情: IPX-954 (https://javdb.com/v/J261dB)
[2026-08-11 23:00:17] [INFO] [server.py:588] - [全量订阅演员一条龙 [全量翻页 | 抓取元数据入库]] 🔎 [212/608] 抓取详情: IPX-954 (https://javdb.com/v/J261dB)
[2026-08-11 23:00:21] [INFO] [javdb_scraper.py:196] - 🔍 [DB] 番号 [IPX-954] 详情已存库 (网页暂无可用磁力，已开启 30 天新片追查模式)
[2026-08-11 23:00:21] [INFO] [server.py:588] - [全量订阅演员一条龙 [全量翻页 | 抓取元数据入库]] 🔍 [DB] 番号 [IPX-954] 详情已存库 (网页暂无可用磁力，已开启 30 天新片追查模式)
[2026-08-11 23:00:21] [INFO] [javdb_scraper.py:196] - 🔎 [213/608] 抓取详情: IPX-971 (https://javdb.com/v/QVrn2p)
[2026-08-11 23:00:21] [INFO] [server.py:588] - [全量订阅演员一条龙 [全量翻页 | 抓取元数据入库]] 🔎 [213/608] 抓取详情: IPX-971 (https://javdb.com/v/QVrn2p)
[2026-08-11 23:00:24] [INFO] [javdb_scraper.py:196] - 🔍 [DB] 番号 [IPX-971] 详情已存库 (网页暂无可用磁力，已开启 30 天新片追查模式)
[2026-08-11 23:00:24] [INFO] [server.py:588] - [全量订阅演员一条龙 [全量翻页 | 抓取元数据入库]] 🔍 [DB] 番号 [IPX-971] 详情已存库 (网页暂无可用磁力，已开启 30 天新片追查模式)
[2026-08-11 23:00:24] [INFO] [javdb_scraper.py:196] - 🔎 [214/608] 抓取详情: IPX-983 (https://javdb.com/v/9DQg16)
[2026-08-11 23:00:24] [INFO] [server.py:588] - [全量订阅演员一条龙 [全量翻页 | 抓取元数据入库]] 🔎 [214/608] 抓取详情: IPX-983 (https://javdb.com/v/9DQg16)
[2026-08-11 23:00:26] [INFO] [javdb_scraper.py:196] - 🔍 [DB] 番号 [IPX-983] 详情已存库 (网页暂无可用磁力，已开启 30 天新片追查模式)
[2026-08-11 23:00:26] [INFO] [server.py:588] - [全量订阅演员一条龙 [全量翻页 | 抓取元数据入库]] 🔍 [DB] 番号 [IPX-983] 详情已存库 (网页暂无可用磁力，已开启 30 天新片追查模式)
[2026-08-11 23:00:26] [INFO] [javdb_scraper.py:196] - 🔎 [215/608] 抓取详情: IPX-991 (https://javdb.com/v/g0Nb9Q)
[2026-08-11 23:00:26] [INFO] [server.py:588] - [全量订阅演员一条龙 [全量翻页 | 抓取元数据入库]] 🔎 [215/608] 抓取详情: IPX-991 (https://javdb.com/v/g0Nb9Q)
[2026-08-11 23:00:29] [INFO] [javdb_scraper.py:196] - 🔍 [DB] 番号 [IPX-991] 详情已存库 (网页暂无可用磁力，已开启 30 天新片追查模式)
[2026-08-11 23:00:29] [INFO] [server.py:588] - [全量订阅演员一条龙 [全量翻页 | 抓取元数据入库]] 🔍 [DB] 番号 [IPX-991] 详情已存库 (网页暂无可用磁力，已开启 30 天新片追查模式)
[2026-08-11 23:00:29] [INFO] [javdb_scraper.py:196] - 🔎 [216/608] 抓取详情: IPZ-914 (https://javdb.com/v/8VOQW)
[2026-08-11 23:00:29] [INFO] [server.py:588] - [全量订阅演员一条龙 [全量翻页 | 抓取元数据入库]] 🔎 [216/608] 抓取详情: IPZ-914 (https://javdb.com/v/8VOQW)
[2026-08-11 23:00:32] [INFO] [javdb_scraper.py:196] - 🔍 [DB] 番号 [IPZ-914] 详情已存库 (网页暂无可用磁力，已开启 30 天新片追查模式)
[2026-08-11 23:00:32] [INFO] [server.py:588] - [全量订阅演员一条龙 [全量翻页 | 抓取元数据入库]] 🔍 [DB] 番号 [IPZ-914] 详情已存库 (网页暂无可用磁力，已开启 30 天新片追查模式)
[2026-08-11 23:00:32] [INFO] [javdb_scraper.py:196] - 🔎 [217/608] 抓取详情: IPZ-933 (https://javdb.com/v/9DxVw)
[2026-08-11 23:00:32] [INFO] [server.py:588] - [全量订阅演员一条龙 [全量翻页 | 抓取元数据入库]] 🔎 [217/608] 抓取详情: IPZ-933 (https://javdb.com/v/9DxVw)
[2026-08-11 23:00:35] [INFO] [javdb_scraper.py:196] - 🔍 [DB] 番号 [IPZ-933] 详情已存库 (网页暂无可用磁力，已开启 30 天新片追查模式)
[2026-08-11 23:00:35] [INFO] [server.py:588] - [全量订阅演员一条龙 [全量翻页 | 抓取元数据入库]] 🔍 [DB] 番号 [IPZ-933] 详情已存库 (网页暂无可用磁力，已开启 30 天新片追查模式)
[2026-08-11 23:00:35] [INFO] [javdb_scraper.py:196] - 🔎 [218/608] 抓取详情: IPZ-949 (https://javdb.com/v/W1AvZ)
[2026-08-11 23:00:35] [INFO] [server.py:588] - [全量订阅演员一条龙 [全量翻页 | 抓取元数据入库]] 🔎 [218/608] 抓取详情: IPZ-949 (https://javdb.com/v/W1AvZ)
[2026-08-11 23:00:38] [INFO] [javdb_scraper.py:196] - 🔍 [DB] 番号 [IPZ-949] 详情已存库 (网页暂无可用磁力，已开启 30 天新片追查模式)
[2026-08-11 23:00:38] [INFO] [server.py:588] - [全量订阅演员一条龙 [全量翻页 | 抓取元数据入库]] 🔍 [DB] 番号 [IPZ-949] 详情已存库 (网页暂无可用磁力，已开启 30 天新片追查模式)
[2026-08-11 23:00:38] [INFO] [javdb_scraper.py:196] - 🔎 [219/608] 抓取详情: IPZ-967 (https://javdb.com/v/GM6eq)
[2026-08-11 23:00:38] [INFO] [server.py:588] - [全量订阅演员一条龙 [全量翻页 | 抓取元数据入库]] 🔎 [219/608] 抓取详情: IPZ-967 (https://javdb.com/v/GM6eq)
[2026-08-11 23:00:41] [INFO] [javdb_scraper.py:196] - 🔍 [DB] 番号 [IPZ-967] 详情已存库 (网页暂无可用磁力，已开启 30 天新片追查模式)
[2026-08-11 23:00:41] [INFO] [server.py:588] - [全量订阅演员一条龙 [全量翻页 | 抓取元数据入库]] 🔍 [DB] 番号 [IPZ-967] 详情已存库 (网页暂无可用磁力，已开启 30 天新片追查模式)
[2026-08-11 23:00:41] [INFO] [javdb_scraper.py:196] - 🔎 [220/608] 抓取详情: IPZ-985 (https://javdb.com/v/Az5en)
[2026-08-11 23:00:41] [INFO] [server.py:588] - [全量订阅演员一条龙 [全量翻页 | 抓取元数据入库]] 🔎 [220/608] 抓取详情: IPZ-985 (https://javdb.com/v/Az5en)
[2026-08-11 23:00:44] [INFO] [javdb_scraper.py:196] - 🔍 [DB] 番号 [IPZ-985] 详情已存库 (网页暂无可用磁力，已开启 30 天新片追查模式)
[2026-08-11 23:00:44] [INFO] [server.py:588] - [全量订阅演员一条龙 [全量翻页 | 抓取元数据入库]] 🔍 [DB] 番号 [IPZ-985] 详情已存库 (网页暂无可用磁力，已开启 30 天新片追查模式)
[2026-08-11 23:00:44] [INFO] [javdb_scraper.py:196] - 🔎 [221/608] 抓取详情: IPZZ-009 (https://javdb.com/v/bAvyMd)
[2026-08-11 23:00:44] [INFO] [server.py:588] - [全量订阅演员一条龙 [全量翻页 | 抓取元数据入库]] 🔎 [221/608] 抓取详情: IPZZ-009 (https://javdb.com/v/bAvyMd)
[2026-08-11 23:00:47] [INFO] [javdb_scraper.py:196] - 🔍 [DB] 番号 [IPZZ-009] 详情已存库 (网页暂无可用磁力，已开启 30 天新片追查模式)
[2026-08-11 23:00:47] [INFO] [server.py:588] - [全量订阅演员一条龙 [全量翻页 | 抓取元数据入库]] 🔍 [DB] 番号 [IPZZ-009] 详情已存库 (网页暂无可用磁力，已开启 30 天新片追查模式)
[2026-08-11 23:00:47] [INFO] [javdb_scraper.py:196] - 🔎 [222/608] 抓取详情: IPZZ-023 (https://javdb.com/v/nengZw)
[2026-08-11 23:00:47] [INFO] [server.py:588] - [全量订阅演员一条龙 [全量翻页 | 抓取元数据入库]] 🔎 [222/608] 抓取详情: IPZZ-023 (https://javdb.com/v/nengZw)
[2026-08-11 23:00:51] [INFO] [javdb_scraper.py:196] - 🔍 [DB] 番号 [IPZZ-023] 详情已存库 (网页暂无可用磁力，已开启 30 天新片追查模式)
[2026-08-11 23:00:51] [INFO] [server.py:588] - [全量订阅演员一条龙 [全量翻页 | 抓取元数据入库]] 🔍 [DB] 番号 [IPZZ-023] 详情已存库 (网页暂无可用磁力，已开启 30 天新片追查模式)
[2026-08-11 23:00:51] [INFO] [javdb_scraper.py:196] - 🔎 [223/608] 抓取详情: IPZZ-037 (https://javdb.com/v/65G8DK)
[2026-08-11 23:00:51] [INFO] [server.py:588] - [全量订阅演员一条龙 [全量翻页 | 抓取元数据入库]] 🔎 [223/608] 抓取详情: IPZZ-037 (https://javdb.com/v/65G8DK)
[2026-08-11 23:00:54] [INFO] [javdb_scraper.py:196] - 🔍 [DB] 番号 [IPZZ-037] 详情已存库 (网页暂无可用磁力，已开启 30 天新片追查模式)
[2026-08-11 23:00:54] [INFO] [server.py:588] - [全量订阅演员一条龙 [全量翻页 | 抓取元数据入库]] 🔍 [DB] 番号 [IPZZ-037] 详情已存库 (网页暂无可用磁力，已开启 30 天新片追查模式)
[2026-08-11 23:00:54] [INFO] [javdb_scraper.py:196] - 🔎 [224/608] 抓取详情: IPZZ-052 (https://javdb.com/v/9D185w)
[2026-08-11 23:00:54] [INFO] [server.py:588] - [全量订阅演员一条龙 [全量翻页 | 抓取元数据入库]] 🔎 [224/608] 抓取详情: IPZZ-052 (https://javdb.com/v/9D185w)
[2026-08-11 23:00:56] [INFO] [javdb_scraper.py:196] - 🔍 [DB] 番号 [IPZZ-052] 详情已存库 (网页暂无可用磁力，已开启 30 天新片追查模式)
[2026-08-11 23:00:56] [INFO] [server.py:588] - [全量订阅演员一条龙 [全量翻页 | 抓取元数据入库]] 🔍 [DB] 番号 [IPZZ-052] 详情已存库 (网页暂无可用磁力，已开启 30 天新片追查模式)
[2026-08-11 23:00:56] [INFO] [javdb_scraper.py:196] - 🔎 [225/608] 抓取详情: IPZZ-065 (https://javdb.com/v/qDpD2r)
[2026-08-11 23:00:56] [INFO] [server.py:588] - [全量订阅演员一条龙 [全量翻页 | 抓取元数据入库]] 🔎 [225/608] 抓取详情: IPZZ-065 (https://javdb.com/v/qDpD2r)
[2026-08-11 23:00:59] [INFO] [javdb_scraper.py:196] - 🔍 [DB] 番号 [IPZZ-065] 详情已存库 (网页暂无可用磁力，已开启 30 天新片追查模式)
[2026-08-11 23:00:59] [INFO] [server.py:588] - [全量订阅演员一条龙 [全量翻页 | 抓取元数据入库]] 🔍 [DB] 番号 [IPZZ-065] 详情已存库 (网页暂无可用磁力，已开启 30 天新片追查模式)
[2026-08-11 23:00:59] [INFO] [javdb_scraper.py:196] - 🔎 [226/608] 抓取详情: IPZZ-090 (https://javdb.com/v/MmpbKP)
[2026-08-11 23:00:59] [INFO] [server.py:588] - [全量订阅演员一条龙 [全量翻页 | 抓取元数据入库]] 🔎 [226/608] 抓取详情: IPZZ-090 (https://javdb.com/v/MmpbKP)
[2026-08-11 23:01:02] [INFO] [javdb_scraper.py:196] - 🔍 [DB] 番号 [IPZZ-090] 详情已存库 (网页暂无可用磁力，已开启 30 天新片追查模式)
[2026-08-11 23:01:02] [INFO] [server.py:588] - [全量订阅演员一条龙 [全量翻页 | 抓取元数据入库]] 🔍 [DB] 番号 [IPZZ-090] 详情已存库 (网页暂无可用磁力，已开启 30 天新片追查模式)
[2026-08-11 23:01:02] [INFO] [javdb_scraper.py:196] - 🔎 [227/608] 抓取详情: IPZZ-105 (https://javdb.com/v/K4RkeA)
[2026-08-11 23:01:02] [INFO] [server.py:588] - [全量订阅演员一条龙 [全量翻页 | 抓取元数据入库]] 🔎 [227/608] 抓取详情: IPZZ-105 (https://javdb.com/v/K4RkeA)
[2026-08-11 23:01:04] [INFO] [javdb_scraper.py:196] - 🔍 [DB] 番号 [IPZZ-105] 详情已存库 (网页暂无可用磁力，已开启 30 天新片追查模式)
[2026-08-11 23:01:04] [INFO] [server.py:588] - [全量订阅演员一条龙 [全量翻页 | 抓取元数据入库]] 🔍 [DB] 番号 [IPZZ-105] 详情已存库 (网页暂无可用磁力，已开启 30 天新片追查模式)
[2026-08-11 23:01:04] [INFO] [javdb_scraper.py:196] - 🔎 [228/608] 抓取详情: IPZZ-120 (https://javdb.com/v/2aQQXm)
[2026-08-11 23:01:04] [INFO] [server.py:588] - [全量订阅演员一条龙 [全量翻页 | 抓取元数据入库]] 🔎 [228/608] 抓取详情: IPZZ-120 (https://javdb.com/v/2aQQXm)
[2026-08-11 23:01:07] [INFO] [javdb_scraper.py:196] - 🔍 [DB] 番号 [IPZZ-120] 详情已存库 (网页暂无可用磁力，已开启 30 天新片追查模式)
[2026-08-11 23:01:07] [INFO] [server.py:588] - [全量订阅演员一条龙 [全量翻页 | 抓取元数据入库]] 🔍 [DB] 番号 [IPZZ-120] 详情已存库 (网页暂无可用磁力，已开启 30 天新片追查模式)
[2026-08-11 23:01:07] [INFO] [javdb_scraper.py:196] - 🔎 [229/608] 抓取详情: IPZZ-135 (https://javdb.com/v/E2a893)
[2026-08-11 23:01:07] [INFO] [server.py:588] - [全量订阅演员一条龙 [全量翻页 | 抓取元数据入库]] 🔎 [229/608] 抓取详情: IPZZ-135 (https://javdb.com/v/E2a893)
[2026-08-11 23:01:10] [INFO] [javdb_scraper.py:196] - 🔍 [DB] 番号 [IPZZ-135] 详情已存库 (网页暂无可用磁力，已开启 30 天新片追查模式)
[2026-08-11 23:01:10] [INFO] [server.py:588] - [全量订阅演员一条龙 [全量翻页 | 抓取元数据入库]] 🔍 [DB] 番号 [IPZZ-135] 详情已存库 (网页暂无可用磁力，已开启 30 天新片追查模式)
[2026-08-11 23:01:10] [INFO] [javdb_scraper.py:196] - 🔎 [230/608] 抓取详情: IPZZ-154 (https://javdb.com/v/PQdDY0)
[2026-08-11 23:01:10] [INFO] [server.py:588] - [全量订阅演员一条龙 [全量翻页 | 抓取元数据入库]] 🔎 [230/608] 抓取详情: IPZZ-154 (https://javdb.com/v/PQdDY0)
[2026-08-11 23:01:13] [INFO] [javdb_scraper.py:196] - 🔍 [DB] 番号 [IPZZ-154] 详情已存库 (网页暂无可用磁力，已开启 30 天新片追查模式)
[2026-08-11 23:01:13] [INFO] [server.py:588] - [全量订阅演员一条龙 [全量翻页 | 抓取元数据入库]] 🔍 [DB] 番号 [IPZZ-154] 详情已存库 (网页暂无可用磁力，已开启 30 天新片追查模式)
[2026-08-11 23:01:13] [INFO] [javdb_scraper.py:196] - 🔎 [231/608] 抓取详情: IPZZ-199 (https://javdb.com/v/me8Xk5)
[2026-08-11 23:01:13] [INFO] [server.py:588] - [全量订阅演员一条龙 [全量翻页 | 抓取元数据入库]] 🔎 [231/608] 抓取详情: IPZZ-199 (https://javdb.com/v/me8Xk5)
[2026-08-11 23:01:16] [INFO] [javdb_scraper.py:196] - 🔍 [DB] 番号 [IPZZ-199] 详情已存库 (网页暂无可用磁力，已开启 30 天新片追查模式)
[2026-08-11 23:01:16] [INFO] [server.py:588] - [全量订阅演员一条龙 [全量翻页 | 抓取元数据入库]] 🔍 [DB] 番号 [IPZZ-199] 详情已存库 (网页暂无可用磁力，已开启 30 天新片追查模式)
[2026-08-11 23:01:16] [INFO] [javdb_scraper.py:196] - 🔎 [232/608] 抓取详情: IPZZ-228 (https://javdb.com/v/Rkz8en)
[2026-08-11 23:01:16] [INFO] [server.py:588] - [全量订阅演员一条龙 [全量翻页 | 抓取元数据入库]] 🔎 [232/608] 抓取详情: IPZZ-228 (https://javdb.com/v/Rkz8en)
[2026-08-11 23:01:19] [INFO] [javdb_scraper.py:196] - 🔍 [DB] 番号 [IPZZ-228] 详情已存库 (网页暂无可用磁力，已开启 30 天新片追查模式)
[2026-08-11 23:01:19] [INFO] [server.py:588] - [全量订阅演员一条龙 [全量翻页 | 抓取元数据入库]] 🔍 [DB] 番号 [IPZZ-228] 详情已存库 (网页暂无可用磁力，已开启 30 天新片追查模式)
[2026-08-11 23:01:19] [INFO] [javdb_scraper.py:196] - 🔎 [233/608] 抓取详情: IPZZ-250 (https://javdb.com/v/82VXy9)
[2026-08-11 23:01:19] [INFO] [server.py:588] - [全量订阅演员一条龙 [全量翻页 | 抓取元数据入库]] 🔎 [233/608] 抓取详情: IPZZ-250 (https://javdb.com/v/82VXy9)
[2026-08-11 23:01:21] [INFO] [javdb_scraper.py:196] - 🔍 [DB] 番号 [IPZZ-250] 详情已存库 (网页暂无可用磁力，已开启 30 天新片追查模式)
[2026-08-11 23:01:21] [INFO] [server.py:588] - [全量订阅演员一条龙 [全量翻页 | 抓取元数据入库]] 🔍 [DB] 番号 [IPZZ-250] 详情已存库 (网页暂无可用磁力，已开启 30 天新片追查模式)
[2026-08-11 23:01:21] [INFO] [javdb_scraper.py:196] - 🔎 [234/608] 抓取详情: IPZZ-269 (https://javdb.com/v/7y69MV)
[2026-08-11 23:01:21] [INFO] [server.py:588] - [全量订阅演员一条龙 [全量翻页 | 抓取元数据入库]] 🔎 [234/608] 抓取详情: IPZZ-269 (https://javdb.com/v/7y69MV)
[2026-08-11 23:01:23] [INFO] [javdb_scraper.py:196] - 🔍 [DB] 番号 [IPZZ-269] 详情已存库 (网页暂无可用磁力，已开启 30 天新片追查模式)
[2026-08-11 23:01:23] [INFO] [server.py:588] - [全量订阅演员一条龙 [全量翻页 | 抓取元数据入库]] 🔍 [DB] 番号 [IPZZ-269] 详情已存库 (网页暂无可用磁力，已开启 30 天新片追查模式)
[2026-08-11 23:01:23] [INFO] [javdb_scraper.py:196] - 🔎 [235/608] 抓取详情: IPZZ-296 (https://javdb.com/v/NQwxeG)
[2026-08-11 23:01:23] [INFO] [server.py:588] - [全量订阅演员一条龙 [全量翻页 | 抓取元数据入库]] 🔎 [235/608] 抓取详情: IPZZ-296 (https://javdb.com/v/NQwxeG)
[2026-08-11 23:01:25] [INFO] [javdb_scraper.py:196] - 🔍 [DB] 番号 [IPZZ-296] 详情已存库 (网页暂无可用磁力，已开启 30 天新片追查模式)
[2026-08-11 23:01:25] [INFO] [server.py:588] - [全量订阅演员一条龙 [全量翻页 | 抓取元数据入库]] 🔍 [DB] 番号 [IPZZ-296] 详情已存库 (网页暂无可用磁力，已开启 30 天新片追查模式)
[2026-08-11 23:01:25] [INFO] [javdb_scraper.py:196] - 🔎 [236/608] 抓取详情: IPZZ-320 (https://javdb.com/v/0eRnx0)
[2026-08-11 23:01:25] [INFO] [server.py:588] - [全量订阅演员一条龙 [全量翻页 | 抓取元数据入库]] 🔎 [236/608] 抓取详情: IPZZ-320 (https://javdb.com/v/0eRnx0)
[2026-08-11 23:01:28] [INFO] [javdb_scraper.py:196] - 🔍 [DB] 番号 [IPZZ-320] 详情已存库 (网页暂无可用磁力，已开启 30 天新片追查模式)
[2026-08-11 23:01:28] [INFO] [server.py:588] - [全量订阅演员一条龙 [全量翻页 | 抓取元数据入库]] 🔍 [DB] 番号 [IPZZ-320] 详情已存库 (网页暂无可用磁力，已开启 30 天新片追查模式)
[2026-08-11 23:01:28] [INFO] [javdb_scraper.py:196] - 🔎 [237/608] 抓取详情: IPZZ-343 (https://javdb.com/v/YwwKRp)
[2026-08-11 23:01:28] [INFO] [server.py:588] - [全量订阅演员一条龙 [全量翻页 | 抓取元数据入库]] 🔎 [237/608] 抓取详情: IPZZ-343 (https://javdb.com/v/YwwKRp)
[2026-08-11 23:01:30] [INFO] [javdb_scraper.py:196] - 🔍 [DB] 番号 [IPZZ-343] 详情已存库 (网页暂无可用磁力，已开启 30 天新片追查模式)
[2026-08-11 23:01:30] [INFO] [server.py:588] - [全量订阅演员一条龙 [全量翻页 | 抓取元数据入库]] 🔍 [DB] 番号 [IPZZ-343] 详情已存库 (网页暂无可用磁力，已开启 30 天新片追查模式)
[2026-08-11 23:01:30] [INFO] [javdb_scraper.py:196] - 🔎 [238/608] 抓取详情: IPZZ-367 (https://javdb.com/v/mOOkqr)
[2026-08-11 23:01:30] [INFO] [server.py:588] - [全量订阅演员一条龙 [全量翻页 | 抓取元数据入库]] 🔎 [238/608] 抓取详情: IPZZ-367 (https://javdb.com/v/mOOkqr)
[2026-08-11 23:01:33] [INFO] [javdb_scraper.py:196] - 🔍 [DB] 番号 [IPZZ-367] 详情已存库 (网页暂无可用磁力，已开启 30 天新片追查模式)
[2026-08-11 23:01:33] [INFO] [server.py:588] - [全量订阅演员一条龙 [全量翻页 | 抓取元数据入库]] 🔍 [DB] 番号 [IPZZ-367] 详情已存库 (网页暂无可用磁力，已开启 30 天新片追查模式)
[2026-08-11 23:01:33] [INFO] [javdb_scraper.py:196] - 🔎 [239/608] 抓取详情: IPZZ-389 (https://javdb.com/v/pkkz1Z)
[2026-08-11 23:01:33] [INFO] [server.py:588] - [全量订阅演员一条龙 [全量翻页 | 抓取元数据入库]] 🔎 [239/608] 抓取详情: IPZZ-389 (https://javdb.com/v/pkkz1Z)
[2026-08-11 23:01:36] [INFO] [javdb_scraper.py:196] - 🔍 [DB] 番号 [IPZZ-389] 详情已存库 (网页暂无可用磁力，已开启 30 天新片追查模式)
[2026-08-11 23:01:36] [INFO] [server.py:588] - [全量订阅演员一条龙 [全量翻页 | 抓取元数据入库]] 🔍 [DB] 番号 [IPZZ-389] 详情已存库 (网页暂无可用磁力，已开启 30 天新片追查模式)
[2026-08-11 23:01:36] [INFO] [javdb_scraper.py:196] - 🔎 [240/608] 抓取详情: IPZZ-408 (https://javdb.com/v/MbbGkP)
[2026-08-11 23:01:36] [INFO] [server.py:588] - [全量订阅演员一条龙 [全量翻页 | 抓取元数据入库]] 🔎 [240/608] 抓取详情: IPZZ-408 (https://javdb.com/v/MbbGkP)
[2026-08-11 23:01:39] [INFO] [javdb_scraper.py:196] - 🔍 [DB] 番号 [IPZZ-408] 详情已存库 (网页暂无可用磁力，已开启 30 天新片追查模式)
[2026-08-11 23:01:39] [INFO] [server.py:588] - [全量订阅演员一条龙 [全量翻页 | 抓取元数据入库]] 🔍 [DB] 番号 [IPZZ-408] 详情已存库 (网页暂无可用磁力，已开启 30 天新片追查模式)
[2026-08-11 23:01:39] [INFO] [javdb_scraper.py:196] - 🔎 [241/608] 抓取详情: IPZZ-428 (https://javdb.com/v/e88eqx)
[2026-08-11 23:01:39] [INFO] [server.py:588] - [全量订阅演员一条龙 [全量翻页 | 抓取元数据入库]] 🔎 [241/608] 抓取详情: IPZZ-428 (https://javdb.com/v/e88eqx)
[2026-08-11 23:01:42] [INFO] [javdb_scraper.py:196] - 🔍 [DB] 番号 [IPZZ-428] 详情已存库 (网页暂无可用磁力，已开启 30 天新片追查模式)
[2026-08-11 23:01:42] [INFO] [server.py:588] - [全量订阅演员一条龙 [全量翻页 | 抓取元数据入库]] 🔍 [DB] 番号 [IPZZ-428] 详情已存库 (网页暂无可用磁力，已开启 30 天新片追查模式)
[2026-08-11 23:01:42] [INFO] [javdb_scraper.py:196] - 🔎 [242/608] 抓取详情: IPZZ-451 (https://javdb.com/v/AqRzw0)
[2026-08-11 23:01:42] [INFO] [server.py:588] - [全量订阅演员一条龙 [全量翻页 | 抓取元数据入库]] 🔎 [242/608] 抓取详情: IPZZ-451 (https://javdb.com/v/AqRzw0)
[2026-08-11 23:01:44] [INFO] [javdb_scraper.py:196] - 🔍 [DB] 番号 [IPZZ-451] 详情已存库 (网页暂无可用磁力，已开启 30 天新片追查模式)
[2026-08-11 23:01:44] [INFO] [server.py:588] - [全量订阅演员一条龙 [全量翻页 | 抓取元数据入库]] 🔍 [DB] 番号 [IPZZ-451] 详情已存库 (网页暂无可用磁力，已开启 30 天新片追查模式)
[2026-08-11 23:01:44] [INFO] [javdb_scraper.py:196] - 🔎 [243/608] 抓取详情: IPZZ-479 (https://javdb.com/v/deZJMe)
[2026-08-11 23:01:44] [INFO] [server.py:588] - [全量订阅演员一条龙 [全量翻页 | 抓取元数据入库]] 🔎 [243/608] 抓取详情: IPZZ-479 (https://javdb.com/v/deZJMe)
[2026-08-11 23:01:48] [INFO] [javdb_scraper.py:196] - 🔍 [DB] 番号 [IPZZ-479] 详情已存库 (网页暂无可用磁力，已开启 30 天新片追查模式)
[2026-08-11 23:01:48] [INFO] [server.py:588] - [全量订阅演员一条龙 [全量翻页 | 抓取元数据入库]] 🔍 [DB] 番号 [IPZZ-479] 详情已存库 (网页暂无可用磁力，已开启 30 天新片追查模式)
[2026-08-11 23:01:48] [INFO] [javdb_scraper.py:196] - 🔎 [244/608] 抓取详情: IPZZ-503 (https://javdb.com/v/AqbPR0)
[2026-08-11 23:01:48] [INFO] [server.py:588] - [全量订阅演员一条龙 [全量翻页 | 抓取元数据入库]] 🔎 [244/608] 抓取详情: IPZZ-503 (https://javdb.com/v/AqbPR0)
[2026-08-11 23:01:50] [INFO] [javdb_scraper.py:196] - 🔍 [DB] 番号 [IPZZ-503] 详情已存库 (网页暂无可用磁力，已开启 30 天新片追查模式)
[2026-08-11 23:01:50] [INFO] [server.py:588] - [全量订阅演员一条龙 [全量翻页 | 抓取元数据入库]] 🔍 [DB] 番号 [IPZZ-503] 详情已存库 (网页暂无可用磁力，已开启 30 天新片追查模式)
[2026-08-11 23:01:50] [INFO] [javdb_scraper.py:196] - 🔎 [245/608] 抓取详情: IPZZ-525 (https://javdb.com/v/RkG2rz)
[2026-08-11 23:01:50] [INFO] [server.py:588] - [全量订阅演员一条龙 [全量翻页 | 抓取元数据入库]] 🔎 [245/608] 抓取详情: IPZZ-525 (https://javdb.com/v/RkG2rz)
[2026-08-11 23:01:54] [INFO] [javdb_scraper.py:196] - 🔍 [DB] 番号 [IPZZ-525] 详情已存库 (网页暂无可用磁力，已开启 30 天新片追查模式)
[2026-08-11 23:01:54] [INFO] [server.py:588] - [全量订阅演员一条龙 [全量翻页 | 抓取元数据入库]] 🔍 [DB] 番号 [IPZZ-525] 详情已存库 (网页暂无可用磁力，已开启 30 天新片追查模式)
[2026-08-11 23:01:54] [INFO] [javdb_scraper.py:196] - 🔎 [246/608] 抓取详情: IPZZ-547 (https://javdb.com/v/4DKNXR)
[2026-08-11 23:01:54] [INFO] [server.py:588] - [全量订阅演员一条龙 [全量翻页 | 抓取元数据入库]] 🔎 [246/608] 抓取详情: IPZZ-547 (https://javdb.com/v/4DKNXR)
[2026-08-11 23:01:57] [INFO] [javdb_scraper.py:196] - 🔍 [DB] 番号 [IPZZ-547] 详情已存库 (网页暂无可用磁力，已开启 30 天新片追查模式)
[2026-08-11 23:01:57] [INFO] [server.py:588] - [全量订阅演员一条龙 [全量翻页 | 抓取元数据入库]] 🔍 [DB] 番号 [IPZZ-547] 详情已存库 (网页暂无可用磁力，已开启 30 天新片追查模式)
[2026-08-11 23:01:57] [INFO] [javdb_scraper.py:196] - 🔎 [247/608] 抓取详情: IPZZ-576 (https://javdb.com/v/ZNqRpA)
[2026-08-11 23:01:57] [INFO] [server.py:588] - [全量订阅演员一条龙 [全量翻页 | 抓取元数据入库]] 🔎 [247/608] 抓取详情: IPZZ-576 (https://javdb.com/v/ZNqRpA)
[2026-08-11 23:01:59] [INFO] [javdb_scraper.py:196] - 🔍 [DB] 番号 [IPZZ-576] 详情已存库 (网页暂无可用磁力，已开启 30 天新片追查模式)
[2026-08-11 23:01:59] [INFO] [server.py:588] - [全量订阅演员一条龙 [全量翻页 | 抓取元数据入库]] 🔍 [DB] 番号 [IPZZ-576] 详情已存库 (网页暂无可用磁力，已开启 30 天新片追查模式)
[2026-08-11 23:01:59] [INFO] [javdb_scraper.py:196] - 🔎 [248/608] 抓取详情: IPZZ-599 (https://javdb.com/v/gyqndG)
[2026-08-11 23:01:59] [INFO] [server.py:588] - [全量订阅演员一条龙 [全量翻页 | 抓取元数据入库]] 🔎 [248/608] 抓取详情: IPZZ-599 (https://javdb.com/v/gyqndG)
[2026-08-11 23:02:02] [INFO] [javdb_scraper.py:196] - 🔍 [DB] 番号 [IPZZ-599] 详情已存库 (网页暂无可用磁力，已开启 30 天新片追查模式)
[2026-08-11 23:02:02] [INFO] [server.py:588] - [全量订阅演员一条龙 [全量翻页 | 抓取元数据入库]] 🔍 [DB] 番号 [IPZZ-599] 详情已存库 (网页暂无可用磁力，已开启 30 天新片追查模式)
[2026-08-11 23:02:02] [INFO] [javdb_scraper.py:196] - 🔎 [249/608] 抓取详情: IPZZ-629 (https://javdb.com/v/yx4bvW)
[2026-08-11 23:02:02] [INFO] [server.py:588] - [全量订阅演员一条龙 [全量翻页 | 抓取元数据入库]] 🔎 [249/608] 抓取详情: IPZZ-629 (https://javdb.com/v/yx4bvW)
[2026-08-11 23:02:06] [INFO] [javdb_scraper.py:196] - 🔍 [DB] 番号 [IPZZ-629] 详情已存库 (网页暂无可用磁力，已开启 30 天新片追查模式)
[2026-08-11 23:02:06] [INFO] [server.py:588] - [全量订阅演员一条龙 [全量翻页 | 抓取元数据入库]] 🔍 [DB] 番号 [IPZZ-629] 详情已存库 (网页暂无可用磁力，已开启 30 天新片追查模式)
[2026-08-11 23:02:06] [INFO] [javdb_scraper.py:196] - 🔎 [250/608] 抓取详情: IPZZ-652 (https://javdb.com/v/nKq5x9)
[2026-08-11 23:02:06] [INFO] [server.py:588] - [全量订阅演员一条龙 [全量翻页 | 抓取元数据入库]] 🔎 [250/608] 抓取详情: IPZZ-652 (https://javdb.com/v/nKq5x9)
[2026-08-11 23:02:09] [INFO] [javdb_scraper.py:196] - 🔍 [DB] 番号 [IPZZ-652] 详情已存库 (网页暂无可用磁力，已开启 30 天新片追查模式)
[2026-08-11 23:02:09] [INFO] [server.py:588] - [全量订阅演员一条龙 [全量翻页 | 抓取元数据入库]] 🔍 [DB] 番号 [IPZZ-652] 详情已存库 (网页暂无可用磁力，已开启 30 天新片追查模式)
[2026-08-11 23:02:09] [INFO] [javdb_scraper.py:196] - 🔎 [251/608] 抓取详情: IPZZ-674 (https://javdb.com/v/qAnDvN)
[2026-08-11 23:02:09] [INFO] [server.py:588] - [全量订阅演员一条龙 [全量翻页 | 抓取元数据入库]] 🔎 [251/608] 抓取详情: IPZZ-674 (https://javdb.com/v/qAnDvN)
[2026-08-11 23:02:11] [INFO] [javdb_scraper.py:196] - 🔍 [DB] 番号 [IPZZ-674] 详情已存库 (网页暂无可用磁力，已开启 30 天新片追查模式)
[2026-08-11 23:02:11] [INFO] [server.py:588] - [全量订阅演员一条龙 [全量翻页 | 抓取元数据入库]] 🔍 [DB] 番号 [IPZZ-674] 详情已存库 (网页暂无可用磁力，已开启 30 天新片追查模式)
[2026-08-11 23:02:11] [INFO] [javdb_scraper.py:196] - 🔎 [252/608] 抓取详情: JUMS-026 (https://javdb.com/v/meWmGv)
[2026-08-11 23:02:11] [INFO] [server.py:588] - [全量订阅演员一条龙 [全量翻页 | 抓取元数据入库]] 🔎 [252/608] 抓取详情: JUMS-026 (https://javdb.com/v/meWmGv)
[2026-08-11 23:02:14] [INFO] [javdb_scraper.py:196] - 🔍 [DB] 番号 [JUMS-026] 详情已存库 (网页暂无可用磁力，已开启 30 天新片追查模式)
[2026-08-11 23:02:14] [INFO] [server.py:588] - [全量订阅演员一条龙 [全量翻页 | 抓取元数据入库]] 🔍 [DB] 番号 [JUMS-026] 详情已存库 (网页暂无可用磁力，已开启 30 天新片追查模式)
[2026-08-11 23:02:14] [INFO] [javdb_scraper.py:196] - 🔎 [253/608] 抓取详情: JUMS-033 (https://javdb.com/v/bA0KXE)
[2026-08-11 23:02:14] [INFO] [server.py:588] - [全量订阅演员一条龙 [全量翻页 | 抓取元数据入库]] 🔎 [253/608] 抓取详情: JUMS-033 (https://javdb.com/v/bA0KXE)
[2026-08-11 23:02:17] [INFO] [javdb_scraper.py:196] - 🔍 [DB] 番号 [JUMS-033] 详情已存库 (网页暂无可用磁力，已开启 30 天新片追查模式)
[2026-08-11 23:02:17] [INFO] [server.py:588] - [全量订阅演员一条龙 [全量翻页 | 抓取元数据入库]] 🔍 [DB] 番号 [JUMS-033] 详情已存库 (网页暂无可用磁力，已开启 30 天新片追查模式)
[2026-08-11 23:02:17] [INFO] [javdb_scraper.py:196] - 🔎 [254/608] 抓取详情: JUMS-062 (https://javdb.com/v/Rkz8em)
[2026-08-11 23:02:17] [INFO] [server.py:588] - [全量订阅演员一条龙 [全量翻页 | 抓取元数据入库]] 🔎 [254/608] 抓取详情: JUMS-062 (https://javdb.com/v/Rkz8em)
[2026-08-11 23:02:21] [INFO] [javdb_scraper.py:196] - 🔍 [DB] 番号 [JUMS-062] 详情已存库 (网页暂无可用磁力，已开启 30 天新片追查模式)
[2026-08-11 23:02:21] [INFO] [server.py:588] - [全量订阅演员一条龙 [全量翻页 | 抓取元数据入库]] 🔍 [DB] 番号 [JUMS-062] 详情已存库 (网页暂无可用磁力，已开启 30 天新片追查模式)
[2026-08-11 23:02:21] [INFO] [javdb_scraper.py:196] - 🔎 [255/608] 抓取详情: JUMS-079 (https://javdb.com/v/J02mex)
[2026-08-11 23:02:21] [INFO] [server.py:588] - [全量订阅演员一条龙 [全量翻页 | 抓取元数据入库]] 🔎 [255/608] 抓取详情: JUMS-079 (https://javdb.com/v/J02mex)
[2026-08-11 23:02:24] [INFO] [javdb_scraper.py:196] - 🔍 [DB] 番号 [JUMS-079] 详情已存库 (网页暂无可用磁力，已开启 30 天新片追查模式)
[2026-08-11 23:02:24] [INFO] [server.py:588] - [全量订阅演员一条龙 [全量翻页 | 抓取元数据入库]] 🔍 [DB] 番号 [JUMS-079] 详情已存库 (网页暂无可用磁力，已开启 30 天新片追查模式)
[2026-08-11 23:02:24] [INFO] [javdb_scraper.py:196] - 🔎 [256/608] 抓取详情: JUMS-090 (https://javdb.com/v/Yww9Rb)
[2026-08-11 23:02:24] [INFO] [server.py:588] - [全量订阅演员一条龙 [全量翻页 | 抓取元数据入库]] 🔎 [256/608] 抓取详情: JUMS-090 (https://javdb.com/v/Yww9Rb)
[2026-08-11 23:02:27] [INFO] [javdb_scraper.py:196] - 🔍 [DB] 番号 [JUMS-090] 详情已存库 (网页暂无可用磁力，已开启 30 天新片追查模式)
[2026-08-11 23:02:27] [INFO] [server.py:588] - [全量订阅演员一条龙 [全量翻页 | 抓取元数据入库]] 🔍 [DB] 番号 [JUMS-090] 详情已存库 (网页暂无可用磁力，已开启 30 天新片追查模式)
[2026-08-11 23:02:27] [INFO] [javdb_scraper.py:196] - 🔎 [257/608] 抓取详情: JUMS-096 (https://javdb.com/v/3nnB1D)
[2026-08-11 23:02:27] [INFO] [server.py:588] - [全量订阅演员一条龙 [全量翻页 | 抓取元数据入库]] 🔎 [257/608] 抓取详情: JUMS-096 (https://javdb.com/v/3nnB1D)
[2026-08-11 23:02:30] [INFO] [javdb_scraper.py:196] - 🔍 [DB] 番号 [JUMS-096] 详情已存库 (网页暂无可用磁力，已开启 30 天新片追查模式)
[2026-08-11 23:02:30] [INFO] [server.py:588] - [全量订阅演员一条龙 [全量翻页 | 抓取元数据入库]] 🔍 [DB] 番号 [JUMS-096] 详情已存库 (网页暂无可用磁力，已开启 30 天新片追查模式)
[2026-08-11 23:02:30] [INFO] [javdb_scraper.py:196] - 🔎 [258/608] 抓取详情: JUMS-118 (https://javdb.com/v/DR4Vg2)
[2026-08-11 23:02:30] [INFO] [server.py:588] - [全量订阅演员一条龙 [全量翻页 | 抓取元数据入库]] 🔎 [258/608] 抓取详情: JUMS-118 (https://javdb.com/v/DR4Vg2)
[2026-08-11 23:02:34] [INFO] [javdb_scraper.py:196] - 🔍 [DB] 番号 [JUMS-118] 详情已存库 (网页暂无可用磁力，已开启 30 天新片追查模式)
[2026-08-11 23:02:34] [INFO] [server.py:588] - [全量订阅演员一条龙 [全量翻页 | 抓取元数据入库]] 🔍 [DB] 番号 [JUMS-118] 详情已存库 (网页暂无可用磁力，已开启 30 天新片追查模式)
[2026-08-11 23:02:34] [INFO] [javdb_scraper.py:196] - 🔎 [259/608] 抓取详情: JUMS-121 (https://javdb.com/v/MbYZvJ)
[2026-08-11 23:02:34] [INFO] [server.py:588] - [全量订阅演员一条龙 [全量翻页 | 抓取元数据入库]] 🔎 [259/608] 抓取详情: JUMS-121 (https://javdb.com/v/MbYZvJ)
[2026-08-11 23:02:36] [INFO] [javdb_scraper.py:196] - 🔍 [DB] 番号 [JUMS-121] 详情已存库 (网页暂无可用磁力，已开启 30 天新片追查模式)
[2026-08-11 23:02:36] [INFO] [server.py:588] - [全量订阅演员一条龙 [全量翻页 | 抓取元数据入库]] 🔍 [DB] 番号 [JUMS-121] 详情已存库 (网页暂无可用磁力，已开启 30 天新片追查模式)
[2026-08-11 23:02:36] [INFO] [javdb_scraper.py:196] - 🔎 [260/608] 抓取详情: JUMS-131 (https://javdb.com/v/kKy7gN)
[2026-08-11 23:02:36] [INFO] [server.py:588] - [全量订阅演员一条龙 [全量翻页 | 抓取元数据入库]] 🔎 [260/608] 抓取详情: JUMS-131 (https://javdb.com/v/kKy7gN)
[2026-08-11 23:02:38] [INFO] [javdb_scraper.py:196] - 🔍 [DB] 番号 [JUMS-131] 详情已存库 (网页暂无可用磁力，已开启 30 天新片追查模式)
[2026-08-11 23:02:38] [INFO] [server.py:588] - [全量订阅演员一条龙 [全量翻页 | 抓取元数据入库]] 🔍 [DB] 番号 [JUMS-131] 详情已存库 (网页暂无可用磁力，已开启 30 天新片追查模式)
[2026-08-11 23:02:38] [INFO] [javdb_scraper.py:196] - 🔎 [261/608] 抓取详情: JUMS-146 (https://javdb.com/v/xA4MdB)
[2026-08-11 23:02:38] [INFO] [server.py:588] - [全量订阅演员一条龙 [全量翻页 | 抓取元数据入库]] 🔎 [261/608] 抓取详情: JUMS-146 (https://javdb.com/v/xA4MdB)
[2026-08-11 23:02:41] [INFO] [javdb_scraper.py:196] - 🔍 [DB] 番号 [JUMS-146] 详情已存库 (网页暂无可用磁力，已开启 30 天新片追查模式)
[2026-08-11 23:02:41] [INFO] [server.py:588] - [全量订阅演员一条龙 [全量翻页 | 抓取元数据入库]] 🔍 [DB] 番号 [JUMS-146] 详情已存库 (网页暂无可用磁力，已开启 30 天新片追查模式)
[2026-08-11 23:02:41] [INFO] [javdb_scraper.py:196] - 🔎 [262/608] 抓取详情: JUMS-153 (https://javdb.com/v/6dRep9)
[2026-08-11 23:02:41] [INFO] [server.py:588] - [全量订阅演员一条龙 [全量翻页 | 抓取元数据入库]] 🔎 [262/608] 抓取详情: JUMS-153 (https://javdb.com/v/6dRep9)
[2026-08-11 23:02:44] [INFO] [javdb_scraper.py:196] - 🔍 [DB] 番号 [JUMS-153] 详情已存库 (网页暂无可用磁力，已开启 30 天新片追查模式)
[2026-08-11 23:02:44] [INFO] [server.py:588] - [全量订阅演员一条龙 [全量翻页 | 抓取元数据入库]] 🔍 [DB] 番号 [JUMS-153] 详情已存库 (网页暂无可用磁力，已开启 30 天新片追查模式)
[2026-08-11 23:02:44] [INFO] [javdb_scraper.py:196] - 🔎 [263/608] 抓取详情: JUQ-138 (https://javdb.com/v/O28pxk)
[2026-08-11 23:02:44] [INFO] [server.py:588] - [全量订阅演员一条龙 [全量翻页 | 抓取元数据入库]] 🔎 [263/608] 抓取详情: JUQ-138 (https://javdb.com/v/O28pxk)
[2026-08-11 23:02:47] [INFO] [javdb_scraper.py:196] - 🔍 [DB] 番号 [JUQ-138] 详情已存库 (网页暂无可用磁力，已开启 30 天新片追查模式)
[2026-08-11 23:02:47] [INFO] [server.py:588] - [全量订阅演员一条龙 [全量翻页 | 抓取元数据入库]] 🔍 [DB] 番号 [JUQ-138] 详情已存库 (网页暂无可用磁力，已开启 30 天新片追查模式)
[2026-08-11 23:02:47] [INFO] [javdb_scraper.py:196] - 🔎 [264/608] 抓取详情: JUQ-163 (https://javdb.com/v/W1rQkZ)
[2026-08-11 23:02:47] [INFO] [server.py:588] - [全量订阅演员一条龙 [全量翻页 | 抓取元数据入库]] 🔎 [264/608] 抓取详情: JUQ-163 (https://javdb.com/v/W1rQkZ)
[2026-08-11 23:02:50] [INFO] [javdb_scraper.py:196] - 🔍 [DB] 番号 [JUQ-163] 详情已存库 (网页暂无可用磁力，已开启 30 天新片追查模式)
[2026-08-11 23:02:50] [INFO] [server.py:588] - [全量订阅演员一条龙 [全量翻页 | 抓取元数据入库]] 🔍 [DB] 番号 [JUQ-163] 详情已存库 (网页暂无可用磁力，已开启 30 天新片追查模式)
[2026-08-11 23:02:50] [INFO] [javdb_scraper.py:196] - 🔎 [265/608] 抓取详情: JUQ-358 (https://javdb.com/v/qD2Ab3)
[2026-08-11 23:02:50] [INFO] [server.py:588] - [全量订阅演员一条龙 [全量翻页 | 抓取元数据入库]] 🔎 [265/608] 抓取详情: JUQ-358 (https://javdb.com/v/qD2Ab3)
[2026-08-11 23:02:54] [INFO] [javdb_scraper.py:196] - 🔍 [DB] 番号 [JUQ-358] 详情已存库 (网页暂无可用磁力，已开启 30 天新片追查模式)
[2026-08-11 23:02:54] [INFO] [server.py:588] - [全量订阅演员一条龙 [全量翻页 | 抓取元数据入库]] 🔍 [DB] 番号 [JUQ-358] 详情已存库 (网页暂无可用磁力，已开启 30 天新片追查模式)
[2026-08-11 23:02:54] [INFO] [javdb_scraper.py:196] - 🔎 [266/608] 抓取详情: JUQ-370 (https://javdb.com/v/NwWQex)
[2026-08-11 23:02:54] [INFO] [server.py:588] - [全量订阅演员一条龙 [全量翻页 | 抓取元数据入库]] 🔎 [266/608] 抓取详情: JUQ-370 (https://javdb.com/v/NwWQex)
[2026-08-11 23:02:56] [INFO] [javdb_scraper.py:196] - 🔍 [DB] 番号 [JUQ-370] 详情已存库 (网页暂无可用磁力，已开启 30 天新片追查模式)
[2026-08-11 23:02:56] [INFO] [server.py:588] - [全量订阅演员一条龙 [全量翻页 | 抓取元数据入库]] 🔍 [DB] 番号 [JUQ-370] 详情已存库 (网页暂无可用磁力，已开启 30 天新片追查模式)
[2026-08-11 23:02:56] [INFO] [javdb_scraper.py:196] - 🔎 [267/608] 抓取详情: JUQ-405 (https://javdb.com/v/YnDDzB)
[2026-08-11 23:02:56] [INFO] [server.py:588] - [全量订阅演员一条龙 [全量翻页 | 抓取元数据入库]] 🔎 [267/608] 抓取详情: JUQ-405 (https://javdb.com/v/YnDDzB)
[2026-08-11 23:03:00] [INFO] [javdb_scraper.py:196] - 🔍 [DB] 番号 [JUQ-405] 详情已存库 (网页暂无可用磁力，已开启 30 天新片追查模式)
[2026-08-11 23:03:00] [INFO] [server.py:588] - [全量订阅演员一条龙 [全量翻页 | 抓取元数据入库]] 🔍 [DB] 番号 [JUQ-405] 详情已存库 (网页暂无可用磁力，已开启 30 天新片追查模式)
[2026-08-11 23:03:00] [INFO] [javdb_scraper.py:196] - 🔎 [268/608] 抓取详情: JUQ-434 (https://javdb.com/v/AzPZGP)
[2026-08-11 23:03:00] [INFO] [server.py:588] - [全量订阅演员一条龙 [全量翻页 | 抓取元数据入库]] 🔎 [268/608] 抓取详情: JUQ-434 (https://javdb.com/v/AzPZGP)
[2026-08-11 23:03:02] [INFO] [javdb_scraper.py:196] - 🔍 [DB] 番号 [JUQ-434] 详情已存库 (网页暂无可用磁力，已开启 30 天新片追查模式)
[2026-08-11 23:03:02] [INFO] [server.py:588] - [全量订阅演员一条龙 [全量翻页 | 抓取元数据入库]] 🔍 [DB] 番号 [JUQ-434] 详情已存库 (网页暂无可用磁力，已开启 30 天新片追查模式)
[2026-08-11 23:03:02] [INFO] [javdb_scraper.py:196] - 🔎 [269/608] 抓取详情: JUQ-471 (https://javdb.com/v/1B5XZn)
[2026-08-11 23:03:02] [INFO] [server.py:588] - [全量订阅演员一条龙 [全量翻页 | 抓取元数据入库]] 🔎 [269/608] 抓取详情: JUQ-471 (https://javdb.com/v/1B5XZn)
[2026-08-11 23:03:04] [INFO] [javdb_scraper.py:196] - 🔍 [DB] 番号 [JUQ-471] 详情已存库 (网页暂无可用磁力，已开启 30 天新片追查模式)
[2026-08-11 23:03:04] [INFO] [server.py:588] - [全量订阅演员一条龙 [全量翻页 | 抓取元数据入库]] 🔍 [DB] 番号 [JUQ-471] 详情已存库 (网页暂无可用磁力，已开启 30 天新片追查模式)
[2026-08-11 23:03:04] [INFO] [javdb_scraper.py:196] - 🔎 [270/608] 抓取详情: JUQ-541 (https://javdb.com/v/8Vvb4E)
[2026-08-11 23:03:04] [INFO] [server.py:588] - [全量订阅演员一条龙 [全量翻页 | 抓取元数据入库]] 🔎 [270/608] 抓取详情: JUQ-541 (https://javdb.com/v/8Vvb4E)
[2026-08-11 23:03:07] [INFO] [javdb_scraper.py:196] - 🔍 [DB] 番号 [JUQ-541] 详情已存库 (网页暂无可用磁力，已开启 30 天新片追查模式)
[2026-08-11 23:03:07] [INFO] [server.py:588] - [全量订阅演员一条龙 [全量翻页 | 抓取元数据入库]] 🔍 [DB] 番号 [JUQ-541] 详情已存库 (网页暂无可用磁力，已开启 30 天新片追查模式)
[2026-08-11 23:03:07] [INFO] [javdb_scraper.py:196] - 🔎 [271/608] 抓取详情: JUQ-564 (https://javdb.com/v/76E0Wd)
[2026-08-11 23:03:07] [INFO] [server.py:588] - [全量订阅演员一条龙 [全量翻页 | 抓取元数据入库]] 🔎 [271/608] 抓取详情: JUQ-564 (https://javdb.com/v/76E0Wd)
[2026-08-11 23:03:10] [INFO] [javdb_scraper.py:196] - 🔍 [DB] 番号 [JUQ-564] 详情已存库 (网页暂无可用磁力，已开启 30 天新片追查模式)
[2026-08-11 23:03:10] [INFO] [server.py:588] - [全量订阅演员一条龙 [全量翻页 | 抓取元数据入库]] 🔍 [DB] 番号 [JUQ-564] 详情已存库 (网页暂无可用磁力，已开启 30 天新片追查模式)
[2026-08-11 23:03:10] [INFO] [javdb_scraper.py:196] - 🔎 [272/608] 抓取详情: JUQ-641 (https://javdb.com/v/2m4DyX)
[2026-08-11 23:03:10] [INFO] [server.py:588] - [全量订阅演员一条龙 [全量翻页 | 抓取元数据入库]] 🔎 [272/608] 抓取详情: JUQ-641 (https://javdb.com/v/2m4DyX)
[2026-08-11 23:03:14] [INFO] [javdb_scraper.py:196] - 🔍 [DB] 番号 [JUQ-641] 详情已存库 (网页暂无可用磁力，已开启 30 天新片追查模式)
[2026-08-11 23:03:14] [INFO] [server.py:588] - [全量订阅演员一条龙 [全量翻页 | 抓取元数据入库]] 🔍 [DB] 番号 [JUQ-641] 详情已存库 (网页暂无可用磁力，已开启 30 天新片追查模式)
[2026-08-11 23:03:14] [INFO] [javdb_scraper.py:196] - 🔎 [273/608] 抓取详情: JUQ-688 (https://javdb.com/v/6d5DGM)
[2026-08-11 23:03:14] [INFO] [server.py:588] - [全量订阅演员一条龙 [全量翻页 | 抓取元数据入库]] 🔎 [273/608] 抓取详情: JUQ-688 (https://javdb.com/v/6d5DGM)
[2026-08-11 23:03:16] [INFO] [javdb_scraper.py:196] - 🔍 [DB] 番号 [JUQ-688] 详情已存库 (网页暂无可用磁力，已开启 30 天新片追查模式)
[2026-08-11 23:03:16] [INFO] [server.py:588] - [全量订阅演员一条龙 [全量翻页 | 抓取元数据入库]] 🔍 [DB] 番号 [JUQ-688] 详情已存库 (网页暂无可用磁力，已开启 30 天新片追查模式)
[2026-08-11 23:03:16] [INFO] [javdb_scraper.py:196] - 🔎 [274/608] 抓取详情: JUQ-757 (https://javdb.com/v/QNVxw9)
[2026-08-11 23:03:16] [INFO] [server.py:588] - [全量订阅演员一条龙 [全量翻页 | 抓取元数据入库]] 🔎 [274/608] 抓取详情: JUQ-757 (https://javdb.com/v/QNVxw9)
[2026-08-11 23:03:19] [INFO] [javdb_scraper.py:196] - 🔍 [DB] 番号 [JUQ-757] 详情已存库 (网页暂无可用磁力，已开启 30 天新片追查模式)
[2026-08-11 23:03:19] [INFO] [server.py:588] - [全量订阅演员一条龙 [全量翻页 | 抓取元数据入库]] 🔍 [DB] 番号 [JUQ-757] 详情已存库 (网页暂无可用磁力，已开启 30 天新片追查模式)
[2026-08-11 23:03:19] [INFO] [javdb_scraper.py:196] - 🔎 [275/608] 抓取详情: JUQ-775 (https://javdb.com/v/AqzW8P)
[2026-08-11 23:03:19] [INFO] [server.py:588] - [全量订阅演员一条龙 [全量翻页 | 抓取元数据入库]] 🔎 [275/608] 抓取详情: JUQ-775 (https://javdb.com/v/AqzW8P)
[2026-08-11 23:03:21] [INFO] [javdb_scraper.py:196] - 🔍 [DB] 番号 [JUQ-775] 详情已存库 (网页暂无可用磁力，已开启 30 天新片追查模式)
[2026-08-11 23:03:21] [INFO] [server.py:588] - [全量订阅演员一条龙 [全量翻页 | 抓取元数据入库]] 🔍 [DB] 番号 [JUQ-775] 详情已存库 (网页暂无可用磁力，已开启 30 天新片追查模式)
[2026-08-11 23:03:21] [INFO] [javdb_scraper.py:196] - 🔎 [276/608] 抓取详情: JUQ-819 (https://javdb.com/v/qAArg3)
[2026-08-11 23:03:21] [INFO] [server.py:588] - [全量订阅演员一条龙 [全量翻页 | 抓取元数据入库]] 🔎 [276/608] 抓取详情: JUQ-819 (https://javdb.com/v/qAArg3)
[2026-08-11 23:03:24] [INFO] [javdb_scraper.py:196] - 🔍 [DB] 番号 [JUQ-819] 详情已存库 (网页暂无可用磁力，已开启 30 天新片追查模式)
[2026-08-11 23:03:24] [INFO] [server.py:588] - [全量订阅演员一条龙 [全量翻页 | 抓取元数据入库]] 🔍 [DB] 番号 [JUQ-819] 详情已存库 (网页暂无可用磁力，已开启 30 天新片追查模式)
[2026-08-11 23:03:24] [INFO] [javdb_scraper.py:196] - 🔎 [277/608] 抓取详情: JUQ-880 (https://javdb.com/v/mOOD5D)
[2026-08-11 23:03:24] [INFO] [server.py:588] - [全量订阅演员一条龙 [全量翻页 | 抓取元数据入库]] 🔎 [277/608] 抓取详情: JUQ-880 (https://javdb.com/v/mOOD5D)
[2026-08-11 23:03:27] [INFO] [javdb_scraper.py:196] - 🔍 [DB] 番号 [JUQ-880] 详情已存库 (网页暂无可用磁力，已开启 30 天新片追查模式)
[2026-08-11 23:03:27] [INFO] [server.py:588] - [全量订阅演员一条龙 [全量翻页 | 抓取元数据入库]] 🔍 [DB] 番号 [JUQ-880] 详情已存库 (网页暂无可用磁力，已开启 30 天新片追查模式)
[2026-08-11 23:03:27] [INFO] [javdb_scraper.py:196] - 🔎 [278/608] 抓取详情: JUQ-907 (https://javdb.com/v/NQQdAB)
[2026-08-11 23:03:27] [INFO] [server.py:588] - [全量订阅演员一条龙 [全量翻页 | 抓取元数据入库]] 🔎 [278/608] 抓取详情: JUQ-907 (https://javdb.com/v/NQQdAB)
[2026-08-11 23:03:30] [INFO] [javdb_scraper.py:196] - 🔍 [DB] 番号 [JUQ-907] 详情已存库 (网页暂无可用磁力，已开启 30 天新片追查模式)
[2026-08-11 23:03:30] [INFO] [server.py:588] - [全量订阅演员一条龙 [全量翻页 | 抓取元数据入库]] 🔍 [DB] 番号 [JUQ-907] 详情已存库 (网页暂无可用磁力，已开启 30 天新片追查模式)
[2026-08-11 23:03:30] [INFO] [javdb_scraper.py:196] - 🔎 [279/608] 抓取详情: JUR-020 (https://javdb.com/v/Aqb7ay)
[2026-08-11 23:03:30] [INFO] [server.py:588] - [全量订阅演员一条龙 [全量翻页 | 抓取元数据入库]] 🔎 [279/608] 抓取详情: JUR-020 (https://javdb.com/v/Aqb7ay)
[2026-08-11 23:03:32] [INFO] [javdb_scraper.py:196] - 🔍 [DB] 番号 [JUR-020] 详情已存库 (网页暂无可用磁力，已开启 30 天新片追查模式)
[2026-08-11 23:03:32] [INFO] [server.py:588] - [全量订阅演员一条龙 [全量翻页 | 抓取元数据入库]] 🔍 [DB] 番号 [JUR-020] 详情已存库 (网页暂无可用磁力，已开启 30 天新片追查模式)
[2026-08-11 23:03:32] [INFO] [javdb_scraper.py:196] - 🔎 [280/608] 抓取详情: JUR-139 (https://javdb.com/v/QNnVXG)
[2026-08-11 23:03:32] [INFO] [server.py:588] - [全量订阅演员一条龙 [全量翻页 | 抓取元数据入库]] 🔎 [280/608] 抓取详情: JUR-139 (https://javdb.com/v/QNnVXG)
[2026-08-11 23:03:35] [INFO] [javdb_scraper.py:196] - 🔍 [DB] 番号 [JUR-139] 详情已存库 (网页暂无可用磁力，已开启 30 天新片追查模式)
[2026-08-11 23:03:35] [INFO] [server.py:588] - [全量订阅演员一条龙 [全量翻页 | 抓取元数据入库]] 🔍 [DB] 番号 [JUR-139] 详情已存库 (网页暂无可用磁力，已开启 30 天新片追查模式)
[2026-08-11 23:03:35] [INFO] [javdb_scraper.py:196] - 🔎 [281/608] 抓取详情: JUR-153 (https://javdb.com/v/MbbR7J)
[2026-08-11 23:03:35] [INFO] [server.py:588] - [全量订阅演员一条龙 [全量翻页 | 抓取元数据入库]] 🔎 [281/608] 抓取详情: JUR-153 (https://javdb.com/v/MbbR7J)
[2026-08-11 23:03:37] [INFO] [javdb_scraper.py:196] - 🔍 [DB] 番号 [JUR-153] 详情已存库 (网页暂无可用磁力，已开启 30 天新片追查模式)
[2026-08-11 23:03:37] [INFO] [server.py:588] - [全量订阅演员一条龙 [全量翻页 | 抓取元数据入库]] 🔍 [DB] 番号 [JUR-153] 详情已存库 (网页暂无可用磁力，已开启 30 天新片追查模式)
[2026-08-11 23:03:37] [INFO] [javdb_scraper.py:196] - 🔎 [282/608] 抓取详情: JUR-237 (https://javdb.com/v/gyOEWN)
[2026-08-11 23:03:37] [INFO] [server.py:588] - [全量订阅演员一条龙 [全量翻页 | 抓取元数据入库]] 🔎 [282/608] 抓取详情: JUR-237 (https://javdb.com/v/gyOEWN)
[2026-08-11 23:03:39] [INFO] [javdb_scraper.py:196] - 🔍 [DB] 番号 [JUR-237] 详情已存库 (网页暂无可用磁力，已开启 30 天新片追查模式)
[2026-08-11 23:03:39] [INFO] [server.py:588] - [全量订阅演员一条龙 [全量翻页 | 抓取元数据入库]] 🔍 [DB] 番号 [JUR-237] 详情已存库 (网页暂无可用磁力，已开启 30 天新片追查模式)
[2026-08-11 23:03:39] [INFO] [javdb_scraper.py:196] - 🔎 [283/608] 抓取详情: KSSIS-129 (https://javdb.com/v/anYz3)
[2026-08-11 23:03:39] [INFO] [server.py:588] - [全量订阅演员一条龙 [全量翻页 | 抓取元数据入库]] 🔎 [283/608] 抓取详情: KSSIS-129 (https://javdb.com/v/anYz3)
[2026-08-11 23:03:42] [INFO] [javdb_scraper.py:196] - 🔍 [DB] 番号 [KSSIS-129] 详情已存库 (网页暂无可用磁力，已开启 30 天新片追查模式)
[2026-08-11 23:03:42] [INFO] [server.py:588] - [全量订阅演员一条龙 [全量翻页 | 抓取元数据入库]] 🔍 [DB] 番号 [KSSIS-129] 详情已存库 (网页暂无可用磁力，已开启 30 天新片追查模式)
[2026-08-11 23:03:42] [INFO] [javdb_scraper.py:196] - 🔎 [284/608] 抓取详情: MEYD-664 (https://javdb.com/v/0wrV7)
[2026-08-11 23:03:42] [INFO] [server.py:588] - [全量订阅演员一条龙 [全量翻页 | 抓取元数据入库]] 🔎 [284/608] 抓取详情: MEYD-664 (https://javdb.com/v/0wrV7)
[2026-08-11 23:03:45] [INFO] [javdb_scraper.py:196] - 🔍 [DB] 番号 [MEYD-664] 详情已存库 (网页暂无可用磁力，已开启 30 天新片追查模式)
[2026-08-11 23:03:45] [INFO] [server.py:588] - [全量订阅演员一条龙 [全量翻页 | 抓取元数据入库]] 🔍 [DB] 番号 [MEYD-664] 详情已存库 (网页暂无可用磁力，已开启 30 天新片追查模式)
[2026-08-11 23:03:45] [INFO] [javdb_scraper.py:196] - 🔎 [285/608] 抓取详情: MEYD-801 (https://javdb.com/v/35OKKN)
[2026-08-11 23:03:45] [INFO] [server.py:588] - [全量订阅演员一条龙 [全量翻页 | 抓取元数据入库]] 🔎 [285/608] 抓取详情: MEYD-801 (https://javdb.com/v/35OKKN)
[2026-08-11 23:03:47] [INFO] [javdb_scraper.py:196] - 🔍 [DB] 番号 [MEYD-801] 详情已存库 (网页暂无可用磁力，已开启 30 天新片追查模式)
[2026-08-11 23:03:47] [INFO] [server.py:588] - [全量订阅演员一条龙 [全量翻页 | 抓取元数据入库]] 🔍 [DB] 番号 [MEYD-801] 详情已存库 (网页暂无可用磁力，已开启 30 天新片追查模式)
[2026-08-11 23:03:47] [INFO] [javdb_scraper.py:196] - 🔎 [286/608] 抓取详情: MEYD-806 (https://javdb.com/v/vDk7Dz)
[2026-08-11 23:03:47] [INFO] [server.py:588] - [全量订阅演员一条龙 [全量翻页 | 抓取元数据入库]] 🔎 [286/608] 抓取详情: MEYD-806 (https://javdb.com/v/vDk7Dz)
[2026-08-11 23:03:50] [INFO] [javdb_scraper.py:196] - 🔍 [DB] 番号 [MEYD-806] 详情已存库 (网页暂无可用磁力，已开启 30 天新片追查模式)
[2026-08-11 23:03:50] [INFO] [server.py:588] - [全量订阅演员一条龙 [全量翻页 | 抓取元数据入库]] 🔍 [DB] 番号 [MEYD-806] 详情已存库 (网页暂无可用磁力，已开启 30 天新片追查模式)
[2026-08-11 23:03:50] [INFO] [javdb_scraper.py:196] - 🔎 [287/608] 抓取详情: MEYD-812 (https://javdb.com/v/NwBVar)
[2026-08-11 23:03:50] [INFO] [server.py:588] - [全量订阅演员一条龙 [全量翻页 | 抓取元数据入库]] 🔎 [287/608] 抓取详情: MEYD-812 (https://javdb.com/v/NwBVar)
[2026-08-11 23:03:52] [INFO] [javdb_scraper.py:196] - 🔍 [DB] 番号 [MEYD-812] 详情已存库 (网页暂无可用磁力，已开启 30 天新片追查模式)
[2026-08-11 23:03:52] [INFO] [server.py:588] - [全量订阅演员一条龙 [全量翻页 | 抓取元数据入库]] 🔍 [DB] 番号 [MEYD-812] 详情已存库 (网页暂无可用磁力，已开启 30 天新片追查模式)
[2026-08-11 23:03:52] [INFO] [javdb_scraper.py:196] - 🔎 [288/608] 抓取详情: OAE-214 (https://javdb.com/v/KOvE0)
[2026-08-11 23:03:52] [INFO] [server.py:588] - [全量订阅演员一条龙 [全量翻页 | 抓取元数据入库]] 🔎 [288/608] 抓取详情: OAE-214 (https://javdb.com/v/KOvE0)
[2026-08-11 23:03:56] [INFO] [javdb_scraper.py:196] - 🔍 [DB] 番号 [OAE-214] 详情已存库 (网页暂无可用磁力，已开启 30 天新片追查模式)
[2026-08-11 23:03:56] [INFO] [server.py:588] - [全量订阅演员一条龙 [全量翻页 | 抓取元数据入库]] 🔍 [DB] 番号 [OAE-214] 详情已存库 (网页暂无可用磁力，已开启 30 天新片追查模式)
[2026-08-11 23:03:56] [INFO] [javdb_scraper.py:196] - 🔎 [289/608] 抓取详情: OAE-228 (https://javdb.com/v/rmzmJr)
[2026-08-11 23:03:56] [INFO] [server.py:588] - [全量订阅演员一条龙 [全量翻页 | 抓取元数据入库]] 🔎 [289/608] 抓取详情: OAE-228 (https://javdb.com/v/rmzmJr)
[2026-08-11 23:03:59] [INFO] [javdb_scraper.py:196] - 🔍 [DB] 番号 [OAE-228] 详情已存库 (网页暂无可用磁力，已开启 30 天新片追查模式)
[2026-08-11 23:03:59] [INFO] [server.py:588] - [全量订阅演员一条龙 [全量翻页 | 抓取元数据入库]] 🔍 [DB] 番号 [OAE-228] 详情已存库 (网页暂无可用磁力，已开启 30 天新片追查模式)
[2026-08-11 23:03:59] [INFO] [javdb_scraper.py:196] - 🔎 [290/608] 抓取详情: OAE-249 (https://javdb.com/v/Yn6aXK)
[2026-08-11 23:03:59] [INFO] [server.py:588] - [全量订阅演员一条龙 [全量翻页 | 抓取元数据入库]] 🔎 [290/608] 抓取详情: OAE-249 (https://javdb.com/v/Yn6aXK)
[2026-08-11 23:04:02] [INFO] [javdb_scraper.py:196] - 🔍 [DB] 番号 [OAE-249] 详情已存库 (网页暂无可用磁力，已开启 30 天新片追查模式)
[2026-08-11 23:04:02] [INFO] [server.py:588] - [全量订阅演员一条龙 [全量翻页 | 抓取元数据入库]] 🔍 [DB] 番号 [OAE-249] 详情已存库 (网页暂无可用磁力，已开启 30 天新片追查模式)
[2026-08-11 23:04:02] [INFO] [javdb_scraper.py:196] - 🔎 [291/608] 抓取详情: OAE-262 (https://javdb.com/v/kKKw24)
[2026-08-11 23:04:02] [INFO] [server.py:588] - [全量订阅演员一条龙 [全量翻页 | 抓取元数据入库]] 🔎 [291/608] 抓取详情: OAE-262 (https://javdb.com/v/kKKw24)
[2026-08-11 23:04:05] [INFO] [javdb_scraper.py:196] - 🔍 [DB] 番号 [OAE-262] 详情已存库 (网页暂无可用磁力，已开启 30 天新片追查模式)
[2026-08-11 23:04:05] [INFO] [server.py:588] - [全量订阅演员一条龙 [全量翻页 | 抓取元数据入库]] 🔍 [DB] 番号 [OAE-262] 详情已存库 (网页暂无可用磁力，已开启 30 天新片追查模式)
[2026-08-11 23:04:05] [INFO] [javdb_scraper.py:196] - 🔎 [292/608] 抓取详情: OAE-275 (https://javdb.com/v/e84Wwx)
[2026-08-11 23:04:05] [INFO] [server.py:588] - [全量订阅演员一条龙 [全量翻页 | 抓取元数据入库]] 🔎 [292/608] 抓取详情: OAE-275 (https://javdb.com/v/e84Wwx)
[2026-08-11 23:04:08] [INFO] [javdb_scraper.py:196] - 🔍 [DB] 番号 [OAE-275] 详情已存库 (网页暂无可用磁力，已开启 30 天新片追查模式)
[2026-08-11 23:04:08] [INFO] [server.py:588] - [全量订阅演员一条龙 [全量翻页 | 抓取元数据入库]] 🔍 [DB] 番号 [OAE-275] 详情已存库 (网页暂无可用磁力，已开启 30 天新片追查模式)
[2026-08-11 23:04:08] [INFO] [javdb_scraper.py:196] - 🔎 [293/608] 抓取详情: OAE-291 (https://javdb.com/v/XeYQzG)
[2026-08-11 23:04:08] [INFO] [server.py:588] - [全量订阅演员一条龙 [全量翻页 | 抓取元数据入库]] 🔎 [293/608] 抓取详情: OAE-291 (https://javdb.com/v/XeYQzG)
[2026-08-11 23:04:12] [INFO] [javdb_scraper.py:196] - 🔍 [DB] 番号 [OAE-291] 详情已存库 (网页暂无可用磁力，已开启 30 天新片追查模式)
[2026-08-11 23:04:12] [INFO] [server.py:588] - [全量订阅演员一条龙 [全量翻页 | 抓取元数据入库]] 🔍 [DB] 番号 [OAE-291] 详情已存库 (网页暂无可用磁力，已开启 30 天新片追查模式)
[2026-08-11 23:04:12] [INFO] [javdb_scraper.py:196] - 🔎 [294/608] 抓取详情: OAE-293 (https://javdb.com/v/2m0gdp)
[2026-08-11 23:04:12] [INFO] [server.py:588] - [全量订阅演员一条龙 [全量翻页 | 抓取元数据入库]] 🔎 [294/608] 抓取详情: OAE-293 (https://javdb.com/v/2m0gdp)
[2026-08-11 23:04:14] [INFO] [javdb_scraper.py:196] - 🔍 [DB] 番号 [OAE-293] 详情已存库 (网页暂无可用磁力，已开启 30 天新片追查模式)
[2026-08-11 23:04:14] [INFO] [server.py:588] - [全量订阅演员一条龙 [全量翻页 | 抓取元数据入库]] 🔍 [DB] 番号 [OAE-293] 详情已存库 (网页暂无可用磁力，已开启 30 天新片追查模式)
[2026-08-11 23:04:14] [INFO] [javdb_scraper.py:196] - 🔎 [295/608] 抓取详情: OAE-302 (https://javdb.com/v/YwG1AD)
[2026-08-11 23:04:14] [INFO] [server.py:588] - [全量订阅演员一条龙 [全量翻页 | 抓取元数据入库]] 🔎 [295/608] 抓取详情: OAE-302 (https://javdb.com/v/YwG1AD)
[2026-08-11 23:04:17] [INFO] [javdb_scraper.py:196] - 🔍 [DB] 番号 [OAE-302] 详情已存库 (网页暂无可用磁力，已开启 30 天新片追查模式)
[2026-08-11 23:04:17] [INFO] [server.py:588] - [全量订阅演员一条龙 [全量翻页 | 抓取元数据入库]] 🔍 [DB] 番号 [OAE-302] 详情已存库 (网页暂无可用磁力，已开启 30 天新片追查模式)
[2026-08-11 23:04:17] [INFO] [javdb_scraper.py:196] - 🔎 [296/608] 抓取详情: OFJE-186 (https://javdb.com/v/WQqKq)
[2026-08-11 23:04:17] [INFO] [server.py:588] - [全量订阅演员一条龙 [全量翻页 | 抓取元数据入库]] 🔎 [296/608] 抓取详情: OFJE-186 (https://javdb.com/v/WQqKq)
[2026-08-11 23:04:19] [INFO] [javdb_scraper.py:196] - 🔍 [DB] 番号 [OFJE-186] 详情已存库 (网页暂无可用磁力，已开启 30 天新片追查模式)
[2026-08-11 23:04:19] [INFO] [server.py:588] - [全量订阅演员一条龙 [全量翻页 | 抓取元数据入库]] 🔍 [DB] 番号 [OFJE-186] 详情已存库 (网页暂无可用磁力，已开启 30 天新片追查模式)
[2026-08-11 23:04:19] [INFO] [javdb_scraper.py:196] - 🔎 [297/608] 抓取详情: OFJE-343 (https://javdb.com/v/GAEwD)
[2026-08-11 23:04:19] [INFO] [server.py:588] - [全量订阅演员一条龙 [全量翻页 | 抓取元数据入库]] 🔎 [297/608] 抓取详情: OFJE-343 (https://javdb.com/v/GAEwD)
[2026-08-11 23:04:21] [INFO] [javdb_scraper.py:196] - 🔍 [DB] 番号 [OFJE-343] 详情已存库 (网页暂无可用磁力，已开启 30 天新片追查模式)
[2026-08-11 23:04:21] [INFO] [server.py:588] - [全量订阅演员一条龙 [全量翻页 | 抓取元数据入库]] 🔍 [DB] 番号 [OFJE-343] 详情已存库 (网页暂无可用磁力，已开启 30 天新片追查模式)
[2026-08-11 23:04:21] [INFO] [javdb_scraper.py:196] - 🔎 [298/608] 抓取详情: OFJE-345 (https://javdb.com/v/QdBO7)
[2026-08-11 23:04:21] [INFO] [server.py:588] - [全量订阅演员一条龙 [全量翻页 | 抓取元数据入库]] 🔎 [298/608] 抓取详情: OFJE-345 (https://javdb.com/v/QdBO7)
[2026-08-11 23:04:24] [INFO] [javdb_scraper.py:196] - 🔍 [DB] 番号 [OFJE-345] 详情已存库 (网页暂无可用磁力，已开启 30 天新片追查模式)
[2026-08-11 23:04:24] [INFO] [server.py:588] - [全量订阅演员一条龙 [全量翻页 | 抓取元数据入库]] 🔍 [DB] 番号 [OFJE-345] 详情已存库 (网页暂无可用磁力，已开启 30 天新片追查模式)
[2026-08-11 23:04:24] [INFO] [javdb_scraper.py:196] - 🔎 [299/608] 抓取详情: OFJE-347 (https://javdb.com/v/JK5Ez)
[2026-08-11 23:04:24] [INFO] [server.py:588] - [全量订阅演员一条龙 [全量翻页 | 抓取元数据入库]] 🔎 [299/608] 抓取详情: OFJE-347 (https://javdb.com/v/JK5Ez)
[2026-08-11 23:04:28] [INFO] [javdb_scraper.py:196] - 🔍 [DB] 番号 [OFJE-347] 详情已存库 (网页暂无可用磁力，已开启 30 天新片追查模式)
[2026-08-11 23:04:28] [INFO] [server.py:588] - [全量订阅演员一条龙 [全量翻页 | 抓取元数据入库]] 🔍 [DB] 番号 [OFJE-347] 详情已存库 (网页暂无可用磁力，已开启 30 天新片追查模式)
[2026-08-11 23:04:28] [INFO] [javdb_scraper.py:196] - 🔎 [300/608] 抓取详情: OFJE-351 (https://javdb.com/v/d6Mme)
[2026-08-11 23:04:28] [INFO] [server.py:588] - [全量订阅演员一条龙 [全量翻页 | 抓取元数据入库]] 🔎 [300/608] 抓取详情: OFJE-351 (https://javdb.com/v/d6Mme)
[2026-08-11 23:04:30] [INFO] [javdb_scraper.py:196] - 🔍 [DB] 番号 [OFJE-351] 详情已存库 (网页暂无可用磁力，已开启 30 天新片追查模式)
[2026-08-11 23:04:30] [INFO] [server.py:588] - [全量订阅演员一条龙 [全量翻页 | 抓取元数据入库]] 🔍 [DB] 番号 [OFJE-351] 详情已存库 (网页暂无可用磁力，已开启 30 天新片追查模式)
[2026-08-11 23:04:30] [INFO] [javdb_scraper.py:196] - 🔎 [301/608] 抓取详情: OFJE-361 (https://javdb.com/v/QG6zG)
[2026-08-11 23:04:30] [INFO] [server.py:588] - [全量订阅演员一条龙 [全量翻页 | 抓取元数据入库]] 🔎 [301/608] 抓取详情: OFJE-361 (https://javdb.com/v/QG6zG)
[2026-08-11 23:04:33] [INFO] [javdb_scraper.py:196] - 🔍 [DB] 番号 [OFJE-361] 详情已存库 (网页暂无可用磁力，已开启 30 天新片追查模式)
[2026-08-11 23:04:33] [INFO] [server.py:588] - [全量订阅演员一条龙 [全量翻页 | 抓取元数据入库]] 🔍 [DB] 番号 [OFJE-361] 详情已存库 (网页暂无可用磁力，已开启 30 天新片追查模式)
[2026-08-11 23:04:33] [INFO] [javdb_scraper.py:196] - 🔎 [302/608] 抓取详情: OFJE-371 (https://javdb.com/v/RdzO88)
[2026-08-11 23:04:33] [INFO] [server.py:588] - [全量订阅演员一条龙 [全量翻页 | 抓取元数据入库]] 🔎 [302/608] 抓取详情: OFJE-371 (https://javdb.com/v/RdzO88)
[2026-08-11 23:04:37] [INFO] [javdb_scraper.py:196] - 🔍 [DB] 番号 [OFJE-371] 详情已存库 (网页暂无可用磁力，已开启 30 天新片追查模式)
[2026-08-11 23:04:37] [INFO] [server.py:588] - [全量订阅演员一条龙 [全量翻页 | 抓取元数据入库]] 🔍 [DB] 番号 [OFJE-371] 详情已存库 (网页暂无可用磁力，已开启 30 天新片追查模式)
[2026-08-11 23:04:37] [INFO] [javdb_scraper.py:196] - 🔎 [303/608] 抓取详情: OFJE-380 (https://javdb.com/v/35rEQD)
[2026-08-11 23:04:37] [INFO] [server.py:588] - [全量订阅演员一条龙 [全量翻页 | 抓取元数据入库]] 🔎 [303/608] 抓取详情: OFJE-380 (https://javdb.com/v/35rEQD)
[2026-08-11 23:04:39] [INFO] [javdb_scraper.py:196] - 🔍 [DB] 番号 [OFJE-380] 详情已存库 (网页暂无可用磁力，已开启 30 天新片追查模式)
[2026-08-11 23:04:39] [INFO] [server.py:588] - [全量订阅演员一条龙 [全量翻页 | 抓取元数据入库]] 🔍 [DB] 番号 [OFJE-380] 详情已存库 (网页暂无可用磁力，已开启 30 天新片追查模式)
[2026-08-11 23:04:39] [INFO] [javdb_scraper.py:196] - 🔎 [304/608] 抓取详情: OFJE-381 (https://javdb.com/v/2aqGDp)
[2026-08-11 23:04:39] [INFO] [server.py:588] - [全量订阅演员一条龙 [全量翻页 | 抓取元数据入库]] 🔎 [304/608] 抓取详情: OFJE-381 (https://javdb.com/v/2aqGDp)
[2026-08-11 23:04:41] [INFO] [javdb_scraper.py:196] - 🔍 [DB] 番号 [OFJE-381] 详情已存库 (网页暂无可用磁力，已开启 30 天新片追查模式)
[2026-08-11 23:04:41] [INFO] [server.py:588] - [全量订阅演员一条龙 [全量翻页 | 抓取元数据入库]] 🔍 [DB] 番号 [OFJE-381] 详情已存库 (网页暂无可用磁力，已开启 30 天新片追查模式)
[2026-08-11 23:04:41] [INFO] [javdb_scraper.py:196] - 🔎 [305/608] 抓取详情: OFJE-385 (https://javdb.com/v/O28pkk)
[2026-08-11 23:04:41] [INFO] [server.py:588] - [全量订阅演员一条龙 [全量翻页 | 抓取元数据入库]] 🔎 [305/608] 抓取详情: OFJE-385 (https://javdb.com/v/O28pkk)
[2026-08-11 23:04:44] [INFO] [javdb_scraper.py:196] - 🔍 [DB] 番号 [OFJE-385] 详情已存库 (网页暂无可用磁力，已开启 30 天新片追查模式)
[2026-08-11 23:04:44] [INFO] [server.py:588] - [全量订阅演员一条龙 [全量翻页 | 抓取元数据入库]] 🔍 [DB] 番号 [OFJE-385] 详情已存库 (网页暂无可用磁力，已开启 30 天新片追查模式)
[2026-08-11 23:04:44] [INFO] [javdb_scraper.py:196] - 🔎 [306/608] 抓取详情: OFJE-387 (https://javdb.com/v/Ynmv0e)
[2026-08-11 23:04:44] [INFO] [server.py:588] - [全量订阅演员一条龙 [全量翻页 | 抓取元数据入库]] 🔎 [306/608] 抓取详情: OFJE-387 (https://javdb.com/v/Ynmv0e)
[2026-08-11 23:04:46] [INFO] [javdb_scraper.py:196] - 🔍 [DB] 番号 [OFJE-387] 详情已存库 (网页暂无可用磁力，已开启 30 天新片追查模式)
[2026-08-11 23:04:46] [INFO] [server.py:588] - [全量订阅演员一条龙 [全量翻页 | 抓取元数据入库]] 🔍 [DB] 番号 [OFJE-387] 详情已存库 (网页暂无可用磁力，已开启 30 天新片追查模式)
[2026-08-11 23:04:46] [INFO] [javdb_scraper.py:196] - 🔎 [307/608] 抓取详情: OFJE-389 (https://javdb.com/v/8VZNBa)
[2026-08-11 23:04:46] [INFO] [server.py:588] - [全量订阅演员一条龙 [全量翻页 | 抓取元数据入库]] 🔎 [307/608] 抓取详情: OFJE-389 (https://javdb.com/v/8VZNBa)
[2026-08-11 23:04:48] [INFO] [javdb_scraper.py:196] - 🔍 [DB] 番号 [OFJE-389] 详情已存库 (网页暂无可用磁力，已开启 30 天新片追查模式)
[2026-08-11 23:04:48] [INFO] [server.py:588] - [全量订阅演员一条龙 [全量翻页 | 抓取元数据入库]] 🔍 [DB] 番号 [OFJE-389] 详情已存库 (网页暂无可用磁力，已开启 30 天新片追查模式)
[2026-08-11 23:04:48] [INFO] [javdb_scraper.py:196] - 🔎 [308/608] 抓取详情: OFJE-390 (https://javdb.com/v/g0D0d7)
[2026-08-11 23:04:48] [INFO] [server.py:588] - [全量订阅演员一条龙 [全量翻页 | 抓取元数据入库]] 🔎 [308/608] 抓取详情: OFJE-390 (https://javdb.com/v/g0D0d7)
[2026-08-11 23:04:51] [INFO] [javdb_scraper.py:196] - 🔍 [DB] 番号 [OFJE-390] 详情已存库 (网页暂无可用磁力，已开启 30 天新片追查模式)
[2026-08-11 23:04:51] [INFO] [server.py:588] - [全量订阅演员一条龙 [全量翻页 | 抓取元数据入库]] 🔍 [DB] 番号 [OFJE-390] 详情已存库 (网页暂无可用磁力，已开启 30 天新片追查模式)
[2026-08-11 23:04:51] [INFO] [javdb_scraper.py:196] - 🔎 [309/608] 抓取详情: OFJE-391 (https://javdb.com/v/yrzreX)
[2026-08-11 23:04:51] [INFO] [server.py:588] - [全量订阅演员一条龙 [全量翻页 | 抓取元数据入库]] 🔎 [309/608] 抓取详情: OFJE-391 (https://javdb.com/v/yrzreX)
[2026-08-11 23:04:54] [INFO] [javdb_scraper.py:196] - 🔍 [DB] 番号 [OFJE-391] 详情已存库 (网页暂无可用磁力，已开启 30 天新片追查模式)
[2026-08-11 23:04:54] [INFO] [server.py:588] - [全量订阅演员一条龙 [全量翻页 | 抓取元数据入库]] 🔍 [DB] 番号 [OFJE-391] 详情已存库 (网页暂无可用磁力，已开启 30 天新片追查模式)
[2026-08-11 23:04:54] [INFO] [javdb_scraper.py:196] - 🔎 [310/608] 抓取详情: OFJE-395 (https://javdb.com/v/769NR1)
[2026-08-11 23:04:54] [INFO] [server.py:588] - [全量订阅演员一条龙 [全量翻页 | 抓取元数据入库]] 🔎 [310/608] 抓取详情: OFJE-395 (https://javdb.com/v/769NR1)
[2026-08-11 23:04:57] [INFO] [javdb_scraper.py:196] - 🔍 [DB] 番号 [OFJE-395] 详情已存库 (网页暂无可用磁力，已开启 30 天新片追查模式)
[2026-08-11 23:04:57] [INFO] [server.py:588] - [全量订阅演员一条龙 [全量翻页 | 抓取元数据入库]] 🔍 [DB] 番号 [OFJE-395] 详情已存库 (网页暂无可用磁力，已开启 30 天新片追查模式)
[2026-08-11 23:04:57] [INFO] [javdb_scraper.py:196] - 🔎 [311/608] 抓取详情: OFJE-399 (https://javdb.com/v/76dPVV)
[2026-08-11 23:04:57] [INFO] [server.py:588] - [全量订阅演员一条龙 [全量翻页 | 抓取元数据入库]] 🔎 [311/608] 抓取详情: OFJE-399 (https://javdb.com/v/76dPVV)
[2026-08-11 23:05:00] [INFO] [javdb_scraper.py:196] - 🔍 [DB] 番号 [OFJE-399] 详情已存库 (网页暂无可用磁力，已开启 30 天新片追查模式)
[2026-08-11 23:05:00] [INFO] [server.py:588] - [全量订阅演员一条龙 [全量翻页 | 抓取元数据入库]] 🔍 [DB] 番号 [OFJE-399] 详情已存库 (网页暂无可用磁力，已开启 30 天新片追查模式)
[2026-08-11 23:05:00] [INFO] [javdb_scraper.py:196] - 🔎 [312/608] 抓取详情: OFJE-401 (https://javdb.com/v/9DxWBR)
[2026-08-11 23:05:00] [INFO] [server.py:588] - [全量订阅演员一条龙 [全量翻页 | 抓取元数据入库]] 🔎 [312/608] 抓取详情: OFJE-401 (https://javdb.com/v/9DxWBR)
[2026-08-11 23:05:03] [INFO] [javdb_scraper.py:196] - 🔍 [DB] 番号 [OFJE-401] 详情已存库 (网页暂无可用磁力，已开启 30 天新片追查模式)
[2026-08-11 23:05:03] [INFO] [server.py:588] - [全量订阅演员一条龙 [全量翻页 | 抓取元数据入库]] 🔍 [DB] 番号 [OFJE-401] 详情已存库 (网页暂无可用磁力，已开启 30 天新片追查模式)
[2026-08-11 23:05:03] [INFO] [javdb_scraper.py:196] - 🔎 [313/608] 抓取详情: OFJE-405 (https://javdb.com/v/k47B6J)
[2026-08-11 23:05:03] [INFO] [server.py:588] - [全量订阅演员一条龙 [全量翻页 | 抓取元数据入库]] 🔎 [313/608] 抓取详情: OFJE-405 (https://javdb.com/v/k47B6J)
[2026-08-11 23:05:06] [INFO] [javdb_scraper.py:196] - 🔍 [DB] 番号 [OFJE-405] 详情已存库 (网页暂无可用磁力，已开启 30 天新片追查模式)
[2026-08-11 23:05:06] [INFO] [server.py:588] - [全量订阅演员一条龙 [全量翻页 | 抓取元数据入库]] 🔍 [DB] 番号 [OFJE-405] 详情已存库 (网页暂无可用磁力，已开启 30 天新片追查模式)
[2026-08-11 23:05:06] [INFO] [javdb_scraper.py:196] - 🔎 [314/608] 抓取详情: OFJE-413 (https://javdb.com/v/8V1RnW)
[2026-08-11 23:05:06] [INFO] [server.py:588] - [全量订阅演员一条龙 [全量翻页 | 抓取元数据入库]] 🔎 [314/608] 抓取详情: OFJE-413 (https://javdb.com/v/8V1RnW)
[2026-08-11 23:05:08] [INFO] [javdb_scraper.py:196] - 🔍 [DB] 番号 [OFJE-413] 详情已存库 (网页暂无可用磁力，已开启 30 天新片追查模式)
[2026-08-11 23:05:08] [INFO] [server.py:588] - [全量订阅演员一条龙 [全量翻页 | 抓取元数据入库]] 🔍 [DB] 番号 [OFJE-413] 详情已存库 (网页暂无可用磁力，已开启 30 天新片追查模式)
[2026-08-11 23:05:08] [INFO] [javdb_scraper.py:196] - 🔎 [315/608] 抓取详情: OFJE-416 (https://javdb.com/v/ZXBNvJ)
[2026-08-11 23:05:08] [INFO] [server.py:588] - [全量订阅演员一条龙 [全量翻页 | 抓取元数据入库]] 🔎 [315/608] 抓取详情: OFJE-416 (https://javdb.com/v/ZXBNvJ)
[2026-08-11 23:05:11] [INFO] [javdb_scraper.py:196] - 🔍 [DB] 番号 [OFJE-416] 详情已存库 (网页暂无可用磁力，已开启 30 天新片追查模式)
[2026-08-11 23:05:11] [INFO] [server.py:588] - [全量订阅演员一条龙 [全量翻页 | 抓取元数据入库]] 🔍 [DB] 番号 [OFJE-416] 详情已存库 (网页暂无可用磁力，已开启 30 天新片追查模式)
[2026-08-11 23:05:11] [INFO] [javdb_scraper.py:196] - 🔎 [316/608] 抓取详情: OFJE-419 (https://javdb.com/v/bArK9d)
[2026-08-11 23:05:11] [INFO] [server.py:588] - [全量订阅演员一条龙 [全量翻页 | 抓取元数据入库]] 🔎 [316/608] 抓取详情: OFJE-419 (https://javdb.com/v/bArK9d)
[2026-08-11 23:05:14] [INFO] [javdb_scraper.py:196] - 🔍 [DB] 番号 [OFJE-419] 详情已存库 (网页暂无可用磁力，已开启 30 天新片追查模式)
[2026-08-11 23:05:14] [INFO] [server.py:588] - [全量订阅演员一条龙 [全量翻页 | 抓取元数据入库]] 🔍 [DB] 番号 [OFJE-419] 详情已存库 (网页暂无可用磁力，已开启 30 天新片追查模式)
[2026-08-11 23:05:14] [INFO] [javdb_scraper.py:196] - 🔎 [317/608] 抓取详情: OFJE-421 (https://javdb.com/v/vD2e3G)
[2026-08-11 23:05:14] [INFO] [server.py:588] - [全量订阅演员一条龙 [全量翻页 | 抓取元数据入库]] 🔎 [317/608] 抓取详情: OFJE-421 (https://javdb.com/v/vD2e3G)
[2026-08-11 23:05:17] [INFO] [javdb_scraper.py:196] - 🔍 [DB] 番号 [OFJE-421] 详情已存库 (网页暂无可用磁力，已开启 30 天新片追查模式)
[2026-08-11 23:05:17] [INFO] [server.py:588] - [全量订阅演员一条龙 [全量翻页 | 抓取元数据入库]] 🔍 [DB] 番号 [OFJE-421] 详情已存库 (网页暂无可用磁力，已开启 30 天新片追查模式)
[2026-08-11 23:05:17] [INFO] [javdb_scraper.py:196] - 🔎 [318/608] 抓取详情: OFJE-428 (https://javdb.com/v/wq9GWe)
[2026-08-11 23:05:17] [INFO] [server.py:588] - [全量订阅演员一条龙 [全量翻页 | 抓取元数据入库]] 🔎 [318/608] 抓取详情: OFJE-428 (https://javdb.com/v/wq9GWe)
[2026-08-11 23:05:19] [INFO] [javdb_scraper.py:196] - 🔍 [DB] 番号 [OFJE-428] 详情已存库 (网页暂无可用磁力，已开启 30 天新片追查模式)
[2026-08-11 23:05:19] [INFO] [server.py:588] - [全量订阅演员一条龙 [全量翻页 | 抓取元数据入库]] 🔍 [DB] 番号 [OFJE-428] 详情已存库 (网页暂无可用磁力，已开启 30 天新片追查模式)
[2026-08-11 23:05:19] [INFO] [javdb_scraper.py:196] - 🔎 [319/608] 抓取详情: OFJE-429 (https://javdb.com/v/B8r46G)
[2026-08-11 23:05:19] [INFO] [server.py:588] - [全量订阅演员一条龙 [全量翻页 | 抓取元数据入库]] 🔎 [319/608] 抓取详情: OFJE-429 (https://javdb.com/v/B8r46G)
[2026-08-11 23:05:22] [INFO] [javdb_scraper.py:196] - 🔍 [DB] 番号 [OFJE-429] 详情已存库 (网页暂无可用磁力，已开启 30 天新片追查模式)
[2026-08-11 23:05:22] [INFO] [server.py:588] - [全量订阅演员一条龙 [全量翻页 | 抓取元数据入库]] 🔍 [DB] 番号 [OFJE-429] 详情已存库 (网页暂无可用磁力，已开启 30 天新片追查模式)
[2026-08-11 23:05:22] [INFO] [javdb_scraper.py:196] - 🔎 [320/608] 抓取详情: OFJE-431 (https://javdb.com/v/AzDDVO)
[2026-08-11 23:05:22] [INFO] [server.py:588] - [全量订阅演员一条龙 [全量翻页 | 抓取元数据入库]] 🔎 [320/608] 抓取详情: OFJE-431 (https://javdb.com/v/AzDDVO)
[2026-08-11 23:05:25] [INFO] [javdb_scraper.py:196] - 🔍 [DB] 番号 [OFJE-431] 详情已存库 (网页暂无可用磁力，已开启 30 天新片追查模式)
[2026-08-11 23:05:25] [INFO] [server.py:588] - [全量订阅演员一条龙 [全量翻页 | 抓取元数据入库]] 🔍 [DB] 番号 [OFJE-431] 详情已存库 (网页暂无可用磁力，已开启 30 天新片追查模式)
[2026-08-11 23:05:25] [INFO] [javdb_scraper.py:196] - 🔎 [321/608] 抓取详情: OFJE-433 (https://javdb.com/v/p36Gk5)
[2026-08-11 23:05:25] [INFO] [server.py:588] - [全量订阅演员一条龙 [全量翻页 | 抓取元数据入库]] 🔎 [321/608] 抓取详情: OFJE-433 (https://javdb.com/v/p36Gk5)
[2026-08-11 23:05:28] [INFO] [javdb_scraper.py:196] - 🔍 [DB] 番号 [OFJE-433] 详情已存库 (网页暂无可用磁力，已开启 30 天新片追查模式)
[2026-08-11 23:05:28] [INFO] [server.py:588] - [全量订阅演员一条龙 [全量翻页 | 抓取元数据入库]] 🔍 [DB] 番号 [OFJE-433] 详情已存库 (网页暂无可用磁力，已开启 30 天新片追查模式)
[2026-08-11 23:05:28] [INFO] [javdb_scraper.py:196] - 🔎 [322/608] 抓取详情: OFJE-435 (https://javdb.com/v/vDEkgW)
[2026-08-11 23:05:28] [INFO] [server.py:588] - [全量订阅演员一条龙 [全量翻页 | 抓取元数据入库]] 🔎 [322/608] 抓取详情: OFJE-435 (https://javdb.com/v/vDEkgW)
[2026-08-11 23:05:31] [INFO] [javdb_scraper.py:196] - 🔍 [DB] 番号 [OFJE-435] 详情已存库 (网页暂无可用磁力，已开启 30 天新片追查模式)
[2026-08-11 23:05:31] [INFO] [server.py:588] - [全量订阅演员一条龙 [全量翻页 | 抓取元数据入库]] 🔍 [DB] 番号 [OFJE-435] 详情已存库 (网页暂无可用磁力，已开启 30 天新片追查模式)
[2026-08-11 23:05:31] [INFO] [javdb_scraper.py:196] - 🔎 [323/608] 抓取详情: OFJE-437 (https://javdb.com/v/XW10ZP)
[2026-08-11 23:05:31] [INFO] [server.py:588] - [全量订阅演员一条龙 [全量翻页 | 抓取元数据入库]] 🔎 [323/608] 抓取详情: OFJE-437 (https://javdb.com/v/XW10ZP)
[2026-08-11 23:05:33] [INFO] [javdb_scraper.py:196] - 🔍 [DB] 番号 [OFJE-437] 详情已存库 (网页暂无可用磁力，已开启 30 天新片追查模式)
[2026-08-11 23:05:33] [INFO] [server.py:588] - [全量订阅演员一条龙 [全量翻页 | 抓取元数据入库]] 🔍 [DB] 番号 [OFJE-437] 详情已存库 (网页暂无可用磁力，已开启 30 天新片追查模式)
[2026-08-11 23:05:33] [INFO] [javdb_scraper.py:196] - 🔎 [324/608] 抓取详情: OFJE-445 (https://javdb.com/v/nepEzY)
[2026-08-11 23:05:33] [INFO] [server.py:588] - [全量订阅演员一条龙 [全量翻页 | 抓取元数据入库]] 🔎 [324/608] 抓取详情: OFJE-445 (https://javdb.com/v/nepEzY)
[2026-08-11 23:05:37] [INFO] [javdb_scraper.py:196] - 🔍 [DB] 番号 [OFJE-445] 详情已存库 (网页暂无可用磁力，已开启 30 天新片追查模式)
[2026-08-11 23:05:37] [INFO] [server.py:588] - [全量订阅演员一条龙 [全量翻页 | 抓取元数据入库]] 🔍 [DB] 番号 [OFJE-445] 详情已存库 (网页暂无可用磁力，已开启 30 天新片追查模式)
[2026-08-11 23:05:37] [INFO] [javdb_scraper.py:196] - 🔎 [325/608] 抓取详情: OFJE-446 (https://javdb.com/v/76p5RR)
[2026-08-11 23:05:37] [INFO] [server.py:588] - [全量订阅演员一条龙 [全量翻页 | 抓取元数据入库]] 🔎 [325/608] 抓取详情: OFJE-446 (https://javdb.com/v/76p5RR)
[2026-08-11 23:05:40] [INFO] [javdb_scraper.py:196] - 🔍 [DB] 番号 [OFJE-446] 详情已存库 (网页暂无可用磁力，已开启 30 天新片追查模式)
[2026-08-11 23:05:40] [INFO] [server.py:588] - [全量订阅演员一条龙 [全量翻页 | 抓取元数据入库]] 🔍 [DB] 番号 [OFJE-446] 详情已存库 (网页暂无可用磁力，已开启 30 天新片追查模式)
[2026-08-11 23:05:40] [INFO] [javdb_scraper.py:196] - 🔎 [326/608] 抓取详情: OFJE-447 (https://javdb.com/v/PQKapN)
[2026-08-11 23:05:40] [INFO] [server.py:588] - [全量订阅演员一条龙 [全量翻页 | 抓取元数据入库]] 🔎 [326/608] 抓取详情: OFJE-447 (https://javdb.com/v/PQKapN)
[2026-08-11 23:05:42] [INFO] [javdb_scraper.py:196] - 🔍 [DB] 番号 [OFJE-447] 详情已存库 (网页暂无可用磁力，已开启 30 天新片追查模式)
[2026-08-11 23:05:42] [INFO] [server.py:588] - [全量订阅演员一条龙 [全量翻页 | 抓取元数据入库]] 🔍 [DB] 番号 [OFJE-447] 详情已存库 (网页暂无可用磁力，已开启 30 天新片追查模式)
[2026-08-11 23:05:42] [INFO] [javdb_scraper.py:196] - 🔎 [327/608] 抓取详情: OFJE-448 (https://javdb.com/v/J00vg8)
[2026-08-11 23:05:42] [INFO] [server.py:588] - [全量订阅演员一条龙 [全量翻页 | 抓取元数据入库]] 🔎 [327/608] 抓取详情: OFJE-448 (https://javdb.com/v/J00vg8)
[2026-08-11 23:05:44] [INFO] [javdb_scraper.py:196] - 🔍 [DB] 番号 [OFJE-448] 详情已存库 (网页暂无可用磁力，已开启 30 天新片追查模式)
[2026-08-11 23:05:44] [INFO] [server.py:588] - [全量订阅演员一条龙 [全量翻页 | 抓取元数据入库]] 🔍 [DB] 番号 [OFJE-448] 详情已存库 (网页暂无可用磁力，已开启 30 天新片追查模式)
[2026-08-11 23:05:44] [INFO] [javdb_scraper.py:196] - 🔎 [328/608] 抓取详情: OFJE-450 (https://javdb.com/v/Kkknz7)
[2026-08-11 23:05:44] [INFO] [server.py:588] - [全量订阅演员一条龙 [全量翻页 | 抓取元数据入库]] 🔎 [328/608] 抓取详情: OFJE-450 (https://javdb.com/v/Kkknz7)
[2026-08-11 23:05:47] [INFO] [javdb_scraper.py:196] - 🔍 [DB] 番号 [OFJE-450] 详情已存库 (网页暂无可用磁力，已开启 30 天新片追查模式)
[2026-08-11 23:05:47] [INFO] [server.py:588] - [全量订阅演员一条龙 [全量翻页 | 抓取元数据入库]] 🔍 [DB] 番号 [OFJE-450] 详情已存库 (网页暂无可用磁力，已开启 30 天新片追查模式)
[2026-08-11 23:05:47] [INFO] [javdb_scraper.py:196] - 🔎 [329/608] 抓取详情: OFJE-454 (https://javdb.com/v/5nnG57)
[2026-08-11 23:05:47] [INFO] [server.py:588] - [全量订阅演员一条龙 [全量翻页 | 抓取元数据入库]] 🔎 [329/608] 抓取详情: OFJE-454 (https://javdb.com/v/5nnG57)
[2026-08-11 23:05:49] [INFO] [javdb_scraper.py:196] - 🔍 [DB] 番号 [OFJE-454] 详情已存库 (网页暂无可用磁力，已开启 30 天新片追查模式)
[2026-08-11 23:05:49] [INFO] [server.py:588] - [全量订阅演员一条龙 [全量翻页 | 抓取元数据入库]] 🔍 [DB] 番号 [OFJE-454] 详情已存库 (网页暂无可用磁力，已开启 30 天新片追查模式)
[2026-08-11 23:05:49] [INFO] [javdb_scraper.py:196] - 🔎 [330/608] 抓取详情: OFJE-455 (https://javdb.com/v/r33vNR)
[2026-08-11 23:05:49] [INFO] [server.py:588] - [全量订阅演员一条龙 [全量翻页 | 抓取元数据入库]] 🔎 [330/608] 抓取详情: OFJE-455 (https://javdb.com/v/r33vNR)
[2026-08-11 23:05:51] [INFO] [javdb_scraper.py:196] - 🔍 [DB] 番号 [OFJE-455] 详情已存库 (网页暂无可用磁力，已开启 30 天新片追查模式)
[2026-08-11 23:05:51] [INFO] [server.py:588] - [全量订阅演员一条龙 [全量翻页 | 抓取元数据入库]] 🔍 [DB] 番号 [OFJE-455] 详情已存库 (网页暂无可用磁力，已开启 30 天新片追查模式)
[2026-08-11 23:05:51] [INFO] [javdb_scraper.py:196] - 🔎 [331/608] 抓取详情: OFJE-458 (https://javdb.com/v/XeexJ5)
[2026-08-11 23:05:51] [INFO] [server.py:588] - [全量订阅演员一条龙 [全量翻页 | 抓取元数据入库]] 🔎 [331/608] 抓取详情: OFJE-458 (https://javdb.com/v/XeexJ5)
[2026-08-11 23:05:55] [INFO] [javdb_scraper.py:196] - 🔍 [DB] 番号 [OFJE-458] 详情已存库 (网页暂无可用磁力，已开启 30 天新片追查模式)
[2026-08-11 23:05:55] [INFO] [server.py:588] - [全量订阅演员一条龙 [全量翻页 | 抓取元数据入库]] 🔍 [DB] 番号 [OFJE-458] 详情已存库 (网页暂无可用磁力，已开启 30 天新片追查模式)
[2026-08-11 23:05:55] [INFO] [javdb_scraper.py:196] - 🔎 [332/608] 抓取详情: OFJE-459 (https://javdb.com/v/bKKbJv)
[2026-08-11 23:05:55] [INFO] [server.py:588] - [全量订阅演员一条龙 [全量翻页 | 抓取元数据入库]] 🔎 [332/608] 抓取详情: OFJE-459 (https://javdb.com/v/bKKbJv)
[2026-08-11 23:05:58] [INFO] [javdb_scraper.py:196] - 🔍 [DB] 番号 [OFJE-459] 详情已存库 (网页暂无可用磁力，已开启 30 天新片追查模式)
[2026-08-11 23:05:58] [INFO] [server.py:588] - [全量订阅演员一条龙 [全量翻页 | 抓取元数据入库]] 🔍 [DB] 番号 [OFJE-459] 详情已存库 (网页暂无可用磁力，已开启 30 天新片追查模式)
[2026-08-11 23:05:58] [INFO] [javdb_scraper.py:196] - 🔎 [333/608] 抓取详情: OFJE-462 (https://javdb.com/v/xAAXGn)
[2026-08-11 23:05:58] [INFO] [server.py:588] - [全量订阅演员一条龙 [全量翻页 | 抓取元数据入库]] 🔎 [333/608] 抓取详情: OFJE-462 (https://javdb.com/v/xAAXGn)
[2026-08-11 23:06:00] [INFO] [javdb_scraper.py:196] - 🔍 [DB] 番号 [OFJE-462] 详情已存库 (网页暂无可用磁力，已开启 30 天新片追查模式)
[2026-08-11 23:06:00] [INFO] [server.py:588] - [全量订阅演员一条龙 [全量翻页 | 抓取元数据入库]] 🔍 [DB] 番号 [OFJE-462] 详情已存库 (网页暂无可用磁力，已开启 30 天新片追查模式)
[2026-08-11 23:06:00] [INFO] [javdb_scraper.py:196] - 🔎 [334/608] 抓取详情: OFJE-464 (https://javdb.com/v/6dd0VZ)
[2026-08-11 23:06:00] [INFO] [server.py:588] - [全量订阅演员一条龙 [全量翻页 | 抓取元数据入库]] 🔎 [334/608] 抓取详情: OFJE-464 (https://javdb.com/v/6dd0VZ)
[2026-08-11 23:06:03] [INFO] [javdb_scraper.py:196] - 🔍 [DB] 番号 [OFJE-464] 详情已存库 (网页暂无可用磁力，已开启 30 天新片追查模式)
[2026-08-11 23:06:03] [INFO] [server.py:588] - [全量订阅演员一条龙 [全量翻页 | 抓取元数据入库]] 🔍 [DB] 番号 [OFJE-464] 详情已存库 (网页暂无可用磁力，已开启 30 天新片追查模式)
[2026-08-11 23:06:03] [INFO] [javdb_scraper.py:196] - 🔎 [335/608] 抓取详情: OFJE-465 (https://javdb.com/v/QNNwgG)
[2026-08-11 23:06:03] [INFO] [server.py:588] - [全量订阅演员一条龙 [全量翻页 | 抓取元数据入库]] 🔎 [335/608] 抓取详情: OFJE-465 (https://javdb.com/v/QNNwgG)
[2026-08-11 23:06:05] [INFO] [javdb_scraper.py:196] - 🔍 [DB] 番号 [OFJE-465] 详情已存库 (网页暂无可用磁力，已开启 30 天新片追查模式)
[2026-08-11 23:06:05] [INFO] [server.py:588] - [全量订阅演员一条龙 [全量翻页 | 抓取元数据入库]] 🔍 [DB] 番号 [OFJE-465] 详情已存库 (网页暂无可用磁力，已开启 30 天新片追查模式)
[2026-08-11 23:06:05] [INFO] [javdb_scraper.py:196] - 🔎 [336/608] 抓取详情: OFJE-470 (https://javdb.com/v/Mbba21)
[2026-08-11 23:06:05] [INFO] [server.py:588] - [全量订阅演员一条龙 [全量翻页 | 抓取元数据入库]] 🔎 [336/608] 抓取详情: OFJE-470 (https://javdb.com/v/Mbba21)
[2026-08-11 23:06:08] [INFO] [javdb_scraper.py:196] - 🔍 [DB] 番号 [OFJE-470] 详情已存库 (网页暂无可用磁力，已开启 30 天新片追查模式)
[2026-08-11 23:06:08] [INFO] [server.py:588] - [全量订阅演员一条龙 [全量翻页 | 抓取元数据入库]] 🔍 [DB] 番号 [OFJE-470] 详情已存库 (网页暂无可用磁力，已开启 30 天新片追查模式)
[2026-08-11 23:06:08] [INFO] [javdb_scraper.py:196] - 🔎 [337/608] 抓取详情: OFJE-472 (https://javdb.com/v/mOOZDr)
[2026-08-11 23:06:08] [INFO] [server.py:588] - [全量订阅演员一条龙 [全量翻页 | 抓取元数据入库]] 🔎 [337/608] 抓取详情: OFJE-472 (https://javdb.com/v/mOOZDr)
[2026-08-11 23:06:11] [INFO] [javdb_scraper.py:196] - 🔍 [DB] 番号 [OFJE-472] 详情已存库 (网页暂无可用磁力，已开启 30 天新片追查模式)
[2026-08-11 23:06:11] [INFO] [server.py:588] - [全量订阅演员一条龙 [全量翻页 | 抓取元数据入库]] 🔍 [DB] 番号 [OFJE-472] 详情已存库 (网页暂无可用磁力，已开启 30 天新片追查模式)
[2026-08-11 23:06:11] [INFO] [javdb_scraper.py:196] - 🔎 [338/608] 抓取详情: OFJE-475 (https://javdb.com/v/966R58)
[2026-08-11 23:06:11] [INFO] [server.py:588] - [全量订阅演员一条龙 [全量翻页 | 抓取元数据入库]] 🔎 [338/608] 抓取详情: OFJE-475 (https://javdb.com/v/966R58)
[2026-08-11 23:06:14] [INFO] [javdb_scraper.py:196] - 🔍 [DB] 番号 [OFJE-475] 详情已存库 (网页暂无可用磁力，已开启 30 天新片追查模式)
[2026-08-11 23:06:14] [INFO] [server.py:588] - [全量订阅演员一条龙 [全量翻页 | 抓取元数据入库]] 🔍 [DB] 番号 [OFJE-475] 详情已存库 (网页暂无可用磁力，已开启 30 天新片追查模式)
[2026-08-11 23:06:14] [INFO] [javdb_scraper.py:196] - 🔎 [339/608] 抓取详情: OFJE-476 (https://javdb.com/v/822mrO)
[2026-08-11 23:06:14] [INFO] [server.py:588] - [全量订阅演员一条龙 [全量翻页 | 抓取元数据入库]] 🔎 [339/608] 抓取详情: OFJE-476 (https://javdb.com/v/822mrO)
[2026-08-11 23:06:16] [INFO] [javdb_scraper.py:196] - 🔍 [DB] 番号 [OFJE-476] 详情已存库 (网页暂无可用磁力，已开启 30 天新片追查模式)
[2026-08-11 23:06:16] [INFO] [server.py:588] - [全量订阅演员一条龙 [全量翻页 | 抓取元数据入库]] 🔍 [DB] 番号 [OFJE-476] 详情已存库 (网页暂无可用磁力，已开启 30 天新片追查模式)
[2026-08-11 23:06:16] [INFO] [javdb_scraper.py:196] - 🔎 [340/608] 抓取详情: OFJE-478 (https://javdb.com/v/bKy4xv)
[2026-08-11 23:06:16] [INFO] [server.py:588] - [全量订阅演员一条龙 [全量翻页 | 抓取元数据入库]] 🔎 [340/608] 抓取详情: OFJE-478 (https://javdb.com/v/bKy4xv)
[2026-08-11 23:06:19] [INFO] [javdb_scraper.py:196] - 🔍 [DB] 番号 [OFJE-478] 详情已存库 (网页暂无可用磁力，已开启 30 天新片追查模式)
[2026-08-11 23:06:19] [INFO] [server.py:588] - [全量订阅演员一条龙 [全量翻页 | 抓取元数据入库]] 🔍 [DB] 番号 [OFJE-478] 详情已存库 (网页暂无可用磁力，已开启 30 天新片追查模式)
[2026-08-11 23:06:19] [INFO] [javdb_scraper.py:196] - 🔎 [341/608] 抓取详情: OFJE-479 (https://javdb.com/v/5nJ9DD)
[2026-08-11 23:06:19] [INFO] [server.py:588] - [全量订阅演员一条龙 [全量翻页 | 抓取元数据入库]] 🔎 [341/608] 抓取详情: OFJE-479 (https://javdb.com/v/5nJ9DD)
[2026-08-11 23:06:22] [INFO] [javdb_scraper.py:196] - 🔍 [DB] 番号 [OFJE-479] 详情已存库 (网页暂无可用磁力，已开启 30 天新片追查模式)
[2026-08-11 23:06:22] [INFO] [server.py:588] - [全量订阅演员一条龙 [全量翻页 | 抓取元数据入库]] 🔍 [DB] 番号 [OFJE-479] 详情已存库 (网页暂无可用磁力，已开启 30 天新片追查模式)
[2026-08-11 23:06:22] [INFO] [javdb_scraper.py:196] - 🔎 [342/608] 抓取详情: OFJE-480 (https://javdb.com/v/Kkm4XO)
[2026-08-11 23:06:22] [INFO] [server.py:588] - [全量订阅演员一条龙 [全量翻页 | 抓取元数据入库]] 🔎 [342/608] 抓取详情: OFJE-480 (https://javdb.com/v/Kkm4XO)
[2026-08-11 23:06:25] [INFO] [javdb_scraper.py:196] - 🔍 [DB] 番号 [OFJE-480] 详情已存库 (网页暂无可用磁力，已开启 30 天新片追查模式)
[2026-08-11 23:06:25] [INFO] [server.py:588] - [全量订阅演员一条龙 [全量翻页 | 抓取元数据入库]] 🔍 [DB] 番号 [OFJE-480] 详情已存库 (网页暂无可用磁力，已开启 30 天新片追查模式)
[2026-08-11 23:06:25] [INFO] [javdb_scraper.py:196] - 🔎 [343/608] 抓取详情: OFJE-484 (https://javdb.com/v/deERee)
[2026-08-11 23:06:25] [INFO] [server.py:588] - [全量订阅演员一条龙 [全量翻页 | 抓取元数据入库]] 🔎 [343/608] 抓取详情: OFJE-484 (https://javdb.com/v/deERee)
[2026-08-11 23:06:27] [INFO] [javdb_scraper.py:196] - 🔍 [DB] 番号 [OFJE-484] 详情已存库 (网页暂无可用磁力，已开启 30 天新片追查模式)
[2026-08-11 23:06:27] [INFO] [server.py:588] - [全量订阅演员一条龙 [全量翻页 | 抓取元数据入库]] 🔍 [DB] 番号 [OFJE-484] 详情已存库 (网页暂无可用磁力，已开启 30 天新片追查模式)
[2026-08-11 23:06:27] [INFO] [javdb_scraper.py:196] - 🔎 [344/608] 抓取详情: OFJE-485 (https://javdb.com/v/NQRZQw)
[2026-08-11 23:06:27] [INFO] [server.py:588] - [全量订阅演员一条龙 [全量翻页 | 抓取元数据入库]] 🔎 [344/608] 抓取详情: OFJE-485 (https://javdb.com/v/NQRZQw)
[2026-08-11 23:06:30] [INFO] [javdb_scraper.py:196] - 🔍 [DB] 番号 [OFJE-485] 详情已存库 (网页暂无可用磁力，已开启 30 天新片追查模式)
[2026-08-11 23:06:30] [INFO] [server.py:588] - [全量订阅演员一条龙 [全量翻页 | 抓取元数据入库]] 🔍 [DB] 番号 [OFJE-485] 详情已存库 (网页暂无可用磁力，已开启 30 天新片追查模式)
[2026-08-11 23:06:30] [INFO] [javdb_scraper.py:196] - 🔎 [345/608] 抓取详情: OFJE-487 (https://javdb.com/v/mOQ21y)
[2026-08-11 23:06:30] [INFO] [server.py:588] - [全量订阅演员一条龙 [全量翻页 | 抓取元数据入库]] 🔎 [345/608] 抓取详情: OFJE-487 (https://javdb.com/v/mOQ21y)
[2026-08-11 23:06:33] [INFO] [javdb_scraper.py:196] - 🔍 [DB] 番号 [OFJE-487] 详情已存库 (网页暂无可用磁力，已开启 30 天新片追查模式)
[2026-08-11 23:06:33] [INFO] [server.py:588] - [全量订阅演员一条龙 [全量翻页 | 抓取元数据入库]] 🔍 [DB] 番号 [OFJE-487] 详情已存库 (网页暂无可用磁力，已开启 30 天新片追查模式)
[2026-08-11 23:06:33] [INFO] [javdb_scraper.py:196] - 🔎 [346/608] 抓取详情: OFJE-489 (https://javdb.com/v/qAQXnN)
[2026-08-11 23:06:33] [INFO] [server.py:588] - [全量订阅演员一条龙 [全量翻页 | 抓取元数据入库]] 🔎 [346/608] 抓取详情: OFJE-489 (https://javdb.com/v/qAQXnN)
[2026-08-11 23:06:36] [INFO] [javdb_scraper.py:196] - 🔍 [DB] 番号 [OFJE-489] 详情已存库 (网页暂无可用磁力，已开启 30 天新片追查模式)
[2026-08-11 23:06:36] [INFO] [server.py:588] - [全量订阅演员一条龙 [全量翻页 | 抓取元数据入库]] 🔍 [DB] 番号 [OFJE-489] 详情已存库 (网页暂无可用磁力，已开启 30 天新片追查模式)
[2026-08-11 23:06:36] [INFO] [javdb_scraper.py:196] - 🔎 [347/608] 抓取详情: OFJE-494 (https://javdb.com/v/AqbP9q)
[2026-08-11 23:06:36] [INFO] [server.py:588] - [全量订阅演员一条龙 [全量翻页 | 抓取元数据入库]] 🔎 [347/608] 抓取详情: OFJE-494 (https://javdb.com/v/AqbP9q)
[2026-08-11 23:06:39] [INFO] [javdb_scraper.py:196] - 🔍 [DB] 番号 [OFJE-494] 详情已存库 (网页暂无可用磁力，已开启 30 天新片追查模式)
[2026-08-11 23:06:39] [INFO] [server.py:588] - [全量订阅演员一条龙 [全量翻页 | 抓取元数据入库]] 🔍 [DB] 番号 [OFJE-494] 详情已存库 (网页暂无可用磁力，已开启 30 天新片追查模式)
[2026-08-11 23:06:39] [INFO] [javdb_scraper.py:196] - 🔎 [348/608] 抓取详情: OFJE-496 (https://javdb.com/v/7y8AGJ)
[2026-08-11 23:06:39] [INFO] [server.py:588] - [全量订阅演员一条龙 [全量翻页 | 抓取元数据入库]] 🔎 [348/608] 抓取详情: OFJE-496 (https://javdb.com/v/7y8AGJ)
[2026-08-11 23:06:42] [INFO] [javdb_scraper.py:196] - 🔍 [DB] 番号 [OFJE-496] 详情已存库 (网页暂无可用磁力，已开启 30 天新片追查模式)
[2026-08-11 23:06:42] [INFO] [server.py:588] - [全量订阅演员一条龙 [全量翻页 | 抓取元数据入库]] 🔍 [DB] 番号 [OFJE-496] 详情已存库 (网页暂无可用磁力，已开启 30 天新片追查模式)
[2026-08-11 23:06:42] [INFO] [javdb_scraper.py:196] - 🔎 [349/608] 抓取详情: OFJE-497 (https://javdb.com/v/P94vPX)
[2026-08-11 23:06:42] [INFO] [server.py:588] - [全量订阅演员一条龙 [全量翻页 | 抓取元数据入库]] 🔎 [349/608] 抓取详情: OFJE-497 (https://javdb.com/v/P94vPX)
[2026-08-11 23:06:45] [INFO] [javdb_scraper.py:196] - 🔍 [DB] 番号 [OFJE-497] 详情已存库 (网页暂无可用磁力，已开启 30 天新片追查模式)
[2026-08-11 23:06:45] [INFO] [server.py:588] - [全量订阅演员一条龙 [全量翻页 | 抓取元数据入库]] 🔍 [DB] 番号 [OFJE-497] 详情已存库 (网页暂无可用磁力，已开启 30 天新片追查模式)
[2026-08-11 23:06:45] [INFO] [javdb_scraper.py:196] - 🔎 [350/608] 抓取详情: OFJE-500 (https://javdb.com/v/7yKqwZ)
[2026-08-11 23:06:45] [INFO] [server.py:588] - [全量订阅演员一条龙 [全量翻页 | 抓取元数据入库]] 🔎 [350/608] 抓取详情: OFJE-500 (https://javdb.com/v/7yKqwZ)
[2026-08-11 23:06:48] [INFO] [javdb_scraper.py:196] - 🔍 [DB] 番号 [OFJE-500] 详情已存库 (网页暂无可用磁力，已开启 30 天新片追查模式)
[2026-08-11 23:06:48] [INFO] [server.py:588] - [全量订阅演员一条龙 [全量翻页 | 抓取元数据入库]] 🔍 [DB] 番号 [OFJE-500] 详情已存库 (网页暂无可用磁力，已开启 30 天新片追查模式)
[2026-08-11 23:06:48] [INFO] [javdb_scraper.py:196] - 🔎 [351/608] 抓取详情: OFJE-503 (https://javdb.com/v/nKM5JY)
[2026-08-11 23:06:48] [INFO] [server.py:588] - [全量订阅演员一条龙 [全量翻页 | 抓取元数据入库]] 🔎 [351/608] 抓取详情: OFJE-503 (https://javdb.com/v/nKM5JY)
[2026-08-11 23:06:51] [INFO] [javdb_scraper.py:196] - 🔍 [DB] 番号 [OFJE-503] 详情已存库 (网页暂无可用磁力，已开启 30 天新片追查模式)
[2026-08-11 23:06:51] [INFO] [server.py:588] - [全量订阅演员一条龙 [全量翻页 | 抓取元数据入库]] 🔍 [DB] 番号 [OFJE-503] 详情已存库 (网页暂无可用磁力，已开启 30 天新片追查模式)
[2026-08-11 23:06:51] [INFO] [javdb_scraper.py:196] - 🔎 [352/608] 抓取详情: OFJE-507 (https://javdb.com/v/pkx9rZ)
[2026-08-11 23:06:51] [INFO] [server.py:588] - [全量订阅演员一条龙 [全量翻页 | 抓取元数据入库]] 🔎 [352/608] 抓取详情: OFJE-507 (https://javdb.com/v/pkx9rZ)
[2026-08-11 23:06:54] [INFO] [javdb_scraper.py:196] - 🔍 [DB] 番号 [OFJE-507] 详情已存库 (网页暂无可用磁力，已开启 30 天新片追查模式)
[2026-08-11 23:06:54] [INFO] [server.py:588] - [全量订阅演员一条龙 [全量翻页 | 抓取元数据入库]] 🔍 [DB] 番号 [OFJE-507] 详情已存库 (网页暂无可用磁力，已开启 30 天新片追查模式)
[2026-08-11 23:06:54] [INFO] [javdb_scraper.py:196] - 🔎 [353/608] 抓取详情: OFJE-510 (https://javdb.com/v/V48J53)
[2026-08-11 23:06:54] [INFO] [server.py:588] - [全量订阅演员一条龙 [全量翻页 | 抓取元数据入库]] 🔎 [353/608] 抓取详情: OFJE-510 (https://javdb.com/v/V48J53)
[2026-08-11 23:06:57] [INFO] [javdb_scraper.py:196] - 🔍 [DB] 番号 [OFJE-510] 详情已存库 (网页暂无可用磁力，已开启 30 天新片追查模式)
[2026-08-11 23:06:57] [INFO] [server.py:588] - [全量订阅演员一条龙 [全量翻页 | 抓取元数据入库]] 🔍 [DB] 番号 [OFJE-510] 详情已存库 (网页暂无可用磁力，已开启 30 天新片追查模式)
[2026-08-11 23:06:57] [INFO] [javdb_scraper.py:196] - 🔎 [354/608] 抓取详情: OFJE-512 (https://javdb.com/v/YwqX4e)
[2026-08-11 23:06:57] [INFO] [server.py:588] - [全量订阅演员一条龙 [全量翻页 | 抓取元数据入库]] 🔎 [354/608] 抓取详情: OFJE-512 (https://javdb.com/v/YwqX4e)
[2026-08-11 23:07:00] [INFO] [javdb_scraper.py:196] - 🔍 [DB] 番号 [OFJE-512] 详情已存库 (网页暂无可用磁力，已开启 30 天新片追查模式)
[2026-08-11 23:07:00] [INFO] [server.py:588] - [全量订阅演员一条龙 [全量翻页 | 抓取元数据入库]] 🔍 [DB] 番号 [OFJE-512] 详情已存库 (网页暂无可用磁力，已开启 30 天新片追查模式)
[2026-08-11 23:07:00] [INFO] [javdb_scraper.py:196] - 🔎 [355/608] 抓取详情: OFJE-516 (https://javdb.com/v/82Ezex)
[2026-08-11 23:07:00] [INFO] [server.py:588] - [全量订阅演员一条龙 [全量翻页 | 抓取元数据入库]] 🔎 [355/608] 抓取详情: OFJE-516 (https://javdb.com/v/82Ezex)
[2026-08-11 23:07:03] [INFO] [javdb_scraper.py:196] - 🔍 [DB] 番号 [OFJE-516] 详情已存库 (网页暂无可用磁力，已开启 30 天新片追查模式)
[2026-08-11 23:07:03] [INFO] [server.py:588] - [全量订阅演员一条龙 [全量翻页 | 抓取元数据入库]] 🔍 [DB] 番号 [OFJE-516] 详情已存库 (网页暂无可用磁力，已开启 30 天新片追查模式)
[2026-08-11 23:07:03] [INFO] [javdb_scraper.py:196] - 🔎 [356/608] 抓取详情: OFJE-523 (https://javdb.com/v/ZNdO7q)
[2026-08-11 23:07:03] [INFO] [server.py:588] - [全量订阅演员一条龙 [全量翻页 | 抓取元数据入库]] 🔎 [356/608] 抓取详情: OFJE-523 (https://javdb.com/v/ZNdO7q)
[2026-08-11 23:07:05] [INFO] [javdb_scraper.py:196] - 🔍 [DB] 番号 [OFJE-523] 详情已存库 (网页暂无可用磁力，已开启 30 天新片追查模式)
[2026-08-11 23:07:05] [INFO] [server.py:588] - [全量订阅演员一条龙 [全量翻页 | 抓取元数据入库]] 🔍 [DB] 番号 [OFJE-523] 详情已存库 (网页暂无可用磁力，已开启 30 天新片追查模式)
[2026-08-11 23:07:05] [INFO] [javdb_scraper.py:196] - 🔎 [357/608] 抓取详情: OFJE-526 (https://javdb.com/v/3nr44w)
[2026-08-11 23:07:05] [INFO] [server.py:588] - [全量订阅演员一条龙 [全量翻页 | 抓取元数据入库]] 🔎 [357/608] 抓取详情: OFJE-526 (https://javdb.com/v/3nr44w)
[2026-08-11 23:07:08] [INFO] [javdb_scraper.py:196] - 🔍 [DB] 番号 [OFJE-526] 详情已存库 (网页暂无可用磁力，已开启 30 天新片追查模式)
[2026-08-11 23:07:08] [INFO] [server.py:588] - [全量订阅演员一条龙 [全量翻页 | 抓取元数据入库]] 🔍 [DB] 番号 [OFJE-526] 详情已存库 (网页暂无可用磁力，已开启 30 天新片追查模式)
[2026-08-11 23:07:08] [INFO] [javdb_scraper.py:196] - 🔎 [358/608] 抓取详情: OFJE-528 (https://javdb.com/v/MbqDrv)
[2026-08-11 23:07:08] [INFO] [server.py:588] - [全量订阅演员一条龙 [全量翻页 | 抓取元数据入库]] 🔎 [358/608] 抓取详情: OFJE-528 (https://javdb.com/v/MbqDrv)
[2026-08-11 23:07:11] [INFO] [javdb_scraper.py:196] - 🔍 [DB] 番号 [OFJE-528] 详情已存库 (网页暂无可用磁力，已开启 30 天新片追查模式)
[2026-08-11 23:07:11] [INFO] [server.py:588] - [全量订阅演员一条龙 [全量翻页 | 抓取元数据入库]] 🔍 [DB] 番号 [OFJE-528] 详情已存库 (网页暂无可用磁力，已开启 30 天新片追查模式)
[2026-08-11 23:07:11] [INFO] [javdb_scraper.py:196] - 🔎 [359/608] 抓取详情: OFJE-530 (https://javdb.com/v/6dqVyn)
[2026-08-11 23:07:11] [INFO] [server.py:588] - [全量订阅演员一条龙 [全量翻页 | 抓取元数据入库]] 🔎 [359/608] 抓取详情: OFJE-530 (https://javdb.com/v/6dqVyn)
[2026-08-11 23:07:15] [INFO] [javdb_scraper.py:196] - 🔍 [DB] 番号 [OFJE-530] 详情已存库 (网页暂无可用磁力，已开启 30 天新片追查模式)
[2026-08-11 23:07:15] [INFO] [server.py:588] - [全量订阅演员一条龙 [全量翻页 | 抓取元数据入库]] 🔍 [DB] 番号 [OFJE-530] 详情已存库 (网页暂无可用磁力，已开启 30 天新片追查模式)
[2026-08-11 23:07:15] [INFO] [javdb_scraper.py:196] - 🔎 [360/608] 抓取详情: OFJE-532 (https://javdb.com/v/Rk2n8D)
[2026-08-11 23:07:15] [INFO] [server.py:588] - [全量订阅演员一条龙 [全量翻页 | 抓取元数据入库]] 🔎 [360/608] 抓取详情: OFJE-532 (https://javdb.com/v/Rk2n8D)
[2026-08-11 23:07:17] [INFO] [javdb_scraper.py:196] - 🔍 [DB] 番号 [OFJE-532] 详情已存库 (网页暂无可用磁力，已开启 30 天新片追查模式)
[2026-08-11 23:07:17] [INFO] [server.py:588] - [全量订阅演员一条龙 [全量翻页 | 抓取元数据入库]] 🔍 [DB] 番号 [OFJE-532] 详情已存库 (网页暂无可用磁力，已开启 30 天新片追查模式)
[2026-08-11 23:07:17] [INFO] [javdb_scraper.py:196] - 🔎 [361/608] 抓取详情: OFJE-533 (https://javdb.com/v/dezgNa)
[2026-08-11 23:07:17] [INFO] [server.py:588] - [全量订阅演员一条龙 [全量翻页 | 抓取元数据入库]] 🔎 [361/608] 抓取详情: OFJE-533 (https://javdb.com/v/dezgNa)
[2026-08-11 23:07:19] [INFO] [javdb_scraper.py:196] - 🔍 [DB] 番号 [OFJE-533] 详情已存库 (网页暂无可用磁力，已开启 30 天新片追查模式)
[2026-08-11 23:07:19] [INFO] [server.py:588] - [全量订阅演员一条龙 [全量翻页 | 抓取元数据入库]] 🔍 [DB] 番号 [OFJE-533] 详情已存库 (网页暂无可用磁力，已开启 30 天新片追查模式)
[2026-08-11 23:07:19] [INFO] [javdb_scraper.py:196] - 🔎 [362/608] 抓取详情: OFJE-535 (https://javdb.com/v/GZW45D)
[2026-08-11 23:07:19] [INFO] [server.py:588] - [全量订阅演员一条龙 [全量翻页 | 抓取元数据入库]] 🔎 [362/608] 抓取详情: OFJE-535 (https://javdb.com/v/GZW45D)
[2026-08-11 23:07:22] [INFO] [javdb_scraper.py:196] - 🔍 [DB] 番号 [OFJE-535] 详情已存库 (网页暂无可用磁力，已开启 30 天新片追查模式)
[2026-08-11 23:07:22] [INFO] [server.py:588] - [全量订阅演员一条龙 [全量翻页 | 抓取元数据入库]] 🔍 [DB] 番号 [OFJE-535] 详情已存库 (网页暂无可用磁力，已开启 30 天新片追查模式)
[2026-08-11 23:07:22] [INFO] [javdb_scraper.py:196] - 🔎 [363/608] 抓取详情: OFJE-536 (https://javdb.com/v/mOy3qM)
[2026-08-11 23:07:22] [INFO] [server.py:588] - [全量订阅演员一条龙 [全量翻页 | 抓取元数据入库]] 🔎 [363/608] 抓取详情: OFJE-536 (https://javdb.com/v/mOy3qM)
[2026-08-11 23:07:25] [INFO] [javdb_scraper.py:196] - 🔍 [DB] 番号 [OFJE-536] 详情已存库 (网页暂无可用磁力，已开启 30 天新片追查模式)
[2026-08-11 23:07:25] [INFO] [server.py:588] - [全量订阅演员一条龙 [全量翻页 | 抓取元数据入库]] 🔍 [DB] 番号 [OFJE-536] 详情已存库 (网页暂无可用磁力，已开启 30 天新片追查模式)
[2026-08-11 23:07:25] [INFO] [javdb_scraper.py:196] - 🔎 [364/608] 抓取详情: OFJE-540 (https://javdb.com/v/r3D57z)
[2026-08-11 23:07:25] [INFO] [server.py:588] - [全量订阅演员一条龙 [全量翻页 | 抓取元数据入库]] 🔎 [364/608] 抓取详情: OFJE-540 (https://javdb.com/v/r3D57z)
[2026-08-11 23:07:27] [INFO] [javdb_scraper.py:196] - 🔍 [DB] 番号 [OFJE-540] 详情已存库 (网页暂无可用磁力，已开启 30 天新片追查模式)
[2026-08-11 23:07:27] [INFO] [server.py:588] - [全量订阅演员一条龙 [全量翻页 | 抓取元数据入库]] 🔍 [DB] 番号 [OFJE-540] 详情已存库 (网页暂无可用磁力，已开启 30 天新片追查模式)
[2026-08-11 23:07:27] [INFO] [javdb_scraper.py:196] - 🔎 [365/608] 抓取详情: OFJE-542 (https://javdb.com/v/BzAGer)
[2026-08-11 23:07:27] [INFO] [server.py:588] - [全量订阅演员一条龙 [全量翻页 | 抓取元数据入库]] 🔎 [365/608] 抓取详情: OFJE-542 (https://javdb.com/v/BzAGer)
[2026-08-11 23:07:31] [INFO] [javdb_scraper.py:196] - 🔍 [DB] 番号 [OFJE-542] 详情已存库 (网页暂无可用磁力，已开启 30 天新片追查模式)
[2026-08-11 23:07:31] [INFO] [server.py:588] - [全量订阅演员一条龙 [全量翻页 | 抓取元数据入库]] 🔍 [DB] 番号 [OFJE-542] 详情已存库 (网页暂无可用磁力，已开启 30 天新片追查模式)
[2026-08-11 23:07:31] [INFO] [javdb_scraper.py:196] - 🔎 [366/608] 抓取详情: OFJE-544 (https://javdb.com/v/NQqVeN)
[2026-08-11 23:07:31] [INFO] [server.py:588] - [全量订阅演员一条龙 [全量翻页 | 抓取元数据入库]] 🔎 [366/608] 抓取详情: OFJE-544 (https://javdb.com/v/NQqVeN)
[2026-08-11 23:07:34] [INFO] [javdb_scraper.py:196] - 🔍 [DB] 番号 [OFJE-544] 详情已存库 (网页暂无可用磁力，已开启 30 天新片追查模式)
[2026-08-11 23:07:34] [INFO] [server.py:588] - [全量订阅演员一条龙 [全量翻页 | 抓取元数据入库]] 🔍 [DB] 番号 [OFJE-544] 详情已存库 (网页暂无可用磁力，已开启 30 天新片追查模式)
[2026-08-11 23:07:34] [INFO] [javdb_scraper.py:196] - 🔎 [367/608] 抓取详情: OFJE-546 (https://javdb.com/v/QNJeD8)
[2026-08-11 23:07:34] [INFO] [server.py:588] - [全量订阅演员一条龙 [全量翻页 | 抓取元数据入库]] 🔎 [367/608] 抓取详情: OFJE-546 (https://javdb.com/v/QNJeD8)
[2026-08-11 23:07:37] [INFO] [javdb_scraper.py:196] - 🔍 [DB] 番号 [OFJE-546] 详情已存库 (网页暂无可用磁力，已开启 30 天新片追查模式)
[2026-08-11 23:07:37] [INFO] [server.py:588] - [全量订阅演员一条龙 [全量翻页 | 抓取元数据入库]] 🔍 [DB] 番号 [OFJE-546] 详情已存库 (网页暂无可用磁力，已开启 30 天新片追查模式)
[2026-08-11 23:07:37] [INFO] [javdb_scraper.py:196] - 🔎 [368/608] 抓取详情: OFJE-547 (https://javdb.com/v/XeYaDJ)
[2026-08-11 23:07:37] [INFO] [server.py:588] - [全量订阅演员一条龙 [全量翻页 | 抓取元数据入库]] 🔎 [368/608] 抓取详情: OFJE-547 (https://javdb.com/v/XeYaDJ)
[2026-08-11 23:07:40] [INFO] [javdb_scraper.py:196] - 🔍 [DB] 番号 [OFJE-547] 详情已存库 (网页暂无可用磁力，已开启 30 天新片追查模式)
[2026-08-11 23:07:40] [INFO] [server.py:588] - [全量订阅演员一条龙 [全量翻页 | 抓取元数据入库]] 🔍 [DB] 番号 [OFJE-547] 详情已存库 (网页暂无可用磁力，已开启 30 天新片追查模式)
[2026-08-11 23:07:40] [INFO] [javdb_scraper.py:196] - 🔎 [369/608] 抓取详情: OFJE-548 (https://javdb.com/v/3nEMR1)
[2026-08-11 23:07:40] [INFO] [server.py:588] - [全量订阅演员一条龙 [全量翻页 | 抓取元数据入库]] 🔎 [369/608] 抓取详情: OFJE-548 (https://javdb.com/v/3nEMR1)
[2026-08-11 23:07:43] [INFO] [javdb_scraper.py:196] - 🔍 [DB] 番号 [OFJE-548] 详情已存库 (网页暂无可用磁力，已开启 30 天新片追查模式)
[2026-08-11 23:07:43] [INFO] [server.py:588] - [全量订阅演员一条龙 [全量翻页 | 抓取元数据入库]] 🔍 [DB] 番号 [OFJE-548] 详情已存库 (网页暂无可用磁力，已开启 30 天新片追查模式)
[2026-08-11 23:07:43] [INFO] [javdb_scraper.py:196] - 🔎 [370/608] 抓取详情: OFJE-549 (https://javdb.com/v/2mGp4W)
[2026-08-11 23:07:43] [INFO] [server.py:588] - [全量订阅演员一条龙 [全量翻页 | 抓取元数据入库]] 🔎 [370/608] 抓取详情: OFJE-549 (https://javdb.com/v/2mGp4W)
[2026-08-11 23:07:45] [INFO] [javdb_scraper.py:196] - 🔍 [DB] 番号 [OFJE-549] 详情已存库 (网页暂无可用磁力，已开启 30 天新片追查模式)
[2026-08-11 23:07:45] [INFO] [server.py:588] - [全量订阅演员一条龙 [全量翻页 | 抓取元数据入库]] 🔍 [DB] 番号 [OFJE-549] 详情已存库 (网页暂无可用磁力，已开启 30 天新片追查模式)
[2026-08-11 23:07:45] [INFO] [javdb_scraper.py:196] - 🔎 [371/608] 抓取详情: OFJE-552 (https://javdb.com/v/656MPE)
[2026-08-11 23:07:45] [INFO] [server.py:588] - [全量订阅演员一条龙 [全量翻页 | 抓取元数据入库]] 🔎 [371/608] 抓取详情: OFJE-552 (https://javdb.com/v/656MPE)
[2026-08-11 23:07:49] [INFO] [javdb_scraper.py:196] - 🔍 [DB] 番号 [OFJE-552] 详情已存库 (网页暂无可用磁力，已开启 30 天新片追查模式)
[2026-08-11 23:07:49] [INFO] [server.py:588] - [全量订阅演员一条龙 [全量翻页 | 抓取元数据入库]] 🔍 [DB] 番号 [OFJE-552] 详情已存库 (网页暂无可用磁力，已开启 30 天新片追查模式)
[2026-08-11 23:07:49] [INFO] [javdb_scraper.py:196] - 🔎 [372/608] 抓取详情: OFJE-556 (https://javdb.com/v/3nRQKN)
[2026-08-11 23:07:49] [INFO] [server.py:588] - [全量订阅演员一条龙 [全量翻页 | 抓取元数据入库]] 🔎 [372/608] 抓取详情: OFJE-556 (https://javdb.com/v/3nRQKN)
[2026-08-11 23:07:52] [INFO] [javdb_scraper.py:196] - 🔍 [DB] 番号 [OFJE-556] 详情已存库 (网页暂无可用磁力，已开启 30 天新片追查模式)
[2026-08-11 23:07:52] [INFO] [server.py:588] - [全量订阅演员一条龙 [全量翻页 | 抓取元数据入库]] 🔍 [DB] 番号 [OFJE-556] 详情已存库 (网页暂无可用磁力，已开启 30 天新片追查模式)
[2026-08-11 23:07:52] [INFO] [javdb_scraper.py:196] - 🔎 [373/608] 抓取详情: OFJE-562 (https://javdb.com/v/pk34Rk)
[2026-08-11 23:07:52] [INFO] [server.py:588] - [全量订阅演员一条龙 [全量翻页 | 抓取元数据入库]] 🔎 [373/608] 抓取详情: OFJE-562 (https://javdb.com/v/pk34Rk)
[2026-08-11 23:07:55] [INFO] [javdb_scraper.py:196] - 🔍 [DB] 番号 [OFJE-562] 详情已存库 (网页暂无可用磁力，已开启 30 天新片追查模式)
[2026-08-11 23:07:55] [INFO] [server.py:588] - [全量订阅演员一条龙 [全量翻页 | 抓取元数据入库]] 🔍 [DB] 番号 [OFJE-562] 详情已存库 (网页暂无可用磁力，已开启 30 天新片追查模式)
[2026-08-11 23:07:55] [INFO] [javdb_scraper.py:196] - 🔎 [374/608] 抓取详情: OFJE-568 (https://javdb.com/v/de45pa)
[2026-08-11 23:07:55] [INFO] [server.py:588] - [全量订阅演员一条龙 [全量翻页 | 抓取元数据入库]] 🔎 [374/608] 抓取详情: OFJE-568 (https://javdb.com/v/de45pa)
[2026-08-11 23:07:58] [INFO] [javdb_scraper.py:196] - 🔍 [DB] 番号 [OFJE-568] 详情已存库 (网页暂无可用磁力，已开启 30 天新片追查模式)
[2026-08-11 23:07:58] [INFO] [server.py:588] - [全量订阅演员一条龙 [全量翻页 | 抓取元数据入库]] 🔍 [DB] 番号 [OFJE-568] 详情已存库 (网页暂无可用磁力，已开启 30 天新片追查模式)
[2026-08-11 23:07:58] [INFO] [javdb_scraper.py:196] - 🔎 [375/608] 抓取详情: OFJE-569 (https://javdb.com/v/Kk4xY7)
[2026-08-11 23:07:58] [INFO] [server.py:588] - [全量订阅演员一条龙 [全量翻页 | 抓取元数据入库]] 🔎 [375/608] 抓取详情: OFJE-569 (https://javdb.com/v/Kk4xY7)
[2026-08-11 23:08:01] [INFO] [javdb_scraper.py:196] - 🔍 [DB] 番号 [OFJE-569] 详情已存库 (网页暂无可用磁力，已开启 30 天新片追查模式)
[2026-08-11 23:08:01] [INFO] [server.py:588] - [全量订阅演员一条龙 [全量翻页 | 抓取元数据入库]] 🔍 [DB] 番号 [OFJE-569] 详情已存库 (网页暂无可用磁力，已开启 30 天新片追查模式)
[2026-08-11 23:08:01] [INFO] [javdb_scraper.py:196] - 🔎 [376/608] 抓取详情: OFJE-571 (https://javdb.com/v/GZM0x2)
[2026-08-11 23:08:01] [INFO] [server.py:588] - [全量订阅演员一条龙 [全量翻页 | 抓取元数据入库]] 🔎 [376/608] 抓取详情: OFJE-571 (https://javdb.com/v/GZM0x2)
[2026-08-11 23:08:04] [INFO] [javdb_scraper.py:196] - 🔍 [DB] 番号 [OFJE-571] 详情已存库 (网页暂无可用磁力，已开启 30 天新片追查模式)
[2026-08-11 23:08:04] [INFO] [server.py:588] - [全量订阅演员一条龙 [全量翻页 | 抓取元数据入库]] 🔍 [DB] 番号 [OFJE-571] 详情已存库 (网页暂无可用磁力，已开启 30 天新片追查模式)
[2026-08-11 23:08:04] [INFO] [javdb_scraper.py:196] - 🔎 [377/608] 抓取详情: OFJE-575 (https://javdb.com/v/96DKOV)
[2026-08-11 23:08:04] [INFO] [server.py:588] - [全量订阅演员一条龙 [全量翻页 | 抓取元数据入库]] 🔎 [377/608] 抓取详情: OFJE-575 (https://javdb.com/v/96DKOV)
[2026-08-11 23:08:07] [INFO] [javdb_scraper.py:196] - 🔍 [DB] 番号 [OFJE-575] 详情已存库 (网页暂无可用磁力，已开启 30 天新片追查模式)
[2026-08-11 23:08:07] [INFO] [server.py:588] - [全量订阅演员一条龙 [全量翻页 | 抓取元数据入库]] 🔍 [DB] 番号 [OFJE-575] 详情已存库 (网页暂无可用磁力，已开启 30 天新片追查模式)
[2026-08-11 23:08:07] [INFO] [javdb_scraper.py:196] - 🔎 [378/608] 抓取详情: OFJE-578 (https://javdb.com/v/QNN64p)
[2026-08-11 23:08:07] [INFO] [server.py:588] - [全量订阅演员一条龙 [全量翻页 | 抓取元数据入库]] 🔎 [378/608] 抓取详情: OFJE-578 (https://javdb.com/v/QNN64p)
[2026-08-11 23:08:09] [INFO] [javdb_scraper.py:196] - 🔍 [DB] 番号 [OFJE-578] 详情已存库 (网页暂无可用磁力，已开启 30 天新片追查模式)
[2026-08-11 23:08:09] [INFO] [server.py:588] - [全量订阅演员一条龙 [全量翻页 | 抓取元数据入库]] 🔍 [DB] 番号 [OFJE-578] 详情已存库 (网页暂无可用磁力，已开启 30 天新片追查模式)
[2026-08-11 23:08:09] [INFO] [javdb_scraper.py:196] - 🔎 [379/608] 抓取详情: OFJE-580 (https://javdb.com/v/xArdgV)
[2026-08-11 23:08:09] [INFO] [server.py:588] - [全量订阅演员一条龙 [全量翻页 | 抓取元数据入库]] 🔎 [379/608] 抓取详情: OFJE-580 (https://javdb.com/v/xArdgV)
[2026-08-11 23:08:12] [INFO] [javdb_scraper.py:196] - 🔍 [DB] 番号 [OFJE-580] 详情已存库 (网页暂无可用磁力，已开启 30 天新片追查模式)
[2026-08-11 23:08:12] [INFO] [server.py:588] - [全量订阅演员一条龙 [全量翻页 | 抓取元数据入库]] 🔍 [DB] 番号 [OFJE-580] 详情已存库 (网页暂无可用磁力，已开启 30 天新片追查模式)
[2026-08-11 23:08:12] [INFO] [javdb_scraper.py:196] - 🔎 [380/608] 抓取详情: OFJE-581 (https://javdb.com/v/Ebzy6M)
[2026-08-11 23:08:12] [INFO] [server.py:588] - [全量订阅演员一条龙 [全量翻页 | 抓取元数据入库]] 🔎 [380/608] 抓取详情: OFJE-581 (https://javdb.com/v/Ebzy6M)
[2026-08-11 23:08:14] [INFO] [javdb_scraper.py:196] - 🔍 [DB] 番号 [OFJE-581] 详情已存库 (网页暂无可用磁力，已开启 30 天新片追查模式)
[2026-08-11 23:08:14] [INFO] [server.py:588] - [全量订阅演员一条龙 [全量翻页 | 抓取元数据入库]] 🔍 [DB] 番号 [OFJE-581] 详情已存库 (网页暂无可用磁力，已开启 30 天新片追查模式)
[2026-08-11 23:08:14] [INFO] [javdb_scraper.py:196] - 🔎 [381/608] 抓取详情: OFJE-582 (https://javdb.com/v/6dEpqM)
[2026-08-11 23:08:14] [INFO] [server.py:588] - [全量订阅演员一条龙 [全量翻页 | 抓取元数据入库]] 🔎 [381/608] 抓取详情: OFJE-582 (https://javdb.com/v/6dEpqM)
[2026-08-11 23:08:17] [INFO] [javdb_scraper.py:196] - 🔍 [DB] 番号 [OFJE-582] 详情已存库 (网页暂无可用磁力，已开启 30 天新片追查模式)
[2026-08-11 23:08:17] [INFO] [server.py:588] - [全量订阅演员一条龙 [全量翻页 | 抓取元数据入库]] 🔍 [DB] 番号 [OFJE-582] 详情已存库 (网页暂无可用磁力，已开启 30 天新片追查模式)
[2026-08-11 23:08:17] [INFO] [javdb_scraper.py:196] - 🔎 [382/608] 抓取详情: OFJE-585 (https://javdb.com/v/7yG3m4)
[2026-08-11 23:08:17] [INFO] [server.py:588] - [全量订阅演员一条龙 [全量翻页 | 抓取元数据入库]] 🔎 [382/608] 抓取详情: OFJE-585 (https://javdb.com/v/7yG3m4)
[2026-08-11 23:08:20] [INFO] [javdb_scraper.py:196] - 🔍 [DB] 番号 [OFJE-585] 详情已存库 (网页暂无可用磁力，已开启 30 天新片追查模式)
[2026-08-11 23:08:20] [INFO] [server.py:588] - [全量订阅演员一条龙 [全量翻页 | 抓取元数据入库]] 🔍 [DB] 番号 [OFJE-585] 详情已存库 (网页暂无可用磁力，已开启 30 天新片追查模式)
[2026-08-11 23:08:20] [INFO] [javdb_scraper.py:196] - 🔎 [383/608] 抓取详情: OFJE-588 (https://javdb.com/v/xA4M8O)
[2026-08-11 23:08:20] [INFO] [server.py:588] - [全量订阅演员一条龙 [全量翻页 | 抓取元数据入库]] 🔎 [383/608] 抓取详情: OFJE-588 (https://javdb.com/v/xA4M8O)
[2026-08-11 23:08:23] [INFO] [javdb_scraper.py:196] - 🔍 [DB] 番号 [OFJE-588] 详情已存库 (网页暂无可用磁力，已开启 30 天新片追查模式)
[2026-08-11 23:08:23] [INFO] [server.py:588] - [全量订阅演员一条龙 [全量翻页 | 抓取元数据入库]] 🔍 [DB] 番号 [OFJE-588] 详情已存库 (网页暂无可用磁力，已开启 30 天新片追查模式)
[2026-08-11 23:08:23] [INFO] [javdb_scraper.py:196] - 🔎 [384/608] 抓取详情: OFJE-590 (https://javdb.com/v/Mbn52P)
[2026-08-11 23:08:23] [INFO] [server.py:588] - [全量订阅演员一条龙 [全量翻页 | 抓取元数据入库]] 🔎 [384/608] 抓取详情: OFJE-590 (https://javdb.com/v/Mbn52P)
[2026-08-11 23:08:26] [INFO] [javdb_scraper.py:196] - 🔍 [DB] 番号 [OFJE-590] 详情已存库 (网页暂无可用磁力，已开启 30 天新片追查模式)
[2026-08-11 23:08:26] [INFO] [server.py:588] - [全量订阅演员一条龙 [全量翻页 | 抓取元数据入库]] 🔍 [DB] 番号 [OFJE-590] 详情已存库 (网页暂无可用磁力，已开启 30 天新片追查模式)
[2026-08-11 23:08:26] [INFO] [javdb_scraper.py:196] - 🔎 [385/608] 抓取详情: OFJE-594 (https://javdb.com/v/5nmPxz)
[2026-08-11 23:08:26] [INFO] [server.py:588] - [全量订阅演员一条龙 [全量翻页 | 抓取元数据入库]] 🔎 [385/608] 抓取详情: OFJE-594 (https://javdb.com/v/5nmPxz)
[2026-08-11 23:08:28] [INFO] [javdb_scraper.py:196] - 🔍 [DB] 番号 [OFJE-594] 详情已存库 (网页暂无可用磁力，已开启 30 天新片追查模式)
[2026-08-11 23:08:28] [INFO] [server.py:588] - [全量订阅演员一条龙 [全量翻页 | 抓取元数据入库]] 🔍 [DB] 番号 [OFJE-594] 详情已存库 (网页暂无可用磁力，已开启 30 天新片追查模式)
[2026-08-11 23:08:28] [INFO] [javdb_scraper.py:196] - 🔎 [386/608] 抓取详情: OFJE-595 (https://javdb.com/v/r3xZak)
[2026-08-11 23:08:28] [INFO] [server.py:588] - [全量订阅演员一条龙 [全量翻页 | 抓取元数据入库]] 🔎 [386/608] 抓取详情: OFJE-595 (https://javdb.com/v/r3xZak)
[2026-08-11 23:08:31] [INFO] [javdb_scraper.py:196] - 🔍 [DB] 番号 [OFJE-595] 详情已存库 (网页暂无可用磁力，已开启 30 天新片追查模式)
[2026-08-11 23:08:31] [INFO] [server.py:588] - [全量订阅演员一条龙 [全量翻页 | 抓取元数据入库]] 🔍 [DB] 番号 [OFJE-595] 详情已存库 (网页暂无可用磁力，已开启 30 天新片追查模式)
[2026-08-11 23:08:31] [INFO] [javdb_scraper.py:196] - 🔎 [387/608] 抓取详情: OFJE-597 (https://javdb.com/v/NQgMkN)
[2026-08-11 23:08:31] [INFO] [server.py:588] - [全量订阅演员一条龙 [全量翻页 | 抓取元数据入库]] 🔎 [387/608] 抓取详情: OFJE-597 (https://javdb.com/v/NQgMkN)
[2026-08-11 23:08:34] [INFO] [javdb_scraper.py:196] - 🔍 [DB] 番号 [OFJE-597] 详情已存库 (网页暂无可用磁力，已开启 30 天新片追查模式)
[2026-08-11 23:08:34] [INFO] [server.py:588] - [全量订阅演员一条龙 [全量翻页 | 抓取元数据入库]] 🔍 [DB] 番号 [OFJE-597] 详情已存库 (网页暂无可用磁力，已开启 30 天新片追查模式)
[2026-08-11 23:08:34] [INFO] [javdb_scraper.py:196] - 🔎 [388/608] 抓取详情: OFJE-598 (https://javdb.com/v/GZw7Q7)
[2026-08-11 23:08:34] [INFO] [server.py:588] - [全量订阅演员一条龙 [全量翻页 | 抓取元数据入库]] 🔎 [388/608] 抓取详情: OFJE-598 (https://javdb.com/v/GZw7Q7)
[2026-08-11 23:08:38] [INFO] [javdb_scraper.py:196] - 🔍 [DB] 番号 [OFJE-598] 详情已存库 (网页暂无可用磁力，已开启 30 天新片追查模式)
[2026-08-11 23:08:38] [INFO] [server.py:588] - [全量订阅演员一条龙 [全量翻页 | 抓取元数据入库]] 🔍 [DB] 番号 [OFJE-598] 详情已存库 (网页暂无可用磁力，已开启 30 天新片追查模式)
[2026-08-11 23:08:38] [INFO] [javdb_scraper.py:196] - 🔎 [389/608] 抓取详情: OFJE-599 (https://javdb.com/v/DRKxY2)
[2026-08-11 23:08:38] [INFO] [server.py:588] - [全量订阅演员一条龙 [全量翻页 | 抓取元数据入库]] 🔎 [389/608] 抓取详情: OFJE-599 (https://javdb.com/v/DRKxY2)
[2026-08-11 23:08:41] [INFO] [javdb_scraper.py:196] - 🔍 [DB] 番号 [OFJE-599] 详情已存库 (网页暂无可用磁力，已开启 30 天新片追查模式)
[2026-08-11 23:08:41] [INFO] [server.py:588] - [全量订阅演员一条龙 [全量翻页 | 抓取元数据入库]] 🔍 [DB] 番号 [OFJE-599] 详情已存库 (网页暂无可用磁力，已开启 30 天新片追查模式)
[2026-08-11 23:08:41] [INFO] [javdb_scraper.py:196] - 🔎 [390/608] 抓取详情: OFJE-600 (https://javdb.com/v/4DAXVb)
[2026-08-11 23:08:41] [INFO] [server.py:588] - [全量订阅演员一条龙 [全量翻页 | 抓取元数据入库]] 🔎 [390/608] 抓取详情: OFJE-600 (https://javdb.com/v/4DAXVb)
[2026-08-11 23:08:44] [INFO] [javdb_scraper.py:196] - 🔍 [DB] 番号 [OFJE-600] 详情已存库 (网页暂无可用磁力，已开启 30 天新片追查模式)
[2026-08-11 23:08:44] [INFO] [server.py:588] - [全量订阅演员一条龙 [全量翻页 | 抓取元数据入库]] 🔍 [DB] 番号 [OFJE-600] 详情已存库 (网页暂无可用磁力，已开启 30 天新片追查模式)
[2026-08-11 23:08:44] [INFO] [javdb_scraper.py:196] - 🔎 [391/608] 抓取详情: OFJE-602 (https://javdb.com/v/DRnXA4)
[2026-08-11 23:08:44] [INFO] [server.py:588] - [全量订阅演员一条龙 [全量翻页 | 抓取元数据入库]] 🔎 [391/608] 抓取详情: OFJE-602 (https://javdb.com/v/DRnXA4)
[2026-08-11 23:08:48] [INFO] [javdb_scraper.py:196] - 🔍 [DB] 番号 [OFJE-602] 详情已存库 (网页暂无可用磁力，已开启 30 天新片追查模式)
[2026-08-11 23:08:48] [INFO] [server.py:588] - [全量订阅演员一条龙 [全量翻页 | 抓取元数据入库]] 🔍 [DB] 番号 [OFJE-602] 详情已存库 (网页暂无可用磁力，已开启 30 天新片追查模式)
[2026-08-11 23:08:48] [INFO] [javdb_scraper.py:196] - 🔎 [392/608] 抓取详情: OFJE-607 (https://javdb.com/v/96prZ6)
[2026-08-11 23:08:48] [INFO] [server.py:588] - [全量订阅演员一条龙 [全量翻页 | 抓取元数据入库]] 🔎 [392/608] 抓取详情: OFJE-607 (https://javdb.com/v/96prZ6)
[2026-08-11 23:08:52] [INFO] [javdb_scraper.py:196] - 🔍 [DB] 番号 [OFJE-607] 详情已存库 (网页暂无可用磁力，已开启 30 天新片追查模式)
[2026-08-11 23:08:52] [INFO] [server.py:588] - [全量订阅演员一条龙 [全量翻页 | 抓取元数据入库]] 🔍 [DB] 番号 [OFJE-607] 详情已存库 (网页暂无可用磁力，已开启 30 天新片追查模式)
[2026-08-11 23:08:52] [INFO] [javdb_scraper.py:196] - 🔎 [393/608] 抓取详情: OFJE-609 (https://javdb.com/v/YwrD7B)
[2026-08-11 23:08:52] [INFO] [server.py:588] - [全量订阅演员一条龙 [全量翻页 | 抓取元数据入库]] 🔎 [393/608] 抓取详情: OFJE-609 (https://javdb.com/v/YwrD7B)
[2026-08-11 23:08:55] [INFO] [javdb_scraper.py:196] - 🔍 [DB] 番号 [OFJE-609] 详情已存库 (网页暂无可用磁力，已开启 30 天新片追查模式)
[2026-08-11 23:08:55] [INFO] [server.py:588] - [全量订阅演员一条龙 [全量翻页 | 抓取元数据入库]] 🔍 [DB] 番号 [OFJE-609] 详情已存库 (网页暂无可用磁力，已开启 30 天新片追查模式)
[2026-08-11 23:08:55] [INFO] [javdb_scraper.py:196] - 🔎 [394/608] 抓取详情: OFJE-611 (https://javdb.com/v/82ZPYV)
[2026-08-11 23:08:55] [INFO] [server.py:588] - [全量订阅演员一条龙 [全量翻页 | 抓取元数据入库]] 🔎 [394/608] 抓取详情: OFJE-611 (https://javdb.com/v/82ZPYV)
[2026-08-11 23:08:58] [INFO] [javdb_scraper.py:196] - 🔍 [DB] 番号 [OFJE-611] 详情已存库 (网页暂无可用磁力，已开启 30 天新片追查模式)
[2026-08-11 23:08:58] [INFO] [server.py:588] - [全量订阅演员一条龙 [全量翻页 | 抓取元数据入库]] 🔍 [DB] 番号 [OFJE-611] 详情已存库 (网页暂无可用磁力，已开启 30 天新片追查模式)
[2026-08-11 23:08:58] [INFO] [javdb_scraper.py:196] - 🔎 [395/608] 抓取详情: OFJE-614 (https://javdb.com/v/BzP5Na)
[2026-08-11 23:08:58] [INFO] [server.py:588] - [全量订阅演员一条龙 [全量翻页 | 抓取元数据入库]] 🔎 [395/608] 抓取详情: OFJE-614 (https://javdb.com/v/BzP5Na)
[2026-08-11 23:09:09] [INFO] [javdb_scraper.py:196] - 🔍 [DB] 番号 [OFJE-614] 详情已存库 (网页暂无可用磁力，已开启 30 天新片追查模式)
[2026-08-11 23:09:09] [INFO] [server.py:588] - [全量订阅演员一条龙 [全量翻页 | 抓取元数据入库]] 🔍 [DB] 番号 [OFJE-614] 详情已存库 (网页暂无可用磁力，已开启 30 天新片追查模式)
[2026-08-11 23:09:09] [INFO] [javdb_scraper.py:196] - 🔎 [396/608] 抓取详情: OFJE-615 (https://javdb.com/v/deQVmQ)
[2026-08-11 23:09:09] [INFO] [server.py:588] - [全量订阅演员一条龙 [全量翻页 | 抓取元数据入库]] 🔎 [396/608] 抓取详情: OFJE-615 (https://javdb.com/v/deQVmQ)
[2026-08-11 23:09:13] [INFO] [javdb_scraper.py:196] - 🔍 [DB] 番号 [OFJE-615] 详情已存库 (网页暂无可用磁力，已开启 30 天新片追查模式)
[2026-08-11 23:09:13] [INFO] [server.py:588] - [全量订阅演员一条龙 [全量翻页 | 抓取元数据入库]] 🔍 [DB] 番号 [OFJE-615] 详情已存库 (网页暂无可用磁力，已开启 30 天新片追查模式)
[2026-08-11 23:09:13] [INFO] [javdb_scraper.py:196] - 🔎 [397/608] 抓取详情: OFJE-616 (https://javdb.com/v/NQ64Jg)
[2026-08-11 23:09:13] [INFO] [server.py:588] - [全量订阅演员一条龙 [全量翻页 | 抓取元数据入库]] 🔎 [397/608] 抓取详情: OFJE-616 (https://javdb.com/v/NQ64Jg)
[2026-08-11 23:09:16] [INFO] [javdb_scraper.py:196] - 🔍 [DB] 番号 [OFJE-616] 详情已存库 (网页暂无可用磁力，已开启 30 天新片追查模式)
[2026-08-11 23:09:16] [INFO] [server.py:588] - [全量订阅演员一条龙 [全量翻页 | 抓取元数据入库]] 🔍 [DB] 番号 [OFJE-616] 详情已存库 (网页暂无可用磁力，已开启 30 天新片追查模式)
[2026-08-11 23:09:16] [INFO] [javdb_scraper.py:196] - 🔎 [398/608] 抓取详情: OFJE-617 (https://javdb.com/v/GZnmBb)
[2026-08-11 23:09:16] [INFO] [server.py:588] - [全量订阅演员一条龙 [全量翻页 | 抓取元数据入库]] 🔎 [398/608] 抓取详情: OFJE-617 (https://javdb.com/v/GZnmBb)
[2026-08-11 23:09:19] [INFO] [javdb_scraper.py:196] - 🔍 [DB] 番号 [OFJE-617] 详情已存库 (网页暂无可用磁力，已开启 30 天新片追查模式)
[2026-08-11 23:09:19] [INFO] [server.py:588] - [全量订阅演员一条龙 [全量翻页 | 抓取元数据入库]] 🔍 [DB] 番号 [OFJE-617] 详情已存库 (网页暂无可用磁力，已开启 30 天新片追查模式)
[2026-08-11 23:09:19] [INFO] [javdb_scraper.py:196] - 🔎 [399/608] 抓取详情: OFJE-620 (https://javdb.com/v/0e4A2b)
[2026-08-11 23:09:19] [INFO] [server.py:588] - [全量订阅演员一条龙 [全量翻页 | 抓取元数据入库]] 🔎 [399/608] 抓取详情: OFJE-620 (https://javdb.com/v/0e4A2b)
[2026-08-11 23:09:23] [INFO] [javdb_scraper.py:196] - 🔍 [DB] 番号 [OFJE-620] 详情已存库 (网页暂无可用磁力，已开启 30 天新片追查模式)
[2026-08-11 23:09:23] [INFO] [server.py:588] - [全量订阅演员一条龙 [全量翻页 | 抓取元数据入库]] 🔍 [DB] 番号 [OFJE-620] 详情已存库 (网页暂无可用磁力，已开启 30 天新片追查模式)
[2026-08-11 23:09:23] [INFO] [javdb_scraper.py:196] - 🔎 [400/608] 抓取详情: OFJE-621 (https://javdb.com/v/WwrM7R)
[2026-08-11 23:09:23] [INFO] [server.py:588] - [全量订阅演员一条龙 [全量翻页 | 抓取元数据入库]] 🔎 [400/608] 抓取详情: OFJE-621 (https://javdb.com/v/WwrM7R)
[2026-08-11 23:09:25] [INFO] [javdb_scraper.py:196] - 🔍 [DB] 番号 [OFJE-621] 详情已存库 (网页暂无可用磁力，已开启 30 天新片追查模式)
[2026-08-11 23:09:25] [INFO] [server.py:588] - [全量订阅演员一条龙 [全量翻页 | 抓取元数据入库]] 🔍 [DB] 番号 [OFJE-621] 详情已存库 (网页暂无可用磁力，已开启 30 天新片追查模式)
[2026-08-11 23:09:25] [INFO] [javdb_scraper.py:196] - 🔎 [401/608] 抓取详情: OFJE-623 (https://javdb.com/v/2mX62N)
[2026-08-11 23:09:25] [INFO] [server.py:588] - [全量订阅演员一条龙 [全量翻页 | 抓取元数据入库]] 🔎 [401/608] 抓取详情: OFJE-623 (https://javdb.com/v/2mX62N)
[2026-08-11 23:09:28] [INFO] [javdb_scraper.py:196] - 🔍 [DB] 番号 [OFJE-623] 详情已存库 (网页暂无可用磁力，已开启 30 天新片追查模式)
[2026-08-11 23:09:28] [INFO] [server.py:588] - [全量订阅演员一条龙 [全量翻页 | 抓取元数据入库]] 🔍 [DB] 番号 [OFJE-623] 详情已存库 (网页暂无可用磁力，已开启 30 天新片追查模式)
[2026-08-11 23:09:28] [INFO] [javdb_scraper.py:196] - 🔎 [402/608] 抓取详情: OFJE-625 (https://javdb.com/v/e87z2z)
[2026-08-11 23:09:28] [INFO] [server.py:588] - [全量订阅演员一条龙 [全量翻页 | 抓取元数据入库]] 🔎 [402/608] 抓取详情: OFJE-625 (https://javdb.com/v/e87z2z)
[2026-08-11 23:09:31] [INFO] [javdb_scraper.py:196] - 🔍 [DB] 番号 [OFJE-625] 详情已存库 (网页暂无可用磁力，已开启 30 天新片追查模式)
[2026-08-11 23:09:31] [INFO] [server.py:588] - [全量订阅演员一条龙 [全量翻页 | 抓取元数据入库]] 🔍 [DB] 番号 [OFJE-625] 详情已存库 (网页暂无可用磁力，已开启 30 天新片追查模式)
[2026-08-11 23:09:31] [INFO] [javdb_scraper.py:196] - 🔎 [403/608] 抓取详情: OFJE-628 (https://javdb.com/v/DRn3mM)
[2026-08-11 23:09:31] [INFO] [server.py:588] - [全量订阅演员一条龙 [全量翻页 | 抓取元数据入库]] 🔎 [403/608] 抓取详情: OFJE-628 (https://javdb.com/v/DRn3mM)
[2026-08-11 23:09:34] [INFO] [javdb_scraper.py:196] - 🔍 [DB] 番号 [OFJE-628] 详情已存库 (网页暂无可用磁力，已开启 30 天新片追查模式)
[2026-08-11 23:09:34] [INFO] [server.py:588] - [全量订阅演员一条龙 [全量翻页 | 抓取元数据入库]] 🔍 [DB] 番号 [OFJE-628] 详情已存库 (网页暂无可用磁力，已开启 30 天新片追查模式)
[2026-08-11 23:09:34] [INFO] [javdb_scraper.py:196] - 🔎 [404/608] 抓取详情: OFJE-629 (https://javdb.com/v/ZNxRmA)
[2026-08-11 23:09:34] [INFO] [server.py:588] - [全量订阅演员一条龙 [全量翻页 | 抓取元数据入库]] 🔎 [404/608] 抓取详情: OFJE-629 (https://javdb.com/v/ZNxRmA)
[2026-08-11 23:09:37] [INFO] [javdb_scraper.py:196] - 🔍 [DB] 番号 [OFJE-629] 详情已存库 (网页暂无可用磁力，已开启 30 天新片追查模式)
[2026-08-11 23:09:37] [INFO] [server.py:588] - [全量订阅演员一条龙 [全量翻页 | 抓取元数据入库]] 🔍 [DB] 番号 [OFJE-629] 详情已存库 (网页暂无可用磁力，已开启 30 天新片追查模式)
[2026-08-11 23:09:37] [INFO] [javdb_scraper.py:196] - 🔎 [405/608] 抓取详情: OFJE-631 (https://javdb.com/v/Wwrp0e)
[2026-08-11 23:09:37] [INFO] [server.py:588] - [全量订阅演员一条龙 [全量翻页 | 抓取元数据入库]] 🔎 [405/608] 抓取详情: OFJE-631 (https://javdb.com/v/Wwrp0e)
[2026-08-11 23:09:39] [INFO] [javdb_scraper.py:196] - 🔍 [DB] 番号 [OFJE-631] 详情已存库 (网页暂无可用磁力，已开启 30 天新片追查模式)
[2026-08-11 23:09:39] [INFO] [server.py:588] - [全量订阅演员一条龙 [全量翻页 | 抓取元数据入库]] 🔍 [DB] 番号 [OFJE-631] 详情已存库 (网页暂无可用磁力，已开启 30 天新片追查模式)
[2026-08-11 23:09:39] [INFO] [javdb_scraper.py:196] - 🔎 [406/608] 抓取详情: OFJE-632 (https://javdb.com/v/BzaKZM)
[2026-08-11 23:09:39] [INFO] [server.py:588] - [全量订阅演员一条龙 [全量翻页 | 抓取元数据入库]] 🔎 [406/608] 抓取详情: OFJE-632 (https://javdb.com/v/BzaKZM)
[2026-08-11 23:09:42] [INFO] [javdb_scraper.py:196] - 🔍 [DB] 番号 [OFJE-632] 详情已存库 (网页暂无可用磁力，已开启 30 天新片追查模式)
[2026-08-11 23:09:42] [INFO] [server.py:588] - [全量订阅演员一条龙 [全量翻页 | 抓取元数据入库]] 🔍 [DB] 番号 [OFJE-632] 详情已存库 (网页暂无可用磁力，已开启 30 天新片追查模式)
[2026-08-11 23:09:42] [INFO] [javdb_scraper.py:196] - 🔎 [407/608] 抓取详情: OFJE-633 (https://javdb.com/v/deDRA8)
[2026-08-11 23:09:42] [INFO] [server.py:588] - [全量订阅演员一条龙 [全量翻页 | 抓取元数据入库]] 🔎 [407/608] 抓取详情: OFJE-633 (https://javdb.com/v/deDRA8)
[2026-08-11 23:09:45] [INFO] [javdb_scraper.py:196] - 🔍 [DB] 番号 [OFJE-633] 详情已存库 (网页暂无可用磁力，已开启 30 天新片追查模式)
[2026-08-11 23:09:45] [INFO] [server.py:588] - [全量订阅演员一条龙 [全量翻页 | 抓取元数据入库]] 🔍 [DB] 番号 [OFJE-633] 详情已存库 (网页暂无可用磁力，已开启 30 天新片追查模式)
[2026-08-11 23:09:45] [INFO] [javdb_scraper.py:196] - 🔎 [408/608] 抓取详情: OFJE-635 (https://javdb.com/v/82BPva)
[2026-08-11 23:09:45] [INFO] [server.py:588] - [全量订阅演员一条龙 [全量翻页 | 抓取元数据入库]] 🔎 [408/608] 抓取详情: OFJE-635 (https://javdb.com/v/82BPva)
[2026-08-11 23:09:48] [INFO] [javdb_scraper.py:196] - 🔍 [DB] 番号 [OFJE-635] 详情已存库 (网页暂无可用磁力，已开启 30 天新片追查模式)
[2026-08-11 23:09:48] [INFO] [server.py:588] - [全量订阅演员一条龙 [全量翻页 | 抓取元数据入库]] 🔍 [DB] 番号 [OFJE-635] 详情已存库 (网页暂无可用磁力，已开启 30 天新片追查模式)
[2026-08-11 23:09:48] [INFO] [javdb_scraper.py:196] - 🔎 [409/608] 抓取详情: OFJE-636 (https://javdb.com/v/Rk6WNR)
[2026-08-11 23:09:48] [INFO] [server.py:588] - [全量订阅演员一条龙 [全量翻页 | 抓取元数据入库]] 🔎 [409/608] 抓取详情: OFJE-636 (https://javdb.com/v/Rk6WNR)
[2026-08-11 23:09:51] [INFO] [javdb_scraper.py:196] - 🔍 [DB] 番号 [OFJE-636] 详情已存库 (网页暂无可用磁力，已开启 30 天新片追查模式)
[2026-08-11 23:09:51] [INFO] [server.py:588] - [全量订阅演员一条龙 [全量翻页 | 抓取元数据入库]] 🔍 [DB] 番号 [OFJE-636] 详情已存库 (网页暂无可用磁力，已开启 30 天新片追查模式)
[2026-08-11 23:09:51] [INFO] [javdb_scraper.py:196] - 🔎 [410/608] 抓取详情: OFJE-638 (https://javdb.com/v/GZP9Oq)
[2026-08-11 23:09:51] [INFO] [server.py:588] - [全量订阅演员一条龙 [全量翻页 | 抓取元数据入库]] 🔎 [410/608] 抓取详情: OFJE-638 (https://javdb.com/v/GZP9Oq)
[2026-08-11 23:09:55] [INFO] [javdb_scraper.py:196] - 🔍 [DB] 番号 [OFJE-638] 详情已存库 (网页暂无可用磁力，已开启 30 天新片追查模式)
[2026-08-11 23:09:55] [INFO] [server.py:588] - [全量订阅演员一条龙 [全量翻页 | 抓取元数据入库]] 🔍 [DB] 番号 [OFJE-638] 详情已存库 (网页暂无可用磁力，已开启 30 天新片追查模式)
[2026-08-11 23:09:55] [INFO] [javdb_scraper.py:196] - 🔎 [411/608] 抓取详情: OFJE-639 (https://javdb.com/v/Ww7JQZ)
[2026-08-11 23:09:55] [INFO] [server.py:588] - [全量订阅演员一条龙 [全量翻页 | 抓取元数据入库]] 🔎 [411/608] 抓取详情: OFJE-639 (https://javdb.com/v/Ww7JQZ)
[2026-08-11 23:09:57] [INFO] [javdb_scraper.py:196] - 🔍 [DB] 番号 [OFJE-639] 详情已存库 (网页暂无可用磁力，已开启 30 天新片追查模式)
[2026-08-11 23:09:57] [INFO] [server.py:588] - [全量订阅演员一条龙 [全量翻页 | 抓取元数据入库]] 🔍 [DB] 番号 [OFJE-639] 详情已存库 (网页暂无可用磁力，已开启 30 天新片追查模式)
[2026-08-11 23:09:57] [INFO] [javdb_scraper.py:196] - 🔎 [412/608] 抓取详情: OFJE-640 (https://javdb.com/v/96ngWw)
[2026-08-11 23:09:57] [INFO] [server.py:588] - [全量订阅演员一条龙 [全量翻页 | 抓取元数据入库]] 🔎 [412/608] 抓取详情: OFJE-640 (https://javdb.com/v/96ngWw)
[2026-08-11 23:10:00] [INFO] [javdb_scraper.py:196] - 🔍 [DB] 番号 [OFJE-640] 详情已存库 (网页暂无可用磁力，已开启 30 天新片追查模式)
[2026-08-11 23:10:00] [INFO] [server.py:588] - [全量订阅演员一条龙 [全量翻页 | 抓取元数据入库]] 🔍 [DB] 番号 [OFJE-640] 详情已存库 (网页暂无可用磁力，已开启 30 天新片追查模式)
[2026-08-11 23:10:00] [INFO] [javdb_scraper.py:196] - 🔎 [413/608] 抓取详情: OFJE-645 (https://javdb.com/v/82B0KK)
[2026-08-11 23:10:00] [INFO] [server.py:588] - [全量订阅演员一条龙 [全量翻页 | 抓取元数据入库]] 🔎 [413/608] 抓取详情: OFJE-645 (https://javdb.com/v/82B0KK)
[2026-08-11 23:10:03] [INFO] [javdb_scraper.py:196] - 🔍 [DB] 番号 [OFJE-645] 详情已存库 (网页暂无可用磁力，已开启 30 天新片追查模式)
[2026-08-11 23:10:03] [INFO] [server.py:588] - [全量订阅演员一条龙 [全量翻页 | 抓取元数据入库]] 🔍 [DB] 番号 [OFJE-645] 详情已存库 (网页暂无可用磁力，已开启 30 天新片追查模式)
[2026-08-11 23:10:03] [INFO] [javdb_scraper.py:196] - 🔎 [414/608] 抓取详情: OFJE-646 (https://javdb.com/v/Rk6Mw7)
[2026-08-11 23:10:03] [INFO] [server.py:588] - [全量订阅演员一条龙 [全量翻页 | 抓取元数据入库]] 🔎 [414/608] 抓取详情: OFJE-646 (https://javdb.com/v/Rk6Mw7)
[2026-08-11 23:10:05] [INFO] [javdb_scraper.py:196] - 🔍 [DB] 番号 [OFJE-646] 详情已存库 (网页暂无可用磁力，已开启 30 天新片追查模式)
[2026-08-11 23:10:05] [INFO] [server.py:588] - [全量订阅演员一条龙 [全量翻页 | 抓取元数据入库]] 🔍 [DB] 番号 [OFJE-646] 详情已存库 (网页暂无可用磁力，已开启 30 天新片追查模式)
[2026-08-11 23:10:05] [INFO] [javdb_scraper.py:196] - 🔎 [415/608] 抓取详情: OFJE-647 (https://javdb.com/v/e8D6Jp)
[2026-08-11 23:10:05] [INFO] [server.py:588] - [全量订阅演员一条龙 [全量翻页 | 抓取元数据入库]] 🔎 [415/608] 抓取详情: OFJE-647 (https://javdb.com/v/e8D6Jp)
[2026-08-11 23:10:09] [INFO] [javdb_scraper.py:196] - 🔍 [DB] 番号 [OFJE-647] 详情已存库 (网页暂无可用磁力，已开启 30 天新片追查模式)
[2026-08-11 23:10:09] [INFO] [server.py:588] - [全量订阅演员一条龙 [全量翻页 | 抓取元数据入库]] 🔍 [DB] 番号 [OFJE-647] 详情已存库 (网页暂无可用磁力，已开启 30 天新片追查模式)
[2026-08-11 23:10:09] [INFO] [javdb_scraper.py:196] - 🔎 [416/608] 抓取详情: OFJE-648 (https://javdb.com/v/7ybxwB)
[2026-08-11 23:10:09] [INFO] [server.py:588] - [全量订阅演员一条龙 [全量翻页 | 抓取元数据入库]] 🔎 [416/608] 抓取详情: OFJE-648 (https://javdb.com/v/7ybxwB)
[2026-08-11 23:10:11] [INFO] [javdb_scraper.py:196] - 🔍 [DB] 番号 [OFJE-648] 详情已存库 (网页暂无可用磁力，已开启 30 天新片追查模式)
[2026-08-11 23:10:11] [INFO] [server.py:588] - [全量订阅演员一条龙 [全量翻页 | 抓取元数据入库]] 🔍 [DB] 番号 [OFJE-648] 详情已存库 (网页暂无可用磁力，已开启 30 天新片追查模式)
[2026-08-11 23:10:11] [INFO] [javdb_scraper.py:196] - 🔎 [417/608] 抓取详情: OFJE-651 (https://javdb.com/v/KkpKVQ)
[2026-08-11 23:10:11] [INFO] [server.py:588] - [全量订阅演员一条龙 [全量翻页 | 抓取元数据入库]] 🔎 [417/608] 抓取详情: OFJE-651 (https://javdb.com/v/KkpKVQ)
[2026-08-11 23:10:13] [INFO] [javdb_scraper.py:196] - 🔍 [DB] 番号 [OFJE-651] 详情已存库 (网页暂无可用磁力，已开启 30 天新片追查模式)
[2026-08-11 23:10:13] [INFO] [server.py:588] - [全量订阅演员一条龙 [全量翻页 | 抓取元数据入库]] 🔍 [DB] 番号 [OFJE-651] 详情已存库 (网页暂无可用磁力，已开启 30 天新片追查模式)
[2026-08-11 23:10:13] [INFO] [javdb_scraper.py:196] - 🔎 [418/608] 抓取详情: OFJE-652 (https://javdb.com/v/z4Z53W)
[2026-08-11 23:10:13] [INFO] [server.py:588] - [全量订阅演员一条龙 [全量翻页 | 抓取元数据入库]] 🔎 [418/608] 抓取详情: OFJE-652 (https://javdb.com/v/z4Z53W)
[2026-08-11 23:10:15] [INFO] [javdb_scraper.py:196] - 🔍 [DB] 番号 [OFJE-652] 详情已存库 (网页暂无可用磁力，已开启 30 天新片追查模式)
[2026-08-11 23:10:15] [INFO] [server.py:588] - [全量订阅演员一条龙 [全量翻页 | 抓取元数据入库]] 🔍 [DB] 番号 [OFJE-652] 详情已存库 (网页暂无可用磁力，已开启 30 天新片追查模式)
[2026-08-11 23:10:15] [INFO] [javdb_scraper.py:196] - 🔎 [419/608] 抓取详情: OFJE-653 (https://javdb.com/v/P913r9)
[2026-08-11 23:10:15] [INFO] [server.py:588] - [全量订阅演员一条龙 [全量翻页 | 抓取元数据入库]] 🔎 [419/608] 抓取详情: OFJE-653 (https://javdb.com/v/P913r9)
[2026-08-11 23:10:18] [INFO] [javdb_scraper.py:196] - 🔍 [DB] 番号 [OFJE-653] 详情已存库 (网页暂无可用磁力，已开启 30 天新片追查模式)
[2026-08-11 23:10:18] [INFO] [server.py:588] - [全量订阅演员一条龙 [全量翻页 | 抓取元数据入库]] 🔍 [DB] 番号 [OFJE-653] 详情已存库 (网页暂无可用磁力，已开启 30 天新片追查模式)
[2026-08-11 23:10:18] [INFO] [javdb_scraper.py:196] - 🔎 [420/608] 抓取详情: OFJE-654 (https://javdb.com/v/96Q8pg)
[2026-08-11 23:10:18] [INFO] [server.py:588] - [全量订阅演员一条龙 [全量翻页 | 抓取元数据入库]] 🔎 [420/608] 抓取详情: OFJE-654 (https://javdb.com/v/96Q8pg)
[2026-08-11 23:10:20] [INFO] [javdb_scraper.py:196] - 🔍 [DB] 番号 [OFJE-654] 详情已存库 (网页暂无可用磁力，已开启 30 天新片追查模式)
[2026-08-11 23:10:20] [INFO] [server.py:588] - [全量订阅演员一条龙 [全量翻页 | 抓取元数据入库]] 🔍 [DB] 番号 [OFJE-654] 详情已存库 (网页暂无可用磁力，已开启 30 天新片追查模式)
[2026-08-11 23:10:20] [INFO] [javdb_scraper.py:196] - 🔎 [421/608] 抓取详情: OFJE-655 (https://javdb.com/v/82JRZd)
[2026-08-11 23:10:20] [INFO] [server.py:588] - [全量订阅演员一条龙 [全量翻页 | 抓取元数据入库]] 🔎 [421/608] 抓取详情: OFJE-655 (https://javdb.com/v/82JRZd)
[2026-08-11 23:10:23] [INFO] [javdb_scraper.py:196] - 🔍 [DB] 番号 [OFJE-655] 详情已存库 (网页暂无可用磁力，已开启 30 天新片追查模式)
[2026-08-11 23:10:23] [INFO] [server.py:588] - [全量订阅演员一条龙 [全量翻页 | 抓取元数据入库]] 🔍 [DB] 番号 [OFJE-655] 详情已存库 (网页暂无可用磁力，已开启 30 天新片追查模式)
[2026-08-11 23:10:23] [INFO] [javdb_scraper.py:196] - 🔎 [422/608] 抓取详情: OFJE-657 (https://javdb.com/v/Rk8eZ8)
[2026-08-11 23:10:23] [INFO] [server.py:588] - [全量订阅演员一条龙 [全量翻页 | 抓取元数据入库]] 🔎 [422/608] 抓取详情: OFJE-657 (https://javdb.com/v/Rk8eZ8)
[2026-08-11 23:10:26] [INFO] [javdb_scraper.py:196] - 🔍 [DB] 番号 [OFJE-657] 详情已存库 (网页暂无可用磁力，已开启 30 天新片追查模式)
[2026-08-11 23:10:26] [INFO] [server.py:588] - [全量订阅演员一条龙 [全量翻页 | 抓取元数据入库]] 🔍 [DB] 番号 [OFJE-657] 详情已存库 (网页暂无可用磁力，已开启 30 天新片追查模式)
[2026-08-11 23:10:26] [INFO] [javdb_scraper.py:196] - 🔎 [423/608] 抓取详情: OFJE-658 (https://javdb.com/v/mO7VzD)
[2026-08-11 23:10:26] [INFO] [server.py:588] - [全量订阅演员一条龙 [全量翻页 | 抓取元数据入库]] 🔎 [423/608] 抓取详情: OFJE-658 (https://javdb.com/v/mO7VzD)
[2026-08-11 23:10:29] [INFO] [javdb_scraper.py:196] - 🔍 [DB] 番号 [OFJE-658] 详情已存库 (网页暂无可用磁力，已开启 30 天新片追查模式)
[2026-08-11 23:10:29] [INFO] [server.py:588] - [全量订阅演员一条龙 [全量翻页 | 抓取元数据入库]] 🔍 [DB] 番号 [OFJE-658] 详情已存库 (网页暂无可用磁力，已开启 30 天新片追查模式)
[2026-08-11 23:10:29] [INFO] [javdb_scraper.py:196] - 🔎 [424/608] 抓取详情: OFJE-699 (https://javdb.com/v/ZNxA38)
[2026-08-11 23:10:29] [INFO] [server.py:588] - [全量订阅演员一条龙 [全量翻页 | 抓取元数据入库]] 🔎 [424/608] 抓取详情: OFJE-699 (https://javdb.com/v/ZNxA38)
[2026-08-11 23:10:31] [INFO] [javdb_scraper.py:196] - 🔍 [DB] 番号 [OFJE-699] 详情已存库 (网页暂无可用磁力，已开启 30 天新片追查模式)
[2026-08-11 23:10:31] [INFO] [server.py:588] - [全量订阅演员一条龙 [全量翻页 | 抓取元数据入库]] 🔍 [DB] 番号 [OFJE-699] 详情已存库 (网页暂无可用磁力，已开启 30 天新片追查模式)
[2026-08-11 23:10:31] [INFO] [javdb_scraper.py:196] - 🔎 [425/608] 抓取详情: OFJE-701 (https://javdb.com/v/96pNZg)
[2026-08-11 23:10:31] [INFO] [server.py:588] - [全量订阅演员一条龙 [全量翻页 | 抓取元数据入库]] 🔎 [425/608] 抓取详情: OFJE-701 (https://javdb.com/v/96pNZg)
[2026-08-11 23:10:33] [INFO] [javdb_scraper.py:196] - 🔍 [DB] 番号 [OFJE-701] 详情已存库 (网页暂无可用磁力，已开启 30 天新片追查模式)
[2026-08-11 23:10:33] [INFO] [server.py:588] - [全量订阅演员一条龙 [全量翻页 | 抓取元数据入库]] 🔍 [DB] 番号 [OFJE-701] 详情已存库 (网页暂无可用磁力，已开启 30 天新片追查模式)
[2026-08-11 23:10:33] [INFO] [javdb_scraper.py:196] - 🔎 [426/608] 抓取详情: OFJE-704 (https://javdb.com/v/Mb7kE7)
[2026-08-11 23:10:33] [INFO] [server.py:588] - [全量订阅演员一条龙 [全量翻页 | 抓取元数据入库]] 🔎 [426/608] 抓取详情: OFJE-704 (https://javdb.com/v/Mb7kE7)
[2026-08-11 23:10:36] [INFO] [javdb_scraper.py:196] - 🔍 [DB] 番号 [OFJE-704] 详情已存库 (网页暂无可用磁力，已开启 30 天新片追查模式)
[2026-08-11 23:10:36] [INFO] [server.py:588] - [全量订阅演员一条龙 [全量翻页 | 抓取元数据入库]] 🔍 [DB] 番号 [OFJE-704] 详情已存库 (网页暂无可用磁力，已开启 30 天新片追查模式)
[2026-08-11 23:10:36] [INFO] [javdb_scraper.py:196] - 🔎 [427/608] 抓取详情: OFJE-708 (https://javdb.com/v/RkXW1z)
[2026-08-11 23:10:36] [INFO] [server.py:588] - [全量订阅演员一条龙 [全量翻页 | 抓取元数据入库]] 🔎 [427/608] 抓取详情: OFJE-708 (https://javdb.com/v/RkXW1z)
[2026-08-11 23:10:40] [INFO] [javdb_scraper.py:196] - 🔍 [DB] 番号 [OFJE-708] 详情已存库 (网页暂无可用磁力，已开启 30 天新片追查模式)
[2026-08-11 23:10:40] [INFO] [server.py:588] - [全量订阅演员一条龙 [全量翻页 | 抓取元数据入库]] 🔍 [DB] 番号 [OFJE-708] 详情已存库 (网页暂无可用磁力，已开启 30 天新片追查模式)
[2026-08-11 23:10:40] [INFO] [javdb_scraper.py:196] - 🔎 [428/608] 抓取详情: OFJE-710 (https://javdb.com/v/pkzy9e)
[2026-08-11 23:10:40] [INFO] [server.py:588] - [全量订阅演员一条龙 [全量翻页 | 抓取元数据入库]] 🔎 [428/608] 抓取详情: OFJE-710 (https://javdb.com/v/pkzy9e)
[2026-08-11 23:10:42] [INFO] [javdb_scraper.py:196] - 🔍 [DB] 番号 [OFJE-710] 详情已存库 (网页暂无可用磁力，已开启 30 天新片追查模式)
[2026-08-11 23:10:42] [INFO] [server.py:588] - [全量订阅演员一条龙 [全量翻页 | 抓取元数据入库]] 🔍 [DB] 番号 [OFJE-710] 详情已存库 (网页暂无可用磁力，已开启 30 天新片追查模式)
[2026-08-11 23:10:42] [INFO] [javdb_scraper.py:196] - 🔎 [429/608] 抓取详情: OFJE-711 (https://javdb.com/v/ZN3g5v)
[2026-08-11 23:10:42] [INFO] [server.py:588] - [全量订阅演员一条龙 [全量翻页 | 抓取元数据入库]] 🔎 [429/608] 抓取详情: OFJE-711 (https://javdb.com/v/ZN3g5v)
[2026-08-11 23:10:45] [INFO] [javdb_scraper.py:196] - 🔍 [DB] 番号 [OFJE-711] 详情已存库 (网页暂无可用磁力，已开启 30 天新片追查模式)
[2026-08-11 23:10:45] [INFO] [server.py:588] - [全量订阅演员一条龙 [全量翻页 | 抓取元数据入库]] 🔍 [DB] 番号 [OFJE-711] 详情已存库 (网页暂无可用磁力，已开启 30 天新片追查模式)
[2026-08-11 23:10:45] [INFO] [javdb_scraper.py:196] - 🔎 [430/608] 抓取详情: OVVR-197 (https://javdb.com/v/D2O8dp)
[2026-08-11 23:10:45] [INFO] [server.py:588] - [全量订阅演员一条龙 [全量翻页 | 抓取元数据入库]] 🔎 [430/608] 抓取详情: OVVR-197 (https://javdb.com/v/D2O8dp)
[2026-08-11 23:10:49] [INFO] [javdb_scraper.py:196] - 🔍 [DB] 番号 [OVVR-197] 详情已存库 (网页暂无可用磁力，已开启 30 天新片追查模式)
[2026-08-11 23:10:49] [INFO] [server.py:588] - [全量订阅演员一条龙 [全量翻页 | 抓取元数据入库]] 🔍 [DB] 番号 [OVVR-197] 详情已存库 (网页暂无可用磁力，已开启 30 天新片追查模式)
[2026-08-11 23:10:49] [INFO] [javdb_scraper.py:196] - 🔎 [431/608] 抓取详情: OVVR-227 (https://javdb.com/v/Mm774k)
[2026-08-11 23:10:49] [INFO] [server.py:588] - [全量订阅演员一条龙 [全量翻页 | 抓取元数据入库]] 🔎 [431/608] 抓取详情: OVVR-227 (https://javdb.com/v/Mm774k)
[2026-08-11 23:10:52] [INFO] [javdb_scraper.py:196] - 🔍 [DB] 番号 [OVVR-227] 详情已存库 (网页暂无可用磁力，已开启 30 天新片追查模式)
[2026-08-11 23:10:52] [INFO] [server.py:588] - [全量订阅演员一条龙 [全量翻页 | 抓取元数据入库]] 🔍 [DB] 番号 [OVVR-227] 详情已存库 (网页暂无可用磁力，已开启 30 天新片追查模式)
[2026-08-11 23:10:52] [INFO] [javdb_scraper.py:196] - 🔎 [432/608] 抓取详情: OVVR-257 (https://javdb.com/v/mezEwM)
[2026-08-11 23:10:52] [INFO] [server.py:588] - [全量订阅演员一条龙 [全量翻页 | 抓取元数据入库]] 🔎 [432/608] 抓取详情: OVVR-257 (https://javdb.com/v/mezEwM)
[2026-08-11 23:10:55] [INFO] [javdb_scraper.py:196] - 🔍 [DB] 番号 [OVVR-257] 详情已存库 (网页暂无可用磁力，已开启 30 天新片追查模式)
[2026-08-11 23:10:55] [INFO] [server.py:588] - [全量订阅演员一条龙 [全量翻页 | 抓取元数据入库]] 🔍 [DB] 番号 [OVVR-257] 详情已存库 (网页暂无可用磁力，已开启 30 天新片追查模式)
[2026-08-11 23:10:55] [INFO] [javdb_scraper.py:196] - 🔎 [433/608] 抓取详情: OVVR-560 (https://javdb.com/v/yxd6BA)
[2026-08-11 23:10:55] [INFO] [server.py:588] - [全量订阅演员一条龙 [全量翻页 | 抓取元数据入库]] 🔎 [433/608] 抓取详情: OVVR-560 (https://javdb.com/v/yxd6BA)
[2026-08-11 23:10:58] [INFO] [javdb_scraper.py:196] - 🔍 [DB] 番号 [OVVR-560] 详情已存库 (网页暂无可用磁力，已开启 30 天新片追查模式)
[2026-08-11 23:10:58] [INFO] [server.py:588] - [全量订阅演员一条龙 [全量翻页 | 抓取元数据入库]] 🔍 [DB] 番号 [OVVR-560] 详情已存库 (网页暂无可用磁力，已开启 30 天新片追查模式)
[2026-08-11 23:10:58] [INFO] [javdb_scraper.py:196] - 🔎 [434/608] 抓取详情: OVVR-616 (https://javdb.com/v/qAqgex)
[2026-08-11 23:10:58] [INFO] [server.py:588] - [全量订阅演员一条龙 [全量翻页 | 抓取元数据入库]] 🔎 [434/608] 抓取详情: OVVR-616 (https://javdb.com/v/qAqgex)
[2026-08-11 23:11:00] [INFO] [javdb_scraper.py:196] - 🔍 [DB] 番号 [OVVR-616] 详情已存库 (网页暂无可用磁力，已开启 30 天新片追查模式)
[2026-08-11 23:11:00] [INFO] [server.py:588] - [全量订阅演员一条龙 [全量翻页 | 抓取元数据入库]] 🔍 [DB] 番号 [OVVR-616] 详情已存库 (网页暂无可用磁力，已开启 30 天新片追查模式)
[2026-08-11 23:11:00] [INFO] [javdb_scraper.py:196] - 🔎 [435/608] 抓取详情: PBD-515 (https://javdb.com/v/Aqng9K)
[2026-08-11 23:11:00] [INFO] [server.py:588] - [全量订阅演员一条龙 [全量翻页 | 抓取元数据入库]] 🔎 [435/608] 抓取详情: PBD-515 (https://javdb.com/v/Aqng9K)
[2026-08-11 23:11:03] [INFO] [javdb_scraper.py:196] - 🔍 [DB] 番号 [PBD-515] 详情已存库 (网页暂无可用磁力，已开启 30 天新片追查模式)
[2026-08-11 23:11:03] [INFO] [server.py:588] - [全量订阅演员一条龙 [全量翻页 | 抓取元数据入库]] 🔍 [DB] 番号 [PBD-515] 详情已存库 (网页暂无可用磁力，已开启 30 天新片追查模式)
[2026-08-11 23:11:03] [INFO] [javdb_scraper.py:196] - 🔎 [436/608] 抓取详情: PBD-516 (https://javdb.com/v/kKbnQY)
[2026-08-11 23:11:03] [INFO] [server.py:588] - [全量订阅演员一条龙 [全量翻页 | 抓取元数据入库]] 🔎 [436/608] 抓取详情: PBD-516 (https://javdb.com/v/kKbnQY)
[2026-08-11 23:11:06] [INFO] [javdb_scraper.py:196] - 🔍 [DB] 番号 [PBD-516] 详情已存库 (网页暂无可用磁力，已开启 30 天新片追查模式)
[2026-08-11 23:11:06] [INFO] [server.py:588] - [全量订阅演员一条龙 [全量翻页 | 抓取元数据入库]] 🔍 [DB] 番号 [PBD-516] 详情已存库 (网页暂无可用磁力，已开启 30 天新片追查模式)
[2026-08-11 23:11:06] [INFO] [javdb_scraper.py:196] - 🔎 [437/608] 抓取详情: PBD-521 (https://javdb.com/v/qAqww3)
[2026-08-11 23:11:06] [INFO] [server.py:588] - [全量订阅演员一条龙 [全量翻页 | 抓取元数据入库]] 🔎 [437/608] 抓取详情: PBD-521 (https://javdb.com/v/qAqww3)
[2026-08-11 23:11:09] [INFO] [javdb_scraper.py:196] - 🔍 [DB] 番号 [PBD-521] 详情已存库 (网页暂无可用磁力，已开启 30 天新片追查模式)
[2026-08-11 23:11:09] [INFO] [server.py:588] - [全量订阅演员一条龙 [全量翻页 | 抓取元数据入库]] 🔍 [DB] 番号 [PBD-521] 详情已存库 (网页暂无可用磁力，已开启 30 天新片追查模式)
[2026-08-11 23:11:09] [INFO] [javdb_scraper.py:196] - 🔎 [438/608] 抓取详情: PBD-522 (https://javdb.com/v/e8D00x)
[2026-08-11 23:11:09] [INFO] [server.py:588] - [全量订阅演员一条龙 [全量翻页 | 抓取元数据入库]] 🔎 [438/608] 抓取详情: PBD-522 (https://javdb.com/v/e8D00x)
[2026-08-11 23:11:12] [INFO] [javdb_scraper.py:196] - 🔍 [DB] 番号 [PBD-522] 详情已存库 (网页暂无可用磁力，已开启 30 天新片追查模式)
[2026-08-11 23:11:12] [INFO] [server.py:588] - [全量订阅演员一条龙 [全量翻页 | 抓取元数据入库]] 🔍 [DB] 番号 [PBD-522] 详情已存库 (网页暂无可用磁力，已开启 30 天新片追查模式)
[2026-08-11 23:11:12] [INFO] [javdb_scraper.py:196] - 🔎 [439/608] 抓取详情: PBD-524 (https://javdb.com/v/EbOOPA)
[2026-08-11 23:11:12] [INFO] [server.py:588] - [全量订阅演员一条龙 [全量翻页 | 抓取元数据入库]] 🔎 [439/608] 抓取详情: PBD-524 (https://javdb.com/v/EbOOPA)
[2026-08-11 23:11:16] [INFO] [javdb_scraper.py:196] - 🔍 [DB] 番号 [PBD-524] 详情已存库 (网页暂无可用磁力，已开启 30 天新片追查模式)
[2026-08-11 23:11:16] [INFO] [server.py:588] - [全量订阅演员一条龙 [全量翻页 | 抓取元数据入库]] 🔍 [DB] 番号 [PBD-524] 详情已存库 (网页暂无可用磁力，已开启 30 天新片追查模式)
[2026-08-11 23:11:16] [INFO] [javdb_scraper.py:196] - 🔎 [440/608] 抓取详情: PRED-771 (https://javdb.com/v/gy4gMQ)
[2026-08-11 23:11:16] [INFO] [server.py:588] - [全量订阅演员一条龙 [全量翻页 | 抓取元数据入库]] 🔎 [440/608] 抓取详情: PRED-771 (https://javdb.com/v/gy4gMQ)
[2026-08-11 23:11:18] [INFO] [javdb_scraper.py:196] - 🔍 [DB] 番号 [PRED-771] 详情已存库 (网页暂无可用磁力，已开启 30 天新片追查模式)
[2026-08-11 23:11:18] [INFO] [server.py:588] - [全量订阅演员一条龙 [全量翻页 | 抓取元数据入库]] 🔍 [DB] 番号 [PRED-771] 详情已存库 (网页暂无可用磁力，已开启 30 天新片追查模式)
[2026-08-11 23:11:18] [INFO] [javdb_scraper.py:196] - 🔎 [441/608] 抓取详情: PRED-779 (https://javdb.com/v/degQOQ)
[2026-08-11 23:11:18] [INFO] [server.py:588] - [全量订阅演员一条龙 [全量翻页 | 抓取元数据入库]] 🔎 [441/608] 抓取详情: PRED-779 (https://javdb.com/v/degQOQ)
[2026-08-11 23:11:21] [INFO] [javdb_scraper.py:196] - 🔍 [DB] 番号 [PRED-779] 详情已存库 (网页暂无可用磁力，已开启 30 天新片追查模式)
[2026-08-11 23:11:21] [INFO] [server.py:588] - [全量订阅演员一条龙 [全量翻页 | 抓取元数据入库]] 🔍 [DB] 番号 [PRED-779] 详情已存库 (网页暂无可用磁力，已开启 30 天新片追查模式)
[2026-08-11 23:11:21] [INFO] [javdb_scraper.py:196] - 🔎 [442/608] 抓取详情: PRED-785 (https://javdb.com/v/kKy2nV)
[2026-08-11 23:11:21] [INFO] [server.py:588] - [全量订阅演员一条龙 [全量翻页 | 抓取元数据入库]] 🔎 [442/608] 抓取详情: PRED-785 (https://javdb.com/v/kKy2nV)
[2026-08-11 23:11:24] [INFO] [javdb_scraper.py:196] - 🔍 [DB] 番号 [PRED-785] 详情已存库 (网页暂无可用磁力，已开启 30 天新片追查模式)
[2026-08-11 23:11:24] [INFO] [server.py:588] - [全量订阅演员一条龙 [全量翻页 | 抓取元数据入库]] 🔍 [DB] 番号 [PRED-785] 详情已存库 (网页暂无可用磁力，已开启 30 天新片追查模式)
[2026-08-11 23:11:24] [INFO] [javdb_scraper.py:196] - 🔎 [443/608] 抓取详情: PRED-795 (https://javdb.com/v/Mb4mOR)
[2026-08-11 23:11:24] [INFO] [server.py:588] - [全量订阅演员一条龙 [全量翻页 | 抓取元数据入库]] 🔎 [443/608] 抓取详情: PRED-795 (https://javdb.com/v/Mb4mOR)
[2026-08-11 23:11:26] [INFO] [javdb_scraper.py:196] - 🔍 [DB] 番号 [PRED-795] 详情已存库 (网页暂无可用磁力，已开启 30 天新片追查模式)
[2026-08-11 23:11:26] [INFO] [server.py:588] - [全量订阅演员一条龙 [全量翻页 | 抓取元数据入库]] 🔍 [DB] 番号 [PRED-795] 详情已存库 (网页暂无可用磁力，已开启 30 天新片追查模式)
[2026-08-11 23:11:26] [INFO] [javdb_scraper.py:196] - 🔎 [444/608] 抓取详情: RBB-206 (https://javdb.com/v/RA5am)
[2026-08-11 23:11:26] [INFO] [server.py:588] - [全量订阅演员一条龙 [全量翻页 | 抓取元数据入库]] 🔎 [444/608] 抓取详情: RBB-206 (https://javdb.com/v/RA5am)
[2026-08-11 23:11:28] [INFO] [javdb_scraper.py:196] - 🔍 [DB] 番号 [RBB-206] 详情已存库 (网页暂无可用磁力，已开启 30 天新片追查模式)
[2026-08-11 23:11:28] [INFO] [server.py:588] - [全量订阅演员一条龙 [全量翻页 | 抓取元数据入库]] 🔍 [DB] 番号 [RBB-206] 详情已存库 (网页暂无可用磁力，已开启 30 天新片追查模式)
[2026-08-11 23:11:28] [INFO] [javdb_scraper.py:196] - 🔎 [445/608] 抓取详情: RBB-223 (https://javdb.com/v/MpkJ1)
[2026-08-11 23:11:28] [INFO] [server.py:588] - [全量订阅演员一条龙 [全量翻页 | 抓取元数据入库]] 🔎 [445/608] 抓取详情: RBB-223 (https://javdb.com/v/MpkJ1)
[2026-08-11 23:11:31] [INFO] [javdb_scraper.py:196] - 🔍 [DB] 番号 [RBB-223] 详情已存库 (网页暂无可用磁力，已开启 30 天新片追查模式)
[2026-08-11 23:11:31] [INFO] [server.py:588] - [全量订阅演员一条龙 [全量翻页 | 抓取元数据入库]] 🔍 [DB] 番号 [RBB-223] 详情已存库 (网页暂无可用磁力，已开启 30 天新片追查模式)
[2026-08-11 23:11:31] [INFO] [javdb_scraper.py:196] - 🔎 [446/608] 抓取详情: RBB-245 (https://javdb.com/v/zKexYy)
[2026-08-11 23:11:31] [INFO] [server.py:588] - [全量订阅演员一条龙 [全量翻页 | 抓取元数据入库]] 🔎 [446/608] 抓取详情: RBB-245 (https://javdb.com/v/zKexYy)
[2026-08-11 23:11:34] [INFO] [javdb_scraper.py:196] - 🔍 [DB] 番号 [RBB-245] 详情已存库 (网页暂无可用磁力，已开启 30 天新片追查模式)
[2026-08-11 23:11:34] [INFO] [server.py:588] - [全量订阅演员一条龙 [全量翻页 | 抓取元数据入库]] 🔍 [DB] 番号 [RBB-245] 详情已存库 (网页暂无可用磁力，已开启 30 天新片追查模式)
[2026-08-11 23:11:34] [INFO] [javdb_scraper.py:196] - 🔎 [447/608] 抓取详情: RBB-247 (https://javdb.com/v/9Dpywg)
[2026-08-11 23:11:34] [INFO] [server.py:588] - [全量订阅演员一条龙 [全量翻页 | 抓取元数据入库]] 🔎 [447/608] 抓取详情: RBB-247 (https://javdb.com/v/9Dpywg)
[2026-08-11 23:11:36] [INFO] [javdb_scraper.py:196] - 🔍 [DB] 番号 [RBB-247] 详情已存库 (网页暂无可用磁力，已开启 30 天新片追查模式)
[2026-08-11 23:11:36] [INFO] [server.py:588] - [全量订阅演员一条龙 [全量翻页 | 抓取元数据入库]] 🔍 [DB] 番号 [RBB-247] 详情已存库 (网页暂无可用磁力，已开启 30 天新片追查模式)
[2026-08-11 23:11:36] [INFO] [javdb_scraper.py:196] - 🔎 [448/608] 抓取详情: RBB-257 (https://javdb.com/v/meqPJr)
[2026-08-11 23:11:36] [INFO] [server.py:588] - [全量订阅演员一条龙 [全量翻页 | 抓取元数据入库]] 🔎 [448/608] 抓取详情: RBB-257 (https://javdb.com/v/meqPJr)
[2026-08-11 23:11:40] [INFO] [javdb_scraper.py:196] - 🔍 [DB] 番号 [RBB-257] 详情已存库 (网页暂无可用磁力，已开启 30 天新片追查模式)
[2026-08-11 23:11:40] [INFO] [server.py:588] - [全量订阅演员一条龙 [全量翻页 | 抓取元数据入库]] 🔍 [DB] 番号 [RBB-257] 详情已存库 (网页暂无可用磁力，已开启 30 天新片追查模式)
[2026-08-11 23:11:40] [INFO] [javdb_scraper.py:196] - 🔎 [449/608] 抓取详情: RBB-290 (https://javdb.com/v/r33BZr)
[2026-08-11 23:11:40] [INFO] [server.py:588] - [全量订阅演员一条龙 [全量翻页 | 抓取元数据入库]] 🔎 [449/608] 抓取详情: RBB-290 (https://javdb.com/v/r33BZr)
[2026-08-11 23:11:43] [INFO] [javdb_scraper.py:196] - 🔍 [DB] 番号 [RBB-290] 详情已存库 (网页暂无可用磁力，已开启 30 天新片追查模式)
[2026-08-11 23:11:43] [INFO] [server.py:588] - [全量订阅演员一条龙 [全量翻页 | 抓取元数据入库]] 🔍 [DB] 番号 [RBB-290] 详情已存库 (网页暂无可用磁力，已开启 30 天新片追查模式)
[2026-08-11 23:11:43] [INFO] [javdb_scraper.py:196] - 🔎 [450/608] 抓取详情: RBB-294 (https://javdb.com/v/gyyb7N)
[2026-08-11 23:11:43] [INFO] [server.py:588] - [全量订阅演员一条龙 [全量翻页 | 抓取元数据入库]] 🔎 [450/608] 抓取详情: RBB-294 (https://javdb.com/v/gyyb7N)
[2026-08-11 23:11:46] [INFO] [javdb_scraper.py:196] - 🔍 [DB] 番号 [RBB-294] 详情已存库 (网页暂无可用磁力，已开启 30 天新片追查模式)
[2026-08-11 23:11:46] [INFO] [server.py:588] - [全量订阅演员一条龙 [全量翻页 | 抓取元数据入库]] 🔍 [DB] 番号 [RBB-294] 详情已存库 (网页暂无可用磁力，已开启 30 天新片追查模式)
[2026-08-11 23:11:46] [INFO] [javdb_scraper.py:196] - 🔎 [451/608] 抓取详情: RBB-299 (https://javdb.com/v/ZNNbx7)
[2026-08-11 23:11:46] [INFO] [server.py:588] - [全量订阅演员一条龙 [全量翻页 | 抓取元数据入库]] 🔎 [451/608] 抓取详情: RBB-299 (https://javdb.com/v/ZNNbx7)
[2026-08-11 23:11:49] [INFO] [javdb_scraper.py:196] - 🔍 [DB] 番号 [RBB-299] 详情已存库 (网页暂无可用磁力，已开启 30 天新片追查模式)
[2026-08-11 23:11:49] [INFO] [server.py:588] - [全量订阅演员一条龙 [全量翻页 | 抓取元数据入库]] 🔍 [DB] 番号 [RBB-299] 详情已存库 (网页暂无可用磁力，已开启 30 天新片追查模式)
[2026-08-11 23:11:49] [INFO] [javdb_scraper.py:196] - 🔎 [452/608] 抓取详情: RBB-303 (https://javdb.com/v/Mb6pDX)
[2026-08-11 23:11:49] [INFO] [server.py:588] - [全量订阅演员一条龙 [全量翻页 | 抓取元数据入库]] 🔎 [452/608] 抓取详情: RBB-303 (https://javdb.com/v/Mb6pDX)
[2026-08-11 23:11:53] [INFO] [javdb_scraper.py:196] - 🔍 [DB] 番号 [RBB-303] 详情已存库 (网页暂无可用磁力，已开启 30 天新片追查模式)
[2026-08-11 23:11:53] [INFO] [server.py:588] - [全量订阅演员一条龙 [全量翻页 | 抓取元数据入库]] 🔍 [DB] 番号 [RBB-303] 详情已存库 (网页暂无可用磁力，已开启 30 天新片追查模式)
[2026-08-11 23:11:53] [INFO] [javdb_scraper.py:196] - 🔎 [453/608] 抓取详情: RBB-315 (https://javdb.com/v/NQPrWB)
[2026-08-11 23:11:53] [INFO] [server.py:588] - [全量订阅演员一条龙 [全量翻页 | 抓取元数据入库]] 🔎 [453/608] 抓取详情: RBB-315 (https://javdb.com/v/NQPrWB)
[2026-08-11 23:11:55] [INFO] [javdb_scraper.py:196] - 🔍 [DB] 番号 [RBB-315] 详情已存库 (网页暂无可用磁力，已开启 30 天新片追查模式)
[2026-08-11 23:11:55] [INFO] [server.py:588] - [全量订阅演员一条龙 [全量翻页 | 抓取元数据入库]] 🔍 [DB] 番号 [RBB-315] 详情已存库 (网页暂无可用磁力，已开启 30 天新片追查模式)
[2026-08-11 23:11:55] [INFO] [javdb_scraper.py:196] - 🔎 [454/608] 抓取详情: RBB-330 (https://javdb.com/v/6dWQwa)
[2026-08-11 23:11:55] [INFO] [server.py:588] - [全量订阅演员一条龙 [全量翻页 | 抓取元数据入库]] 🔎 [454/608] 抓取详情: RBB-330 (https://javdb.com/v/6dWQwa)
[2026-08-11 23:11:58] [INFO] [javdb_scraper.py:196] - 🔍 [DB] 番号 [RBB-330] 详情已存库 (网页暂无可用磁力，已开启 30 天新片追查模式)
[2026-08-11 23:11:58] [INFO] [server.py:588] - [全量订阅演员一条龙 [全量翻页 | 抓取元数据入库]] 🔍 [DB] 番号 [RBB-330] 详情已存库 (网页暂无可用磁力，已开启 30 天新片追查模式)
[2026-08-11 23:11:58] [INFO] [javdb_scraper.py:196] - 🔎 [455/608] 抓取详情: RBD-917 (https://javdb.com/v/05arq)
[2026-08-11 23:11:58] [INFO] [server.py:588] - [全量订阅演员一条龙 [全量翻页 | 抓取元数据入库]] 🔎 [455/608] 抓取详情: RBD-917 (https://javdb.com/v/05arq)
[2026-08-11 23:12:00] [INFO] [javdb_scraper.py:196] - 🔍 [DB] 番号 [RBD-917] 详情已存库 (网页暂无可用磁力，已开启 30 天新片追查模式)
[2026-08-11 23:12:00] [INFO] [server.py:588] - [全量订阅演员一条龙 [全量翻页 | 抓取元数据入库]] 🔍 [DB] 番号 [RBD-917] 详情已存库 (网页暂无可用磁力，已开启 30 天新片追查模式)
[2026-08-11 23:12:00] [INFO] [javdb_scraper.py:196] - 🔎 [456/608] 抓取详情: RBD-931 (https://javdb.com/v/xZdmV)
[2026-08-11 23:12:00] [INFO] [server.py:588] - [全量订阅演员一条龙 [全量翻页 | 抓取元数据入库]] 🔎 [456/608] 抓取详情: RBD-931 (https://javdb.com/v/xZdmV)
[2026-08-11 23:12:03] [INFO] [javdb_scraper.py:196] - 🔍 [DB] 番号 [RBD-931] 详情已存库 (网页暂无可用磁力，已开启 30 天新片追查模式)
[2026-08-11 23:12:03] [INFO] [server.py:588] - [全量订阅演员一条龙 [全量翻页 | 抓取元数据入库]] 🔍 [DB] 番号 [RBD-931] 详情已存库 (网页暂无可用磁力，已开启 30 天新片追查模式)
[2026-08-11 23:12:03] [INFO] [javdb_scraper.py:196] - 🔎 [457/608] 抓取详情: RBD-960 (https://javdb.com/v/JnpgW)
[2026-08-11 23:12:03] [INFO] [server.py:588] - [全量订阅演员一条龙 [全量翻页 | 抓取元数据入库]] 🔎 [457/608] 抓取详情: RBD-960 (https://javdb.com/v/JnpgW)
[2026-08-11 23:12:06] [INFO] [javdb_scraper.py:196] - 🔍 [DB] 番号 [RBD-960] 详情已存库 (网页暂无可用磁力，已开启 30 天新片追查模式)
[2026-08-11 23:12:06] [INFO] [server.py:588] - [全量订阅演员一条龙 [全量翻页 | 抓取元数据入库]] 🔍 [DB] 番号 [RBD-960] 详情已存库 (网页暂无可用磁力，已开启 30 天新片追查模式)
[2026-08-11 23:12:06] [INFO] [javdb_scraper.py:196] - 🔎 [458/608] 抓取详情: REBD-1013 (https://javdb.com/v/Kkr0b6)
[2026-08-11 23:12:06] [INFO] [server.py:588] - [全量订阅演员一条龙 [全量翻页 | 抓取元数据入库]] 🔎 [458/608] 抓取详情: REBD-1013 (https://javdb.com/v/Kkr0b6)
[2026-08-11 23:12:09] [INFO] [javdb_scraper.py:196] - 🔍 [DB] 番号 [REBD-1013] 详情已存库 (网页暂无可用磁力，已开启 30 天新片追查模式)
[2026-08-11 23:12:09] [INFO] [server.py:588] - [全量订阅演员一条龙 [全量翻页 | 抓取元数据入库]] 🔍 [DB] 番号 [REBD-1013] 详情已存库 (网页暂无可用磁力，已开启 30 天新片追查模式)
[2026-08-11 23:12:09] [INFO] [javdb_scraper.py:196] - 🔎 [459/608] 抓取详情: REBD-1019 (https://javdb.com/v/4DxpwE)
[2026-08-11 23:12:09] [INFO] [server.py:588] - [全量订阅演员一条龙 [全量翻页 | 抓取元数据入库]] 🔎 [459/608] 抓取详情: REBD-1019 (https://javdb.com/v/4DxpwE)
[2026-08-11 23:12:12] [INFO] [javdb_scraper.py:196] - 🔍 [DB] 番号 [REBD-1019] 详情已存库 (网页暂无可用磁力，已开启 30 天新片追查模式)
[2026-08-11 23:12:12] [INFO] [server.py:588] - [全量订阅演员一条龙 [全量翻页 | 抓取元数据入库]] 🔍 [DB] 番号 [REBD-1019] 详情已存库 (网页暂无可用磁力，已开启 30 天新片追查模式)
[2026-08-11 23:12:12] [INFO] [javdb_scraper.py:196] - 🔎 [460/608] 抓取详情: REBD-284 (https://javdb.com/v/rmVMr)
[2026-08-11 23:12:12] [INFO] [server.py:588] - [全量订阅演员一条龙 [全量翻页 | 抓取元数据入库]] 🔎 [460/608] 抓取详情: REBD-284 (https://javdb.com/v/rmVMr)
[2026-08-11 23:12:15] [INFO] [javdb_scraper.py:196] - 🔍 [DB] 番号 [REBD-284] 详情已存库 (网页暂无可用磁力，已开启 30 天新片追查模式)
[2026-08-11 23:12:15] [INFO] [server.py:588] - [全量订阅演员一条龙 [全量翻页 | 抓取元数据入库]] 🔍 [DB] 番号 [REBD-284] 详情已存库 (网页暂无可用磁力，已开启 30 天新片追查模式)
[2026-08-11 23:12:15] [INFO] [javdb_scraper.py:196] - 🔎 [461/608] 抓取详情: REBD-423 (https://javdb.com/v/rPJbr)
[2026-08-11 23:12:15] [INFO] [server.py:588] - [全量订阅演员一条龙 [全量翻页 | 抓取元数据入库]] 🔎 [461/608] 抓取详情: REBD-423 (https://javdb.com/v/rPJbr)
[2026-08-11 23:12:17] [INFO] [javdb_scraper.py:196] - 🔍 [DB] 番号 [REBD-423] 详情已存库 (网页暂无可用磁力，已开启 30 天新片追查模式)
[2026-08-11 23:12:17] [INFO] [server.py:588] - [全量订阅演员一条龙 [全量翻页 | 抓取元数据入库]] 🔍 [DB] 番号 [REBD-423] 详情已存库 (网页暂无可用磁力，已开启 30 天新片追查模式)
[2026-08-11 23:12:17] [INFO] [javdb_scraper.py:196] - 🔎 [462/608] 抓取详情: REBD-497 (https://javdb.com/v/dPzBB)
[2026-08-11 23:12:17] [INFO] [server.py:588] - [全量订阅演员一条龙 [全量翻页 | 抓取元数据入库]] 🔎 [462/608] 抓取详情: REBD-497 (https://javdb.com/v/dPzBB)
[2026-08-11 23:12:19] [INFO] [javdb_scraper.py:196] - 🔍 [DB] 番号 [REBD-497] 详情已存库 (网页暂无可用磁力，已开启 30 天新片追查模式)
[2026-08-11 23:12:19] [INFO] [server.py:588] - [全量订阅演员一条龙 [全量翻页 | 抓取元数据入库]] 🔍 [DB] 番号 [REBD-497] 详情已存库 (网页暂无可用磁力，已开启 30 天新片追查模式)
[2026-08-11 23:12:19] [INFO] [javdb_scraper.py:196] - 🔎 [463/608] 抓取详情: REBD-536 (https://javdb.com/v/4npzb)
[2026-08-11 23:12:19] [INFO] [server.py:588] - [全量订阅演员一条龙 [全量翻页 | 抓取元数据入库]] 🔎 [463/608] 抓取详情: REBD-536 (https://javdb.com/v/4npzb)
[2026-08-11 23:12:22] [INFO] [javdb_scraper.py:196] - 🔍 [DB] 番号 [REBD-536] 详情已存库 (网页暂无可用磁力，已开启 30 天新片追查模式)
[2026-08-11 23:12:22] [INFO] [server.py:588] - [全量订阅演员一条龙 [全量翻页 | 抓取元数据入库]] 🔍 [DB] 番号 [REBD-536] 详情已存库 (网页暂无可用磁力，已开启 30 天新片追查模式)
[2026-08-11 23:12:22] [INFO] [javdb_scraper.py:196] - 🔎 [464/608] 抓取详情: REBD-619 (https://javdb.com/v/MDEnA)
[2026-08-11 23:12:22] [INFO] [server.py:588] - [全量订阅演员一条龙 [全量翻页 | 抓取元数据入库]] 🔎 [464/608] 抓取详情: REBD-619 (https://javdb.com/v/MDEnA)
[2026-08-11 23:12:25] [INFO] [javdb_scraper.py:196] - 🔍 [DB] 番号 [REBD-619] 详情已存库 (网页暂无可用磁力，已开启 30 天新片追查模式)
[2026-08-11 23:12:25] [INFO] [server.py:588] - [全量订阅演员一条龙 [全量翻页 | 抓取元数据入库]] 🔍 [DB] 番号 [REBD-619] 详情已存库 (网页暂无可用磁力，已开启 30 天新片追查模式)
[2026-08-11 23:12:25] [INFO] [javdb_scraper.py:196] - 🔎 [465/608] 抓取详情: REBD-725 (https://javdb.com/v/76drdd)
[2026-08-11 23:12:25] [INFO] [server.py:588] - [全量订阅演员一条龙 [全量翻页 | 抓取元数据入库]] 🔎 [465/608] 抓取详情: REBD-725 (https://javdb.com/v/76drdd)
[2026-08-11 23:12:28] [INFO] [javdb_scraper.py:196] - 🔍 [DB] 番号 [REBD-725] 详情已存库 (网页暂无可用磁力，已开启 30 天新片追查模式)
[2026-08-11 23:12:28] [INFO] [server.py:588] - [全量订阅演员一条龙 [全量翻页 | 抓取元数据入库]] 🔍 [DB] 番号 [REBD-725] 详情已存库 (网页暂无可用磁力，已开启 30 天新片追查模式)
[2026-08-11 23:12:28] [INFO] [javdb_scraper.py:196] - 🔎 [466/608] 抓取详情: REBD-756 (https://javdb.com/v/eKw2RR)
[2026-08-11 23:12:28] [INFO] [server.py:588] - [全量订阅演员一条龙 [全量翻页 | 抓取元数据入库]] 🔎 [466/608] 抓取详情: REBD-756 (https://javdb.com/v/eKw2RR)
[2026-08-11 23:12:32] [INFO] [javdb_scraper.py:196] - 🔍 [DB] 番号 [REBD-756] 详情已存库 (网页暂无可用磁力，已开启 30 天新片追查模式)
[2026-08-11 23:12:32] [INFO] [server.py:588] - [全量订阅演员一条龙 [全量翻页 | 抓取元数据入库]] 🔍 [DB] 番号 [REBD-756] 详情已存库 (网页暂无可用磁力，已开启 30 天新片追查模式)
[2026-08-11 23:12:32] [INFO] [javdb_scraper.py:196] - 🔎 [467/608] 抓取详情: REBD-814 (https://javdb.com/v/g0G6Ky)
[2026-08-11 23:12:32] [INFO] [server.py:588] - [全量订阅演员一条龙 [全量翻页 | 抓取元数据入库]] 🔎 [467/608] 抓取详情: REBD-814 (https://javdb.com/v/g0G6Ky)
[2026-08-11 23:12:35] [INFO] [javdb_scraper.py:196] - 🔍 [DB] 番号 [REBD-814] 详情已存库 (网页暂无可用磁力，已开启 30 天新片追查模式)
[2026-08-11 23:12:35] [INFO] [server.py:588] - [全量订阅演员一条龙 [全量翻页 | 抓取元数据入库]] 🔍 [DB] 番号 [REBD-814] 详情已存库 (网页暂无可用磁力，已开启 30 天新片追查模式)
[2026-08-11 23:12:35] [INFO] [javdb_scraper.py:196] - 🔎 [468/608] 抓取详情: REBD-929 (https://javdb.com/v/6dewma)
[2026-08-11 23:12:35] [INFO] [server.py:588] - [全量订阅演员一条龙 [全量翻页 | 抓取元数据入库]] 🔎 [468/608] 抓取详情: REBD-929 (https://javdb.com/v/6dewma)
[2026-08-11 23:12:37] [INFO] [javdb_scraper.py:196] - 🔍 [DB] 番号 [REBD-929] 详情已存库 (网页暂无可用磁力，已开启 30 天新片追查模式)
[2026-08-11 23:12:37] [INFO] [server.py:588] - [全量订阅演员一条龙 [全量翻页 | 抓取元数据入库]] 🔍 [DB] 番号 [REBD-929] 详情已存库 (网页暂无可用磁力，已开启 30 天新片追查模式)
[2026-08-11 23:12:37] [INFO] [javdb_scraper.py:196] - 🔎 [469/608] 抓取详情: REBDB-1004 (https://javdb.com/v/6dW0gE)
[2026-08-11 23:12:37] [INFO] [server.py:588] - [全量订阅演员一条龙 [全量翻页 | 抓取元数据入库]] 🔎 [469/608] 抓取详情: REBDB-1004 (https://javdb.com/v/6dW0gE)
[2026-08-11 23:12:40] [INFO] [javdb_scraper.py:196] - 🔍 [DB] 番号 [REBDB-1004] 详情已存库 (网页暂无可用磁力，已开启 30 天新片追查模式)
[2026-08-11 23:12:40] [INFO] [server.py:588] - [全量订阅演员一条龙 [全量翻页 | 抓取元数据入库]] 🔍 [DB] 番号 [REBDB-1004] 详情已存库 (网页暂无可用磁力，已开启 30 天新片追查模式)
[2026-08-11 23:12:40] [INFO] [javdb_scraper.py:196] - 🔎 [470/608] 抓取详情: REBDB-270 (https://javdb.com/v/5EOvM)
[2026-08-11 23:12:40] [INFO] [server.py:588] - [全量订阅演员一条龙 [全量翻页 | 抓取元数据入库]] 🔎 [470/608] 抓取详情: REBDB-270 (https://javdb.com/v/5EOvM)
[2026-08-11 23:12:42] [INFO] [javdb_scraper.py:196] - 🔍 [DB] 番号 [REBDB-270] 详情已存库 (网页暂无可用磁力，已开启 30 天新片追查模式)
[2026-08-11 23:12:42] [INFO] [server.py:588] - [全量订阅演员一条龙 [全量翻页 | 抓取元数据入库]] 🔍 [DB] 番号 [REBDB-270] 详情已存库 (网页暂无可用磁力，已开启 30 天新片追查模式)
[2026-08-11 23:12:42] [INFO] [javdb_scraper.py:196] - 🔎 [471/608] 抓取详情: REBDB-483 (https://javdb.com/v/AJkey)
[2026-08-11 23:12:42] [INFO] [server.py:588] - [全量订阅演员一条龙 [全量翻页 | 抓取元数据入库]] 🔎 [471/608] 抓取详情: REBDB-483 (https://javdb.com/v/AJkey)
[2026-08-11 23:12:44] [INFO] [javdb_scraper.py:196] - 🔍 [DB] 番号 [REBDB-483] 详情已存库 (网页暂无可用磁力，已开启 30 天新片追查模式)
[2026-08-11 23:12:44] [INFO] [server.py:588] - [全量订阅演员一条龙 [全量翻页 | 抓取元数据入库]] 🔍 [DB] 番号 [REBDB-483] 详情已存库 (网页暂无可用磁力，已开启 30 天新片追查模式)
[2026-08-11 23:12:44] [INFO] [javdb_scraper.py:196] - 🔎 [472/608] 抓取详情: REBDB-522 (https://javdb.com/v/6w00Z)
[2026-08-11 23:12:44] [INFO] [server.py:588] - [全量订阅演员一条龙 [全量翻页 | 抓取元数据入库]] 🔎 [472/608] 抓取详情: REBDB-522 (https://javdb.com/v/6w00Z)
[2026-08-11 23:12:47] [INFO] [javdb_scraper.py:196] - 🔍 [DB] 番号 [REBDB-522] 详情已存库 (网页暂无可用磁力，已开启 30 天新片追查模式)
[2026-08-11 23:12:47] [INFO] [server.py:588] - [全量订阅演员一条龙 [全量翻页 | 抓取元数据入库]] 🔍 [DB] 番号 [REBDB-522] 详情已存库 (网页暂无可用磁力，已开启 30 天新片追查模式)
[2026-08-11 23:12:47] [INFO] [javdb_scraper.py:196] - 🔎 [473/608] 抓取详情: REBDB-605 (https://javdb.com/v/v1w3z)
[2026-08-11 23:12:47] [INFO] [server.py:588] - [全量订阅演员一条龙 [全量翻页 | 抓取元数据入库]] 🔎 [473/608] 抓取详情: REBDB-605 (https://javdb.com/v/v1w3z)
[2026-08-11 23:12:51] [INFO] [javdb_scraper.py:196] - 🔍 [DB] 番号 [REBDB-605] 详情已存库 (网页暂无可用磁力，已开启 30 天新片追查模式)
[2026-08-11 23:12:51] [INFO] [server.py:588] - [全量订阅演员一条龙 [全量翻页 | 抓取元数据入库]] 🔍 [DB] 番号 [REBDB-605] 详情已存库 (网页暂无可用磁力，已开启 30 天新片追查模式)
[2026-08-11 23:12:51] [INFO] [javdb_scraper.py:196] - 🔎 [474/608] 抓取详情: REBDB-711 (https://javdb.com/v/zKAOAb)
[2026-08-11 23:12:51] [INFO] [server.py:588] - [全量订阅演员一条龙 [全量翻页 | 抓取元数据入库]] 🔎 [474/608] 抓取详情: REBDB-711 (https://javdb.com/v/zKAOAb)
[2026-08-11 23:12:53] [INFO] [javdb_scraper.py:196] - 🔍 [DB] 番号 [REBDB-711] 详情已存库 (网页暂无可用磁力，已开启 30 天新片追查模式)
[2026-08-11 23:12:53] [INFO] [server.py:588] - [全量订阅演员一条龙 [全量翻页 | 抓取元数据入库]] 🔍 [DB] 番号 [REBDB-711] 详情已存库 (网页暂无可用磁力，已开启 30 天新片追查模式)
[2026-08-11 23:12:53] [INFO] [javdb_scraper.py:196] - 🔎 [475/608] 抓取详情: REBDB-742 (https://javdb.com/v/O2eVzO)
[2026-08-11 23:12:53] [INFO] [server.py:588] - [全量订阅演员一条龙 [全量翻页 | 抓取元数据入库]] 🔎 [475/608] 抓取详情: REBDB-742 (https://javdb.com/v/O2eVzO)
[2026-08-11 23:12:56] [INFO] [javdb_scraper.py:196] - 🔍 [DB] 番号 [REBDB-742] 详情已存库 (网页暂无可用磁力，已开启 30 天新片追查模式)
[2026-08-11 23:12:56] [INFO] [server.py:588] - [全量订阅演员一条龙 [全量翻页 | 抓取元数据入库]] 🔍 [DB] 番号 [REBDB-742] 详情已存库 (网页暂无可用磁力，已开启 30 天新片追查模式)
[2026-08-11 23:12:56] [INFO] [javdb_scraper.py:196] - 🔎 [476/608] 抓取详情: REBDB-799 (https://javdb.com/v/d486x8)
[2026-08-11 23:12:56] [INFO] [server.py:588] - [全量订阅演员一条龙 [全量翻页 | 抓取元数据入库]] 🔎 [476/608] 抓取详情: REBDB-799 (https://javdb.com/v/d486x8)
[2026-08-11 23:12:59] [INFO] [javdb_scraper.py:196] - 🔍 [DB] 番号 [REBDB-799] 详情已存库 (网页暂无可用磁力，已开启 30 天新片追查模式)
[2026-08-11 23:12:59] [INFO] [server.py:588] - [全量订阅演员一条龙 [全量翻页 | 抓取元数据入库]] 🔍 [DB] 番号 [REBDB-799] 详情已存库 (网页暂无可用磁力，已开启 30 天新片追查模式)
[2026-08-11 23:12:59] [INFO] [javdb_scraper.py:196] - 🔎 [477/608] 抓取详情: REBDB-914 (https://javdb.com/v/e84W0R)
[2026-08-11 23:12:59] [INFO] [server.py:588] - [全量订阅演员一条龙 [全量翻页 | 抓取元数据入库]] 🔎 [477/608] 抓取详情: REBDB-914 (https://javdb.com/v/e84W0R)
[2026-08-11 23:13:03] [INFO] [javdb_scraper.py:196] - 🔍 [DB] 番号 [REBDB-914] 详情已存库 (网页暂无可用磁力，已开启 30 天新片追查模式)
[2026-08-11 23:13:03] [INFO] [server.py:588] - [全量订阅演员一条龙 [全量翻页 | 抓取元数据入库]] 🔍 [DB] 番号 [REBDB-914] 详情已存库 (网页暂无可用磁力，已开启 30 天新片追查模式)
[2026-08-11 23:13:03] [INFO] [javdb_scraper.py:196] - 🔎 [478/608] 抓取详情: REBDB-998 (https://javdb.com/v/XeVp0e)
[2026-08-11 23:13:03] [INFO] [server.py:588] - [全量订阅演员一条龙 [全量翻页 | 抓取元数据入库]] 🔎 [478/608] 抓取详情: REBDB-998 (https://javdb.com/v/XeVp0e)
[2026-08-11 23:13:05] [INFO] [javdb_scraper.py:196] - 🔍 [DB] 番号 [REBDB-998] 详情已存库 (网页暂无可用磁力，已开启 30 天新片追查模式)
[2026-08-11 23:13:05] [INFO] [server.py:588] - [全量订阅演员一条龙 [全量翻页 | 抓取元数据入库]] 🔍 [DB] 番号 [REBDB-998] 详情已存库 (网页暂无可用磁力，已开启 30 天新片追查模式)
[2026-08-11 23:13:05] [INFO] [javdb_scraper.py:196] - 🔎 [479/608] 抓取详情: SAME-008 (https://javdb.com/v/6XQaM)
[2026-08-11 23:13:05] [INFO] [server.py:588] - [全量订阅演员一条龙 [全量翻页 | 抓取元数据入库]] 🔎 [479/608] 抓取详情: SAME-008 (https://javdb.com/v/6XQaM)
[2026-08-11 23:13:09] [INFO] [javdb_scraper.py:196] - 🔍 [DB] 番号 [SAME-008] 详情已存库 (网页暂无可用磁力，已开启 30 天新片追查模式)
[2026-08-11 23:13:09] [INFO] [server.py:588] - [全量订阅演员一条龙 [全量翻页 | 抓取元数据入库]] 🔍 [DB] 番号 [SAME-008] 详情已存库 (网页暂无可用磁力，已开启 30 天新片追查模式)
[2026-08-11 23:13:09] [INFO] [javdb_scraper.py:196] - 🔎 [480/608] 抓取详情: SAME-016 (https://javdb.com/v/ZXy338)
[2026-08-11 23:13:09] [INFO] [server.py:588] - [全量订阅演员一条龙 [全量翻页 | 抓取元数据入库]] 🔎 [480/608] 抓取详情: SAME-016 (https://javdb.com/v/ZXy338)
[2026-08-11 23:13:11] [INFO] [javdb_scraper.py:196] - 🔍 [DB] 番号 [SAME-016] 详情已存库 (网页暂无可用磁力，已开启 30 天新片追查模式)
[2026-08-11 23:13:11] [INFO] [server.py:588] - [全量订阅演员一条龙 [全量翻页 | 抓取元数据入库]] 🔍 [DB] 番号 [SAME-016] 详情已存库 (网页暂无可用磁力，已开启 30 天新片追查模式)
[2026-08-11 23:13:11] [INFO] [javdb_scraper.py:196] - 🔎 [481/608] 抓取详情: SAME-020 (https://javdb.com/v/neMNrw)
[2026-08-11 23:13:11] [INFO] [server.py:588] - [全量订阅演员一条龙 [全量翻页 | 抓取元数据入库]] 🔎 [481/608] 抓取详情: SAME-020 (https://javdb.com/v/neMNrw)
[2026-08-11 23:13:13] [INFO] [javdb_scraper.py:196] - 🔍 [DB] 番号 [SAME-020] 详情已存库 (网页暂无可用磁力，已开启 30 天新片追查模式)
[2026-08-11 23:13:13] [INFO] [server.py:588] - [全量订阅演员一条龙 [全量翻页 | 抓取元数据入库]] 🔍 [DB] 番号 [SAME-020] 详情已存库 (网页暂无可用磁力，已开启 30 天新片追查模式)
[2026-08-11 23:13:13] [INFO] [javdb_scraper.py:196] - 🔎 [482/608] 抓取详情: SHKD-821 (https://javdb.com/v/kOBaY)
[2026-08-11 23:13:13] [INFO] [server.py:588] - [全量订阅演员一条龙 [全量翻页 | 抓取元数据入库]] 🔎 [482/608] 抓取详情: SHKD-821 (https://javdb.com/v/kOBaY)
[2026-08-11 23:13:16] [INFO] [javdb_scraper.py:196] - 🔍 [DB] 番号 [SHKD-821] 详情已存库 (网页暂无可用磁力，已开启 30 天新片追查模式)
[2026-08-11 23:13:16] [INFO] [server.py:588] - [全量订阅演员一条龙 [全量翻页 | 抓取元数据入库]] 🔍 [DB] 番号 [SHKD-821] 详情已存库 (网页暂无可用磁力，已开启 30 天新片追查模式)
[2026-08-11 23:13:16] [INFO] [javdb_scraper.py:196] - 🔎 [483/608] 抓取详情: SHKD-836 (https://javdb.com/v/ZyJK7)
[2026-08-11 23:13:16] [INFO] [server.py:588] - [全量订阅演员一条龙 [全量翻页 | 抓取元数据入库]] 🔎 [483/608] 抓取详情: SHKD-836 (https://javdb.com/v/ZyJK7)
[2026-08-11 23:13:20] [INFO] [javdb_scraper.py:196] - 🔍 [DB] 番号 [SHKD-836] 详情已存库 (网页暂无可用磁力，已开启 30 天新片追查模式)
[2026-08-11 23:13:20] [INFO] [server.py:588] - [全量订阅演员一条龙 [全量翻页 | 抓取元数据入库]] 🔍 [DB] 番号 [SHKD-836] 详情已存库 (网页暂无可用磁力，已开启 30 天新片追查模式)
[2026-08-11 23:13:20] [INFO] [javdb_scraper.py:196] - 🔎 [484/608] 抓取详情: SHKD-856 (https://javdb.com/v/9dqv8)
[2026-08-11 23:13:20] [INFO] [server.py:588] - [全量订阅演员一条龙 [全量翻页 | 抓取元数据入库]] 🔎 [484/608] 抓取详情: SHKD-856 (https://javdb.com/v/9dqv8)
[2026-08-11 23:13:23] [INFO] [javdb_scraper.py:196] - 🔍 [DB] 番号 [SHKD-856] 详情已存库 (网页暂无可用磁力，已开启 30 天新片追查模式)
[2026-08-11 23:13:23] [INFO] [server.py:588] - [全量订阅演员一条龙 [全量翻页 | 抓取元数据入库]] 🔍 [DB] 番号 [SHKD-856] 详情已存库 (网页暂无可用磁力，已开启 30 天新片追查模式)
[2026-08-11 23:13:23] [INFO] [javdb_scraper.py:196] - 🔎 [485/608] 抓取详情: SHKD-857 (https://javdb.com/v/qQZGP)
[2026-08-11 23:13:23] [INFO] [server.py:588] - [全量订阅演员一条龙 [全量翻页 | 抓取元数据入库]] 🔎 [485/608] 抓取详情: SHKD-857 (https://javdb.com/v/qQZGP)
[2026-08-11 23:13:25] [INFO] [javdb_scraper.py:196] - 🔍 [DB] 番号 [SHKD-857] 详情已存库 (网页暂无可用磁力，已开启 30 天新片追查模式)
[2026-08-11 23:13:25] [INFO] [server.py:588] - [全量订阅演员一条龙 [全量翻页 | 抓取元数据入库]] 🔍 [DB] 番号 [SHKD-857] 详情已存库 (网页暂无可用磁力，已开启 30 天新片追查模式)
[2026-08-11 23:13:25] [INFO] [javdb_scraper.py:196] - 🔎 [486/608] 抓取详情: SHKD-869 (https://javdb.com/v/78RrB)
[2026-08-11 23:13:25] [INFO] [server.py:588] - [全量订阅演员一条龙 [全量翻页 | 抓取元数据入库]] 🔎 [486/608] 抓取详情: SHKD-869 (https://javdb.com/v/78RrB)
[2026-08-11 23:13:29] [INFO] [javdb_scraper.py:196] - 🔍 [DB] 番号 [SHKD-869] 详情已存库 (网页暂无可用磁力，已开启 30 天新片追查模式)
[2026-08-11 23:13:29] [INFO] [server.py:588] - [全量订阅演员一条龙 [全量翻页 | 抓取元数据入库]] 🔍 [DB] 番号 [SHKD-869] 详情已存库 (网页暂无可用磁力，已开启 30 天新片追查模式)
[2026-08-11 23:13:29] [INFO] [javdb_scraper.py:196] - 🔎 [487/608] 抓取详情: SHKD-883 (https://javdb.com/v/3r6b9)
[2026-08-11 23:13:29] [INFO] [server.py:588] - [全量订阅演员一条龙 [全量翻页 | 抓取元数据入库]] 🔎 [487/608] 抓取详情: SHKD-883 (https://javdb.com/v/3r6b9)
[2026-08-11 23:13:31] [INFO] [javdb_scraper.py:196] - 🔍 [DB] 番号 [SHKD-883] 详情已存库 (网页暂无可用磁力，已开启 30 天新片追查模式)
[2026-08-11 23:13:31] [INFO] [server.py:588] - [全量订阅演员一条龙 [全量翻页 | 抓取元数据入库]] 🔍 [DB] 番号 [SHKD-883] 详情已存库 (网页暂无可用磁力，已开启 30 天新片追查模式)
[2026-08-11 23:13:31] [INFO] [javdb_scraper.py:196] - 🔎 [488/608] 抓取详情: SHKD-924 (https://javdb.com/v/KN146)
[2026-08-11 23:13:31] [INFO] [server.py:588] - [全量订阅演员一条龙 [全量翻页 | 抓取元数据入库]] 🔎 [488/608] 抓取详情: SHKD-924 (https://javdb.com/v/KN146)
[2026-08-11 23:13:34] [INFO] [javdb_scraper.py:196] - 🔍 [DB] 番号 [SHKD-924] 详情已存库 (网页暂无可用磁力，已开启 30 天新片追查模式)
[2026-08-11 23:13:34] [INFO] [server.py:588] - [全量订阅演员一条龙 [全量翻页 | 抓取元数据入库]] 🔍 [DB] 番号 [SHKD-924] 详情已存库 (网页暂无可用磁力，已开启 30 天新片追查模式)
[2026-08-11 23:13:34] [INFO] [javdb_scraper.py:196] - 🔎 [489/608] 抓取详情: SHKD-950 (https://javdb.com/v/7ny1B)
[2026-08-11 23:13:34] [INFO] [server.py:588] - [全量订阅演员一条龙 [全量翻页 | 抓取元数据入库]] 🔎 [489/608] 抓取详情: SHKD-950 (https://javdb.com/v/7ny1B)
[2026-08-11 23:13:37] [INFO] [javdb_scraper.py:196] - 🔍 [DB] 番号 [SHKD-950] 详情已存库 (网页暂无可用磁力，已开启 30 天新片追查模式)
[2026-08-11 23:13:37] [INFO] [server.py:588] - [全量订阅演员一条龙 [全量翻页 | 抓取元数据入库]] 🔍 [DB] 番号 [SHKD-950] 详情已存库 (网页暂无可用磁力，已开启 30 天新片追查模式)
[2026-08-11 23:13:37] [INFO] [javdb_scraper.py:196] - 🔎 [490/608] 抓取详情: SHKD-976 (https://javdb.com/v/GeQQQ)
[2026-08-11 23:13:37] [INFO] [server.py:588] - [全量订阅演员一条龙 [全量翻页 | 抓取元数据入库]] 🔎 [490/608] 抓取详情: SHKD-976 (https://javdb.com/v/GeQQQ)
[2026-08-11 23:13:40] [INFO] [javdb_scraper.py:196] - 🔍 [DB] 番号 [SHKD-976] 详情已存库 (网页暂无可用磁力，已开启 30 天新片追查模式)
[2026-08-11 23:13:40] [INFO] [server.py:588] - [全量订阅演员一条龙 [全量翻页 | 抓取元数据入库]] 🔍 [DB] 番号 [SHKD-976] 详情已存库 (网页暂无可用磁力，已开启 30 天新片追查模式)
[2026-08-11 23:13:40] [INFO] [javdb_scraper.py:196] - 🔎 [491/608] 抓取详情: SIVR-171 (https://javdb.com/v/kNXY4)
[2026-08-11 23:13:40] [INFO] [server.py:588] - [全量订阅演员一条龙 [全量翻页 | 抓取元数据入库]] 🔎 [491/608] 抓取详情: SIVR-171 (https://javdb.com/v/kNXY4)
[2026-08-11 23:13:44] [INFO] [javdb_scraper.py:196] - 🔍 [DB] 番号 [SIVR-171] 详情已存库 (网页暂无可用磁力，已开启 30 天新片追查模式)
[2026-08-11 23:13:44] [INFO] [server.py:588] - [全量订阅演员一条龙 [全量翻页 | 抓取元数据入库]] 🔍 [DB] 番号 [SIVR-171] 详情已存库 (网页暂无可用磁力，已开启 30 天新片追查模式)
[2026-08-11 23:13:44] [INFO] [javdb_scraper.py:196] - 🔎 [492/608] 抓取详情: SIVR-191 (https://javdb.com/v/V37AQ)
[2026-08-11 23:13:44] [INFO] [server.py:588] - [全量订阅演员一条龙 [全量翻页 | 抓取元数据入库]] 🔎 [492/608] 抓取详情: SIVR-191 (https://javdb.com/v/V37AQ)
[2026-08-11 23:13:46] [INFO] [javdb_scraper.py:196] - 🔍 [DB] 番号 [SIVR-191] 详情已存库 (网页暂无可用磁力，已开启 30 天新片追查模式)
[2026-08-11 23:13:46] [INFO] [server.py:588] - [全量订阅演员一条龙 [全量翻页 | 抓取元数据入库]] 🔍 [DB] 番号 [SIVR-191] 详情已存库 (网页暂无可用磁力，已开启 30 天新片追查模式)
[2026-08-11 23:13:46] [INFO] [javdb_scraper.py:196] - 🔎 [493/608] 抓取详情: SIVR-204 (https://javdb.com/v/QGmmp)
[2026-08-11 23:13:46] [INFO] [server.py:588] - [全量订阅演员一条龙 [全量翻页 | 抓取元数据入库]] 🔎 [493/608] 抓取详情: SIVR-204 (https://javdb.com/v/QGmmp)
[2026-08-11 23:13:49] [INFO] [javdb_scraper.py:196] - 🔍 [DB] 番号 [SIVR-204] 详情已存库 (网页暂无可用磁力，已开启 30 天新片追查模式)
[2026-08-11 23:13:49] [INFO] [server.py:588] - [全量订阅演员一条龙 [全量翻页 | 抓取元数据入库]] 🔍 [DB] 番号 [SIVR-204] 详情已存库 (网页暂无可用磁力，已开启 30 天新片追查模式)
[2026-08-11 23:13:49] [INFO] [javdb_scraper.py:196] - 🔎 [494/608] 抓取详情: SIVR-212 (https://javdb.com/v/OndQz)
[2026-08-11 23:13:49] [INFO] [server.py:588] - [全量订阅演员一条龙 [全量翻页 | 抓取元数据入库]] 🔎 [494/608] 抓取详情: SIVR-212 (https://javdb.com/v/OndQz)
[2026-08-11 23:13:51] [INFO] [javdb_scraper.py:196] - 🔍 [DB] 番号 [SIVR-212] 详情已存库 (网页暂无可用磁力，已开启 30 天新片追查模式)
[2026-08-11 23:13:51] [INFO] [server.py:588] - [全量订阅演员一条龙 [全量翻页 | 抓取元数据入库]] 🔍 [DB] 番号 [SIVR-212] 详情已存库 (网页暂无可用磁力，已开启 30 天新片追查模式)
[2026-08-11 23:13:51] [INFO] [javdb_scraper.py:196] - 🔎 [495/608] 抓取详情: SIVR-223 (https://javdb.com/v/ak8n3q)
[2026-08-11 23:13:51] [INFO] [server.py:588] - [全量订阅演员一条龙 [全量翻页 | 抓取元数据入库]] 🔎 [495/608] 抓取详情: SIVR-223 (https://javdb.com/v/ak8n3q)
[2026-08-11 23:13:54] [INFO] [javdb_scraper.py:196] - 🔍 [DB] 番号 [SIVR-223] 详情已存库 (网页暂无可用磁力，已开启 30 天新片追查模式)
[2026-08-11 23:13:54] [INFO] [server.py:588] - [全量订阅演员一条龙 [全量翻页 | 抓取元数据入库]] 🔍 [DB] 番号 [SIVR-223] 详情已存库 (网页暂无可用磁力，已开启 30 天新片追查模式)
[2026-08-11 23:13:54] [INFO] [javdb_scraper.py:196] - 🔎 [496/608] 抓取详情: SIVR-226 (https://javdb.com/v/B8Kk49)
[2026-08-11 23:13:54] [INFO] [server.py:588] - [全量订阅演员一条龙 [全量翻页 | 抓取元数据入库]] 🔎 [496/608] 抓取详情: SIVR-226 (https://javdb.com/v/B8Kk49)
[2026-08-11 23:13:57] [INFO] [javdb_scraper.py:196] - 🔍 [DB] 番号 [SIVR-226] 详情已存库 (网页暂无可用磁力，已开启 30 天新片追查模式)
[2026-08-11 23:13:57] [INFO] [server.py:588] - [全量订阅演员一条龙 [全量翻页 | 抓取元数据入库]] 🔍 [DB] 番号 [SIVR-226] 详情已存库 (网页暂无可用磁力，已开启 30 天新片追查模式)
[2026-08-11 23:13:57] [INFO] [javdb_scraper.py:196] - 🔎 [497/608] 抓取详情: SIVR-231 (https://javdb.com/v/p3Onew)
[2026-08-11 23:13:57] [INFO] [server.py:588] - [全量订阅演员一条龙 [全量翻页 | 抓取元数据入库]] 🔎 [497/608] 抓取详情: SIVR-231 (https://javdb.com/v/p3Onew)
[2026-08-11 23:14:00] [INFO] [javdb_scraper.py:196] - 🔍 [DB] 番号 [SIVR-231] 详情已存库 (网页暂无可用磁力，已开启 30 天新片追查模式)
[2026-08-11 23:14:00] [INFO] [server.py:588] - [全量订阅演员一条龙 [全量翻页 | 抓取元数据入库]] 🔍 [DB] 番号 [SIVR-231] 详情已存库 (网页暂无可用磁力，已开启 30 天新片追查模式)
[2026-08-11 23:14:00] [INFO] [javdb_scraper.py:196] - 🔎 [498/608] 抓取详情: SIVR-233 (https://javdb.com/v/p3qGJB)
[2026-08-11 23:14:00] [INFO] [server.py:588] - [全量订阅演员一条龙 [全量翻页 | 抓取元数据入库]] 🔎 [498/608] 抓取详情: SIVR-233 (https://javdb.com/v/p3qGJB)
[2026-08-11 23:14:03] [INFO] [javdb_scraper.py:196] - 🔍 [DB] 番号 [SIVR-233] 详情已存库 (网页暂无可用磁力，已开启 30 天新片追查模式)
[2026-08-11 23:14:03] [INFO] [server.py:588] - [全量订阅演员一条龙 [全量翻页 | 抓取元数据入库]] 🔍 [DB] 番号 [SIVR-233] 详情已存库 (网页暂无可用磁力，已开启 30 天新片追查模式)
[2026-08-11 23:14:03] [INFO] [javdb_scraper.py:196] - 🔎 [499/608] 抓取详情: SIVR-247 (https://javdb.com/v/8VaNX5)
[2026-08-11 23:14:03] [INFO] [server.py:588] - [全量订阅演员一条龙 [全量翻页 | 抓取元数据入库]] 🔎 [499/608] 抓取详情: SIVR-247 (https://javdb.com/v/8VaNX5)
[2026-08-11 23:14:05] [INFO] [javdb_scraper.py:196] - 🔍 [DB] 番号 [SIVR-247] 详情已存库 (网页暂无可用磁力，已开启 30 天新片追查模式)
[2026-08-11 23:14:05] [INFO] [server.py:588] - [全量订阅演员一条龙 [全量翻页 | 抓取元数据入库]] 🔍 [DB] 番号 [SIVR-247] 详情已存库 (网页暂无可用磁力，已开启 30 天新片追查模式)
[2026-08-11 23:14:05] [INFO] [javdb_scraper.py:196] - 🔎 [500/608] 抓取详情: SIVR-251 (https://javdb.com/v/PQwdka)
[2026-08-11 23:14:05] [INFO] [server.py:588] - [全量订阅演员一条龙 [全量翻页 | 抓取元数据入库]] 🔎 [500/608] 抓取详情: SIVR-251 (https://javdb.com/v/PQwdka)
[2026-08-11 23:14:08] [INFO] [javdb_scraper.py:196] - 🔍 [DB] 番号 [SIVR-251] 详情已存库 (网页暂无可用磁力，已开启 30 天新片追查模式)
[2026-08-11 23:14:08] [INFO] [server.py:588] - [全量订阅演员一条龙 [全量翻页 | 抓取元数据入库]] 🔍 [DB] 番号 [SIVR-251] 详情已存库 (网页暂无可用磁力，已开启 30 天新片追查模式)
[2026-08-11 23:14:08] [INFO] [javdb_scraper.py:196] - 🔎 [501/608] 抓取详情: SIVR-254 (https://javdb.com/v/XWOQ61)
[2026-08-11 23:14:08] [INFO] [server.py:588] - [全量订阅演员一条龙 [全量翻页 | 抓取元数据入库]] 🔎 [501/608] 抓取详情: SIVR-254 (https://javdb.com/v/XWOQ61)
[2026-08-11 23:14:11] [INFO] [javdb_scraper.py:196] - 🔍 [DB] 番号 [SIVR-254] 详情已存库 (网页暂无可用磁力，已开启 30 天新片追查模式)
[2026-08-11 23:14:11] [INFO] [server.py:588] - [全量订阅演员一条龙 [全量翻页 | 抓取元数据入库]] 🔍 [DB] 番号 [SIVR-254] 详情已存库 (网页暂无可用磁力，已开启 30 天新片追查模式)
[2026-08-11 23:14:11] [INFO] [javdb_scraper.py:196] - 🔎 [502/608] 抓取详情: SIVR-270 (https://javdb.com/v/2ay9nm)
[2026-08-11 23:14:11] [INFO] [server.py:588] - [全量订阅演员一条龙 [全量翻页 | 抓取元数据入库]] 🔎 [502/608] 抓取详情: SIVR-270 (https://javdb.com/v/2ay9nm)
[2026-08-11 23:14:13] [INFO] [javdb_scraper.py:196] - 🔍 [DB] 番号 [SIVR-270] 详情已存库 (网页暂无可用磁力，已开启 30 天新片追查模式)
[2026-08-11 23:14:13] [INFO] [server.py:588] - [全量订阅演员一条龙 [全量翻页 | 抓取元数据入库]] 🔍 [DB] 番号 [SIVR-270] 详情已存库 (网页暂无可用磁力，已开启 30 天新片追查模式)
[2026-08-11 23:14:13] [INFO] [javdb_scraper.py:196] - 🔎 [503/608] 抓取详情: SIVR-277 (https://javdb.com/v/8V8G8W)
[2026-08-11 23:14:13] [INFO] [server.py:588] - [全量订阅演员一条龙 [全量翻页 | 抓取元数据入库]] 🔎 [503/608] 抓取详情: SIVR-277 (https://javdb.com/v/8V8G8W)
[2026-08-11 23:14:15] [INFO] [javdb_scraper.py:196] - 🔍 [DB] 番号 [SIVR-277] 详情已存库 (网页暂无可用磁力，已开启 30 天新片追查模式)
[2026-08-11 23:14:15] [INFO] [server.py:588] - [全量订阅演员一条龙 [全量翻页 | 抓取元数据入库]] 🔍 [DB] 番号 [SIVR-277] 详情已存库 (网页暂无可用磁力，已开启 30 天新片追查模式)
[2026-08-11 23:14:15] [INFO] [javdb_scraper.py:196] - 🔎 [504/608] 抓取详情: SIVR-293 (https://javdb.com/v/K43w5v)
[2026-08-11 23:14:15] [INFO] [server.py:588] - [全量订阅演员一条龙 [全量翻页 | 抓取元数据入库]] 🔎 [504/608] 抓取详情: SIVR-293 (https://javdb.com/v/K43w5v)
[2026-08-11 23:14:17] [INFO] [javdb_scraper.py:196] - 🔍 [DB] 番号 [SIVR-293] 详情已存库 (网页暂无可用磁力，已开启 30 天新片追查模式)
[2026-08-11 23:14:17] [INFO] [server.py:588] - [全量订阅演员一条龙 [全量翻页 | 抓取元数据入库]] 🔍 [DB] 番号 [SIVR-293] 详情已存库 (网页暂无可用磁力，已开启 30 天新片追查模式)
[2026-08-11 23:14:17] [INFO] [javdb_scraper.py:196] - 🔎 [505/608] 抓取详情: SIVR-302 (https://javdb.com/v/Vw5ebW)
[2026-08-11 23:14:17] [INFO] [server.py:588] - [全量订阅演员一条龙 [全量翻页 | 抓取元数据入库]] 🔎 [505/608] 抓取详情: SIVR-302 (https://javdb.com/v/Vw5ebW)
[2026-08-11 23:14:20] [INFO] [javdb_scraper.py:196] - 🔍 [DB] 番号 [SIVR-302] 详情已存库 (网页暂无可用磁力，已开启 30 天新片追查模式)
[2026-08-11 23:14:20] [INFO] [server.py:588] - [全量订阅演员一条龙 [全量翻页 | 抓取元数据入库]] 🔍 [DB] 番号 [SIVR-302] 详情已存库 (网页暂无可用磁力，已开启 30 天新片追查模式)
[2026-08-11 23:14:20] [INFO] [javdb_scraper.py:196] - 🔎 [506/608] 抓取详情: SIVR-303 (https://javdb.com/v/Nwrbp3)
[2026-08-11 23:14:20] [INFO] [server.py:588] - [全量订阅演员一条龙 [全量翻页 | 抓取元数据入库]] 🔎 [506/608] 抓取详情: SIVR-303 (https://javdb.com/v/Nwrbp3)
[2026-08-11 23:14:24] [INFO] [javdb_scraper.py:196] - 🔍 [DB] 番号 [SIVR-303] 详情已存库 (网页暂无可用磁力，已开启 30 天新片追查模式)
[2026-08-11 23:14:24] [INFO] [server.py:588] - [全量订阅演员一条龙 [全量翻页 | 抓取元数据入库]] 🔍 [DB] 番号 [SIVR-303] 详情已存库 (网页暂无可用磁力，已开启 30 天新片追查模式)
[2026-08-11 23:14:24] [INFO] [javdb_scraper.py:196] - 🔎 [507/608] 抓取详情: SIVR-326 (https://javdb.com/v/wKnOXe)
[2026-08-11 23:14:24] [INFO] [server.py:588] - [全量订阅演员一条龙 [全量翻页 | 抓取元数据入库]] 🔎 [507/608] 抓取详情: SIVR-326 (https://javdb.com/v/wKnOXe)
[2026-08-11 23:14:26] [INFO] [javdb_scraper.py:196] - 🔍 [DB] 番号 [SIVR-326] 详情已存库 (网页暂无可用磁力，已开启 30 天新片追查模式)
[2026-08-11 23:14:26] [INFO] [server.py:588] - [全量订阅演员一条龙 [全量翻页 | 抓取元数据入库]] 🔍 [DB] 番号 [SIVR-326] 详情已存库 (网页暂无可用磁力，已开启 30 天新片追查模式)
[2026-08-11 23:14:26] [INFO] [javdb_scraper.py:196] - 🔎 [508/608] 抓取详情: SIVR-361 (https://javdb.com/v/7yyPJd)
[2026-08-11 23:14:26] [INFO] [server.py:588] - [全量订阅演员一条龙 [全量翻页 | 抓取元数据入库]] 🔎 [508/608] 抓取详情: SIVR-361 (https://javdb.com/v/7yyPJd)
[2026-08-11 23:14:29] [INFO] [javdb_scraper.py:196] - 🔍 [DB] 番号 [SIVR-361] 详情已存库 (网页暂无可用磁力，已开启 30 天新片追查模式)
[2026-08-11 23:14:29] [INFO] [server.py:588] - [全量订阅演员一条龙 [全量翻页 | 抓取元数据入库]] 🔍 [DB] 番号 [SIVR-361] 详情已存库 (网页暂无可用磁力，已开启 30 天新片追查模式)
[2026-08-11 23:14:29] [INFO] [javdb_scraper.py:196] - 🔎 [509/608] 抓取详情: SIVR-379 (https://javdb.com/v/Rkkwep)
[2026-08-11 23:14:29] [INFO] [server.py:588] - [全量订阅演员一条龙 [全量翻页 | 抓取元数据入库]] 🔎 [509/608] 抓取详情: SIVR-379 (https://javdb.com/v/Rkkwep)
[2026-08-11 23:14:32] [INFO] [javdb_scraper.py:196] - 🔍 [DB] 番号 [SIVR-379] 详情已存库 (网页暂无可用磁力，已开启 30 天新片追查模式)
[2026-08-11 23:14:32] [INFO] [server.py:588] - [全量订阅演员一条龙 [全量翻页 | 抓取元数据入库]] 🔍 [DB] 番号 [SIVR-379] 详情已存库 (网页暂无可用磁力，已开启 30 天新片追查模式)
[2026-08-11 23:14:32] [INFO] [javdb_scraper.py:196] - 🔎 [510/608] 抓取详情: SIVR-380 (https://javdb.com/v/kKe4AY)
[2026-08-11 23:14:32] [INFO] [server.py:588] - [全量订阅演员一条龙 [全量翻页 | 抓取元数据入库]] 🔎 [510/608] 抓取详情: SIVR-380 (https://javdb.com/v/kKe4AY)
[2026-08-11 23:14:36] [INFO] [javdb_scraper.py:196] - 🔍 [DB] 番号 [SIVR-380] 详情已存库 (网页暂无可用磁力，已开启 30 天新片追查模式)
[2026-08-11 23:14:36] [INFO] [server.py:588] - [全量订阅演员一条龙 [全量翻页 | 抓取元数据入库]] 🔍 [DB] 番号 [SIVR-380] 详情已存库 (网页暂无可用磁力，已开启 30 天新片追查模式)
[2026-08-11 23:14:36] [INFO] [javdb_scraper.py:196] - 🔎 [511/608] 抓取详情: SIVR-394 (https://javdb.com/v/6dDJKQ)
[2026-08-11 23:14:36] [INFO] [server.py:588] - [全量订阅演员一条龙 [全量翻页 | 抓取元数据入库]] 🔎 [511/608] 抓取详情: SIVR-394 (https://javdb.com/v/6dDJKQ)
[2026-08-11 23:14:38] [INFO] [javdb_scraper.py:196] - 🔍 [DB] 番号 [SIVR-394] 详情已存库 (网页暂无可用磁力，已开启 30 天新片追查模式)
[2026-08-11 23:14:38] [INFO] [server.py:588] - [全量订阅演员一条龙 [全量翻页 | 抓取元数据入库]] 🔍 [DB] 番号 [SIVR-394] 详情已存库 (网页暂无可用磁力，已开启 30 天新片追查模式)
[2026-08-11 23:14:38] [INFO] [javdb_scraper.py:196] - 🔎 [512/608] 抓取详情: SIVR-427 (https://javdb.com/v/Xe4P4P)
[2026-08-11 23:14:38] [INFO] [server.py:588] - [全量订阅演员一条龙 [全量翻页 | 抓取元数据入库]] 🔎 [512/608] 抓取详情: SIVR-427 (https://javdb.com/v/Xe4P4P)
[2026-08-11 23:14:41] [INFO] [javdb_scraper.py:196] - 🔍 [DB] 番号 [SIVR-427] 详情已存库 (网页暂无可用磁力，已开启 30 天新片追查模式)
[2026-08-11 23:14:41] [INFO] [server.py:588] - [全量订阅演员一条龙 [全量翻页 | 抓取元数据入库]] 🔍 [DB] 番号 [SIVR-427] 详情已存库 (网页暂无可用磁力，已开启 30 天新片追查模式)
[2026-08-11 23:14:41] [INFO] [javdb_scraper.py:196] - 🔎 [513/608] 抓取详情: SIVR-444 (https://javdb.com/v/1A8YRd)
[2026-08-11 23:14:41] [INFO] [server.py:588] - [全量订阅演员一条龙 [全量翻页 | 抓取元数据入库]] 🔎 [513/608] 抓取详情: SIVR-444 (https://javdb.com/v/1A8YRd)
[2026-08-11 23:14:44] [INFO] [javdb_scraper.py:196] - 🔍 [DB] 番号 [SIVR-444] 详情已存库 (网页暂无可用磁力，已开启 30 天新片追查模式)
[2026-08-11 23:14:44] [INFO] [server.py:588] - [全量订阅演员一条龙 [全量翻页 | 抓取元数据入库]] 🔍 [DB] 番号 [SIVR-444] 详情已存库 (网页暂无可用磁力，已开启 30 天新片追查模式)
[2026-08-11 23:14:44] [INFO] [javdb_scraper.py:196] - 🔎 [514/608] 抓取详情: SIVR-490 (https://javdb.com/v/vezabn)
[2026-08-11 23:14:44] [INFO] [server.py:588] - [全量订阅演员一条龙 [全量翻页 | 抓取元数据入库]] 🔎 [514/608] 抓取详情: SIVR-490 (https://javdb.com/v/vezabn)
[2026-08-11 23:14:47] [INFO] [javdb_scraper.py:196] - 🔍 [DB] 番号 [SIVR-490] 详情已存库 (网页暂无可用磁力，已开启 30 天新片追查模式)
[2026-08-11 23:14:47] [INFO] [server.py:588] - [全量订阅演员一条龙 [全量翻页 | 抓取元数据入库]] 🔍 [DB] 番号 [SIVR-490] 详情已存库 (网页暂无可用磁力，已开启 30 天新片追查模式)
[2026-08-11 23:14:47] [INFO] [javdb_scraper.py:196] - 🔎 [515/608] 抓取详情: SNOS-003 (https://javdb.com/v/OX8bEK)
[2026-08-11 23:14:47] [INFO] [server.py:588] - [全量订阅演员一条龙 [全量翻页 | 抓取元数据入库]] 🔎 [515/608] 抓取详情: SNOS-003 (https://javdb.com/v/OX8bEK)
[2026-08-11 23:14:50] [INFO] [javdb_scraper.py:196] - 🔍 [DB] 番号 [SNOS-003] 详情已存库 (网页暂无可用磁力，已开启 30 天新片追查模式)
[2026-08-11 23:14:50] [INFO] [server.py:588] - [全量订阅演员一条龙 [全量翻页 | 抓取元数据入库]] 🔍 [DB] 番号 [SNOS-003] 详情已存库 (网页暂无可用磁力，已开启 30 天新片追查模式)
[2026-08-11 23:14:50] [INFO] [javdb_scraper.py:196] - 🔎 [516/608] 抓取详情: SNOS-038 (https://javdb.com/v/BzV2a9)
[2026-08-11 23:14:50] [INFO] [server.py:588] - [全量订阅演员一条龙 [全量翻页 | 抓取元数据入库]] 🔎 [516/608] 抓取详情: SNOS-038 (https://javdb.com/v/BzV2a9)
[2026-08-11 23:14:54] [INFO] [javdb_scraper.py:196] - 🔍 [DB] 番号 [SNOS-038] 详情已存库 (网页暂无可用磁力，已开启 30 天新片追查模式)
[2026-08-11 23:14:54] [INFO] [server.py:588] - [全量订阅演员一条龙 [全量翻页 | 抓取元数据入库]] 🔍 [DB] 番号 [SNOS-038] 详情已存库 (网页暂无可用磁力，已开启 30 天新片追查模式)
[2026-08-11 23:14:54] [INFO] [javdb_scraper.py:196] - 🔎 [517/608] 抓取详情: SNOS-056 (https://javdb.com/v/xA4Vn6)
[2026-08-11 23:14:54] [INFO] [server.py:588] - [全量订阅演员一条龙 [全量翻页 | 抓取元数据入库]] 🔎 [517/608] 抓取详情: SNOS-056 (https://javdb.com/v/xA4Vn6)
[2026-08-11 23:14:57] [INFO] [javdb_scraper.py:196] - 🔍 [DB] 番号 [SNOS-056] 详情已存库 (网页暂无可用磁力，已开启 30 天新片追查模式)
[2026-08-11 23:14:57] [INFO] [server.py:588] - [全量订阅演员一条龙 [全量翻页 | 抓取元数据入库]] 🔍 [DB] 番号 [SNOS-056] 详情已存库 (网页暂无可用磁力，已开启 30 天新片追查模式)
[2026-08-11 23:14:57] [INFO] [javdb_scraper.py:196] - 🔎 [518/608] 抓取详情: SNOS-064 (https://javdb.com/v/a8VKP4)
[2026-08-11 23:14:57] [INFO] [server.py:588] - [全量订阅演员一条龙 [全量翻页 | 抓取元数据入库]] 🔎 [518/608] 抓取详情: SNOS-064 (https://javdb.com/v/a8VKP4)
[2026-08-11 23:15:00] [INFO] [javdb_scraper.py:196] - 🔍 [DB] 番号 [SNOS-064] 详情已存库 (网页暂无可用磁力，已开启 30 天新片追查模式)
[2026-08-11 23:15:00] [INFO] [server.py:588] - [全量订阅演员一条龙 [全量翻页 | 抓取元数据入库]] 🔍 [DB] 番号 [SNOS-064] 详情已存库 (网页暂无可用磁力，已开启 30 天新片追查模式)
[2026-08-11 23:15:00] [INFO] [javdb_scraper.py:196] - 🔎 [519/608] 抓取详情: SNOS-093 (https://javdb.com/v/OXr49A)
[2026-08-11 23:15:00] [INFO] [server.py:588] - [全量订阅演员一条龙 [全量翻页 | 抓取元数据入库]] 🔎 [519/608] 抓取详情: SNOS-093 (https://javdb.com/v/OXr49A)
[2026-08-11 23:15:02] [INFO] [javdb_scraper.py:196] - 🔍 [DB] 番号 [SNOS-093] 详情已存库 (网页暂无可用磁力，已开启 30 天新片追查模式)
[2026-08-11 23:15:02] [INFO] [server.py:588] - [全量订阅演员一条龙 [全量翻页 | 抓取元数据入库]] 🔍 [DB] 番号 [SNOS-093] 详情已存库 (网页暂无可用磁力，已开启 30 天新片追查模式)
[2026-08-11 23:15:02] [INFO] [javdb_scraper.py:196] - 🔎 [520/608] 抓取详情: SNOS-131 (https://javdb.com/v/Ebn763)
[2026-08-11 23:15:02] [INFO] [server.py:588] - [全量订阅演员一条龙 [全量翻页 | 抓取元数据入库]] 🔎 [520/608] 抓取详情: SNOS-131 (https://javdb.com/v/Ebn763)
[2026-08-11 23:15:06] [INFO] [javdb_scraper.py:196] - 🔍 [DB] 番号 [SNOS-131] 详情已存库 (网页暂无可用磁力，已开启 30 天新片追查模式)
[2026-08-11 23:15:06] [INFO] [server.py:588] - [全量订阅演员一条龙 [全量翻页 | 抓取元数据入库]] 🔍 [DB] 番号 [SNOS-131] 详情已存库 (网页暂无可用磁力，已开启 30 天新片追查模式)
[2026-08-11 23:15:06] [INFO] [javdb_scraper.py:196] - 🔎 [521/608] 抓取详情: SNOS-168 (https://javdb.com/v/82ZGR9)
[2026-08-11 23:15:06] [INFO] [server.py:588] - [全量订阅演员一条龙 [全量翻页 | 抓取元数据入库]] 🔎 [521/608] 抓取详情: SNOS-168 (https://javdb.com/v/82ZGR9)
[2026-08-11 23:15:08] [INFO] [javdb_scraper.py:196] - 🔍 [DB] 番号 [SNOS-168] 详情已存库 (网页暂无可用磁力，已开启 30 天新片追查模式)
[2026-08-11 23:15:08] [INFO] [server.py:588] - [全量订阅演员一条龙 [全量翻页 | 抓取元数据入库]] 🔍 [DB] 番号 [SNOS-168] 详情已存库 (网页暂无可用磁力，已开启 30 天新片追查模式)
[2026-08-11 23:15:08] [INFO] [javdb_scraper.py:196] - 🔎 [522/608] 抓取详情: SNOS-183 (https://javdb.com/v/AqnZBM)
[2026-08-11 23:15:08] [INFO] [server.py:588] - [全量订阅演员一条龙 [全量翻页 | 抓取元数据入库]] 🔎 [522/608] 抓取详情: SNOS-183 (https://javdb.com/v/AqnZBM)
[2026-08-11 23:15:11] [INFO] [javdb_scraper.py:196] - 🔍 [DB] 番号 [SNOS-183] 详情已存库 (网页暂无可用磁力，已开启 30 天新片追查模式)
[2026-08-11 23:15:11] [INFO] [server.py:588] - [全量订阅演员一条龙 [全量翻页 | 抓取元数据入库]] 🔍 [DB] 番号 [SNOS-183] 详情已存库 (网页暂无可用磁力，已开启 30 天新片追查模式)
[2026-08-11 23:15:11] [INFO] [javdb_scraper.py:196] - 🔎 [523/608] 抓取详情: SNOS-209 (https://javdb.com/v/AqVrm0)
[2026-08-11 23:15:11] [INFO] [server.py:588] - [全量订阅演员一条龙 [全量翻页 | 抓取元数据入库]] 🔎 [523/608] 抓取详情: SNOS-209 (https://javdb.com/v/AqVrm0)
[2026-08-11 23:15:14] [INFO] [javdb_scraper.py:196] - 🔍 [DB] 番号 [SNOS-209] 详情已存库 (网页暂无可用磁力，已开启 30 天新片追查模式)
[2026-08-11 23:15:14] [INFO] [server.py:588] - [全量订阅演员一条龙 [全量翻页 | 抓取元数据入库]] 🔍 [DB] 番号 [SNOS-209] 详情已存库 (网页暂无可用磁力，已开启 30 天新片追查模式)
[2026-08-11 23:15:14] [INFO] [javdb_scraper.py:196] - 🔎 [524/608] 抓取详情: SNOS-233 (https://javdb.com/v/P91MB9)
[2026-08-11 23:15:14] [INFO] [server.py:588] - [全量订阅演员一条龙 [全量翻页 | 抓取元数据入库]] 🔎 [524/608] 抓取详情: SNOS-233 (https://javdb.com/v/P91MB9)
[2026-08-11 23:15:17] [INFO] [javdb_scraper.py:196] - 🔍 [DB] 番号 [SNOS-233] 详情已存库 (网页暂无可用磁力，已开启 30 天新片追查模式)
[2026-08-11 23:15:17] [INFO] [server.py:588] - [全量订阅演员一条龙 [全量翻页 | 抓取元数据入库]] 🔍 [DB] 番号 [SNOS-233] 详情已存库 (网页暂无可用磁力，已开启 30 天新片追查模式)
[2026-08-11 23:15:17] [INFO] [javdb_scraper.py:196] - 🔎 [525/608] 抓取详情: SNOS-258 (https://javdb.com/v/Ww7RYR)
[2026-08-11 23:15:17] [INFO] [server.py:588] - [全量订阅演员一条龙 [全量翻页 | 抓取元数据入库]] 🔎 [525/608] 抓取详情: SNOS-258 (https://javdb.com/v/Ww7RYR)
[2026-08-11 23:15:20] [INFO] [javdb_scraper.py:196] - 🔍 [DB] 番号 [SNOS-258] 详情已存库 (网页暂无可用磁力，已开启 30 天新片追查模式)
[2026-08-11 23:15:20] [INFO] [server.py:588] - [全量订阅演员一条龙 [全量翻页 | 抓取元数据入库]] 🔍 [DB] 番号 [SNOS-258] 详情已存库 (网页暂无可用磁力，已开启 30 天新片追查模式)
[2026-08-11 23:15:20] [INFO] [javdb_scraper.py:196] - 🔎 [526/608] 抓取详情: SNOS-275 (https://javdb.com/v/ZN3nNq)
[2026-08-11 23:15:20] [INFO] [server.py:588] - [全量订阅演员一条龙 [全量翻页 | 抓取元数据入库]] 🔎 [526/608] 抓取详情: SNOS-275 (https://javdb.com/v/ZN3nNq)
[2026-08-11 23:15:23] [INFO] [javdb_scraper.py:196] - 🔍 [DB] 番号 [SNOS-275] 详情已存库 (网页暂无可用磁力，已开启 30 天新片追查模式)
[2026-08-11 23:15:23] [INFO] [server.py:588] - [全量订阅演员一条龙 [全量翻页 | 抓取元数据入库]] 🔍 [DB] 番号 [SNOS-275] 详情已存库 (网页暂无可用磁力，已开启 30 天新片追查模式)
[2026-08-11 23:15:23] [INFO] [javdb_scraper.py:196] - 🔎 [527/608] 抓取详情: SNOS-313 (https://javdb.com/v/ZNzk9q)
[2026-08-11 23:15:23] [INFO] [server.py:588] - [全量订阅演员一条龙 [全量翻页 | 抓取元数据入库]] 🔎 [527/608] 抓取详情: SNOS-313 (https://javdb.com/v/ZNzk9q)
[2026-08-11 23:15:25] [INFO] [javdb_scraper.py:196] - 🔍 [DB] 番号 [SNOS-313] 详情已存库 (网页暂无可用磁力，已开启 30 天新片追查模式)
[2026-08-11 23:15:25] [INFO] [server.py:588] - [全量订阅演员一条龙 [全量翻页 | 抓取元数据入库]] 🔍 [DB] 番号 [SNOS-313] 详情已存库 (网页暂无可用磁力，已开启 30 天新片追查模式)
[2026-08-11 23:15:25] [INFO] [javdb_scraper.py:196] - 🔎 [528/608] 抓取详情: SNOS-320 (https://javdb.com/v/82B3RW)
[2026-08-11 23:15:25] [INFO] [server.py:588] - [全量订阅演员一条龙 [全量翻页 | 抓取元数据入库]] 🔎 [528/608] 抓取详情: SNOS-320 (https://javdb.com/v/82B3RW)
[2026-08-11 23:15:27] [INFO] [javdb_scraper.py:196] - 🔍 [DB] 番号 [SNOS-320] 详情已存库 (网页暂无可用磁力，已开启 30 天新片追查模式)
[2026-08-11 23:15:27] [INFO] [server.py:588] - [全量订阅演员一条龙 [全量翻页 | 抓取元数据入库]] 🔍 [DB] 番号 [SNOS-320] 详情已存库 (网页暂无可用磁力，已开启 30 天新片追查模式)
[2026-08-11 23:15:27] [INFO] [javdb_scraper.py:196] - 🔎 [529/608] 抓取详情: SNOS-334 (https://javdb.com/v/nK7zbV)
[2026-08-11 23:15:27] [INFO] [server.py:588] - [全量订阅演员一条龙 [全量翻页 | 抓取元数据入库]] 🔎 [529/608] 抓取详情: SNOS-334 (https://javdb.com/v/nK7zbV)
[2026-08-11 23:15:30] [INFO] [javdb_scraper.py:196] - 🔍 [DB] 番号 [SNOS-334] 详情已存库 (网页暂无可用磁力，已开启 30 天新片追查模式)
[2026-08-11 23:15:30] [INFO] [server.py:588] - [全量订阅演员一条龙 [全量翻页 | 抓取元数据入库]] 🔍 [DB] 番号 [SNOS-334] 详情已存库 (网页暂无可用磁力，已开启 30 天新片追查模式)
[2026-08-11 23:15:30] [INFO] [javdb_scraper.py:196] - 🔎 [530/608] 抓取详情: SNOS-371 (https://javdb.com/v/NQkEgb)
[2026-08-11 23:15:30] [INFO] [server.py:588] - [全量订阅演员一条龙 [全量翻页 | 抓取元数据入库]] 🔎 [530/608] 抓取详情: SNOS-371 (https://javdb.com/v/NQkEgb)
[2026-08-11 23:15:33] [INFO] [javdb_scraper.py:196] - 🔍 [DB] 番号 [SNOS-371] 详情已存库 (网页暂无可用磁力，已开启 30 天新片追查模式)
[2026-08-11 23:15:33] [INFO] [server.py:588] - [全量订阅演员一条龙 [全量翻页 | 抓取元数据入库]] 🔍 [DB] 番号 [SNOS-371] 详情已存库 (网页暂无可用磁力，已开启 30 天新片追查模式)
[2026-08-11 23:15:33] [INFO] [javdb_scraper.py:196] - 🔎 [531/608] 抓取详情: SOIM-010 (https://javdb.com/v/YAyn8)
[2026-08-11 23:15:33] [INFO] [server.py:588] - [全量订阅演员一条龙 [全量翻页 | 抓取元数据入库]] 🔎 [531/608] 抓取详情: SOIM-010 (https://javdb.com/v/YAyn8)
[2026-08-11 23:15:36] [INFO] [javdb_scraper.py:196] - 🔍 [DB] 番号 [SOIM-010] 详情已存库 (网页暂无可用磁力，已开启 30 天新片追查模式)
[2026-08-11 23:15:36] [INFO] [server.py:588] - [全量订阅演员一条龙 [全量翻页 | 抓取元数据入库]] 🔍 [DB] 番号 [SOIM-010] 详情已存库 (网页暂无可用磁力，已开启 30 天新片追查模式)
[2026-08-11 23:15:36] [INFO] [javdb_scraper.py:196] - 🔎 [532/608] 抓取详情: SONE-027 (https://javdb.com/v/qD5Ew6)
[2026-08-11 23:15:36] [INFO] [server.py:588] - [全量订阅演员一条龙 [全量翻页 | 抓取元数据入库]] 🔎 [532/608] 抓取详情: SONE-027 (https://javdb.com/v/qD5Ew6)
[2026-08-11 23:15:39] [INFO] [javdb_scraper.py:196] - 🔍 [DB] 番号 [SONE-027] 详情已存库 (网页暂无可用磁力，已开启 30 天新片追查模式)
[2026-08-11 23:15:39] [INFO] [server.py:588] - [全量订阅演员一条龙 [全量翻页 | 抓取元数据入库]] 🔍 [DB] 番号 [SONE-027] 详情已存库 (网页暂无可用磁力，已开启 30 天新片追查模式)
[2026-08-11 23:15:39] [INFO] [javdb_scraper.py:196] - 🔎 [533/608] 抓取详情: SONE-071 (https://javdb.com/v/K4zV5m)
[2026-08-11 23:15:39] [INFO] [server.py:588] - [全量订阅演员一条龙 [全量翻页 | 抓取元数据入库]] 🔎 [533/608] 抓取详情: SONE-071 (https://javdb.com/v/K4zV5m)
[2026-08-11 23:15:43] [INFO] [javdb_scraper.py:196] - 🔍 [DB] 番号 [SONE-071] 详情已存库 (网页暂无可用磁力，已开启 30 天新片追查模式)
[2026-08-11 23:15:43] [INFO] [server.py:588] - [全量订阅演员一条龙 [全量翻页 | 抓取元数据入库]] 🔍 [DB] 番号 [SONE-071] 详情已存库 (网页暂无可用磁力，已开启 30 天新片追查模式)
[2026-08-11 23:15:43] [INFO] [javdb_scraper.py:196] - 🔎 [534/608] 抓取详情: SONE-118 (https://javdb.com/v/bKAA06)
[2026-08-11 23:15:43] [INFO] [server.py:588] - [全量订阅演员一条龙 [全量翻页 | 抓取元数据入库]] 🔎 [534/608] 抓取详情: SONE-118 (https://javdb.com/v/bKAA06)
[2026-08-11 23:15:46] [INFO] [javdb_scraper.py:196] - 🔍 [DB] 番号 [SONE-118] 详情已存库 (网页暂无可用磁力，已开启 30 天新片追查模式)
[2026-08-11 23:15:46] [INFO] [server.py:588] - [全量订阅演员一条龙 [全量翻页 | 抓取元数据入库]] 🔍 [DB] 番号 [SONE-118] 详情已存库 (网页暂无可用磁力，已开启 30 天新片追查模式)
[2026-08-11 23:15:46] [INFO] [javdb_scraper.py:196] - 🔎 [535/608] 抓取详情: SONE-153 (https://javdb.com/v/Ww1yPp)
[2026-08-11 23:15:46] [INFO] [server.py:588] - [全量订阅演员一条龙 [全量翻页 | 抓取元数据入库]] 🔎 [535/608] 抓取详情: SONE-153 (https://javdb.com/v/Ww1yPp)
[2026-08-11 23:15:49] [INFO] [javdb_scraper.py:196] - 🔍 [DB] 番号 [SONE-153] 详情已存库 (网页暂无可用磁力，已开启 30 天新片追查模式)
[2026-08-11 23:15:49] [INFO] [server.py:588] - [全量订阅演员一条龙 [全量翻页 | 抓取元数据入库]] 🔍 [DB] 番号 [SONE-153] 详情已存库 (网页暂无可用磁力，已开启 30 天新片追查模式)
[2026-08-11 23:15:49] [INFO] [javdb_scraper.py:196] - 🔎 [536/608] 抓取详情: SONE-200 (https://javdb.com/v/GZMEbD)
[2026-08-11 23:15:49] [INFO] [server.py:588] - [全量订阅演员一条龙 [全量翻页 | 抓取元数据入库]] 🔎 [536/608] 抓取详情: SONE-200 (https://javdb.com/v/GZMEbD)
[2026-08-11 23:15:52] [INFO] [javdb_scraper.py:196] - 🔍 [DB] 番号 [SONE-200] 详情已存库 (网页暂无可用磁力，已开启 30 天新片追查模式)
[2026-08-11 23:15:52] [INFO] [server.py:588] - [全量订阅演员一条龙 [全量翻页 | 抓取元数据入库]] 🔍 [DB] 番号 [SONE-200] 详情已存库 (网页暂无可用磁力，已开启 30 天新片追查模式)
[2026-08-11 23:15:52] [INFO] [javdb_scraper.py:196] - 🔎 [537/608] 抓取详情: SONE-228 (https://javdb.com/v/4D5B1v)
[2026-08-11 23:15:52] [INFO] [server.py:588] - [全量订阅演员一条龙 [全量翻页 | 抓取元数据入库]] 🔎 [537/608] 抓取详情: SONE-228 (https://javdb.com/v/4D5B1v)
[2026-08-11 23:15:55] [INFO] [javdb_scraper.py:196] - 🔍 [DB] 番号 [SONE-228] 详情已存库 (网页暂无可用磁力，已开启 30 天新片追查模式)
[2026-08-11 23:15:55] [INFO] [server.py:588] - [全量订阅演员一条龙 [全量翻页 | 抓取元数据入库]] 🔍 [DB] 番号 [SONE-228] 详情已存库 (网页暂无可用磁力，已开启 30 天新片追查模式)
[2026-08-11 23:15:55] [INFO] [javdb_scraper.py:196] - 🔎 [538/608] 抓取详情: SONE-266 (https://javdb.com/v/4D5XME)
[2026-08-11 23:15:55] [INFO] [server.py:588] - [全量订阅演员一条龙 [全量翻页 | 抓取元数据入库]] 🔎 [538/608] 抓取详情: SONE-266 (https://javdb.com/v/4D5XME)
[2026-08-11 23:15:58] [INFO] [javdb_scraper.py:196] - 🔍 [DB] 番号 [SONE-266] 详情已存库 (网页暂无可用磁力，已开启 30 天新片追查模式)
[2026-08-11 23:15:58] [INFO] [server.py:588] - [全量订阅演员一条龙 [全量翻页 | 抓取元数据入库]] 🔍 [DB] 番号 [SONE-266] 详情已存库 (网页暂无可用磁力，已开启 30 天新片追查模式)
[2026-08-11 23:15:58] [INFO] [javdb_scraper.py:196] - 🔎 [539/608] 抓取详情: SONE-311 (https://javdb.com/v/GZZdZ7)
[2026-08-11 23:15:58] [INFO] [server.py:588] - [全量订阅演员一条龙 [全量翻页 | 抓取元数据入库]] 🔎 [539/608] 抓取详情: SONE-311 (https://javdb.com/v/GZZdZ7)
[2026-08-11 23:16:00] [INFO] [javdb_scraper.py:196] - 🔍 [DB] 番号 [SONE-311] 详情已存库 (网页暂无可用磁力，已开启 30 天新片追查模式)
[2026-08-11 23:16:00] [INFO] [server.py:588] - [全量订阅演员一条龙 [全量翻页 | 抓取元数据入库]] 🔍 [DB] 番号 [SONE-311] 详情已存库 (网页暂无可用磁力，已开启 30 天新片追查模式)
[2026-08-11 23:16:00] [INFO] [javdb_scraper.py:196] - 🔎 [540/608] 抓取详情: SONE-360 (https://javdb.com/v/QNN9e4)
[2026-08-11 23:16:00] [INFO] [server.py:588] - [全量订阅演员一条龙 [全量翻页 | 抓取元数据入库]] 🔎 [540/608] 抓取详情: SONE-360 (https://javdb.com/v/QNN9e4)
[2026-08-11 23:16:04] [INFO] [javdb_scraper.py:196] - 🔍 [DB] 番号 [SONE-360] 详情已存库 (网页暂无可用磁力，已开启 30 天新片追查模式)
[2026-08-11 23:16:04] [INFO] [server.py:588] - [全量订阅演员一条龙 [全量翻页 | 抓取元数据入库]] 🔍 [DB] 番号 [SONE-360] 详情已存库 (网页暂无可用磁力，已开启 30 天新片追查模式)
[2026-08-11 23:16:04] [INFO] [javdb_scraper.py:196] - 🔎 [541/608] 抓取详情: SONE-405 (https://javdb.com/v/QNNmQp)
[2026-08-11 23:16:04] [INFO] [server.py:588] - [全量订阅演员一条龙 [全量翻页 | 抓取元数据入库]] 🔎 [541/608] 抓取详情: SONE-405 (https://javdb.com/v/QNNmQp)
[2026-08-11 23:16:06] [INFO] [javdb_scraper.py:196] - 🔍 [DB] 番号 [SONE-405] 详情已存库 (网页暂无可用磁力，已开启 30 天新片追查模式)
[2026-08-11 23:16:06] [INFO] [server.py:588] - [全量订阅演员一条龙 [全量翻页 | 抓取元数据入库]] 🔍 [DB] 番号 [SONE-405] 详情已存库 (网页暂无可用磁力，已开启 30 天新片追查模式)
[2026-08-11 23:16:06] [INFO] [javdb_scraper.py:196] - 🔎 [542/608] 抓取详情: SONE-454 (https://javdb.com/v/veeE4G)
[2026-08-11 23:16:06] [INFO] [server.py:588] - [全量订阅演员一条龙 [全量翻页 | 抓取元数据入库]] 🔎 [542/608] 抓取详情: SONE-454 (https://javdb.com/v/veeE4G)
[2026-08-11 23:16:09] [INFO] [javdb_scraper.py:196] - 🔍 [DB] 番号 [SONE-454] 详情已存库 (网页暂无可用磁力，已开启 30 天新片追查模式)
[2026-08-11 23:16:09] [INFO] [server.py:588] - [全量订阅演员一条龙 [全量翻页 | 抓取元数据入库]] 🔍 [DB] 番号 [SONE-454] 详情已存库 (网页暂无可用磁力，已开启 30 天新片追查模式)
[2026-08-11 23:16:09] [INFO] [javdb_scraper.py:196] - 🔎 [543/608] 抓取详情: SONE-499 (https://javdb.com/v/Yww4d6)
[2026-08-11 23:16:09] [INFO] [server.py:588] - [全量订阅演员一条龙 [全量翻页 | 抓取元数据入库]] 🔎 [543/608] 抓取详情: SONE-499 (https://javdb.com/v/Yww4d6)
[2026-08-11 23:16:13] [INFO] [javdb_scraper.py:196] - 🔍 [DB] 番号 [SONE-499] 详情已存库 (网页暂无可用磁力，已开启 30 天新片追查模式)
[2026-08-11 23:16:13] [INFO] [server.py:588] - [全量订阅演员一条龙 [全量翻页 | 抓取元数据入库]] 🔍 [DB] 番号 [SONE-499] 详情已存库 (网页暂无可用磁力，已开启 30 天新片追查模式)
[2026-08-11 23:16:13] [INFO] [javdb_scraper.py:196] - 🔎 [544/608] 抓取详情: SONE-543 (https://javdb.com/v/z4M7xb)
[2026-08-11 23:16:13] [INFO] [server.py:588] - [全量订阅演员一条龙 [全量翻页 | 抓取元数据入库]] 🔎 [544/608] 抓取详情: SONE-543 (https://javdb.com/v/z4M7xb)
[2026-08-11 23:16:17] [INFO] [javdb_scraper.py:196] - 🔍 [DB] 番号 [SONE-543] 详情已存库 (网页暂无可用磁力，已开启 30 天新片追查模式)
[2026-08-11 23:16:17] [INFO] [server.py:588] - [全量订阅演员一条龙 [全量翻页 | 抓取元数据入库]] 🔍 [DB] 番号 [SONE-543] 详情已存库 (网页暂无可用磁力，已开启 30 天新片追查模式)
[2026-08-11 23:16:17] [INFO] [javdb_scraper.py:196] - 🔎 [545/608] 抓取详情: SONE-561 (https://javdb.com/v/Ebd6k0)
[2026-08-11 23:16:17] [INFO] [server.py:588] - [全量订阅演员一条龙 [全量翻页 | 抓取元数据入库]] 🔎 [545/608] 抓取详情: SONE-561 (https://javdb.com/v/Ebd6k0)
[2026-08-11 23:16:20] [INFO] [javdb_scraper.py:196] - 🔍 [DB] 番号 [SONE-561] 详情已存库 (网页暂无可用磁力，已开启 30 天新片追查模式)
[2026-08-11 23:16:20] [INFO] [server.py:588] - [全量订阅演员一条龙 [全量翻页 | 抓取元数据入库]] 🔍 [DB] 番号 [SONE-561] 详情已存库 (网页暂无可用磁力，已开启 30 天新片追查模式)
[2026-08-11 23:16:20] [INFO] [javdb_scraper.py:196] - 🔎 [546/608] 抓取详情: SONE-563 (https://javdb.com/v/4Ddxap)
[2026-08-11 23:16:20] [INFO] [server.py:588] - [全量订阅演员一条龙 [全量翻页 | 抓取元数据入库]] 🔎 [546/608] 抓取详情: SONE-563 (https://javdb.com/v/4Ddxap)
[2026-08-11 23:16:33] [INFO] [javdb_scraper.py:196] - 🔍 [DB] 番号 [SONE-563] 详情已存库 (网页暂无可用磁力，已开启 30 天新片追查模式)
[2026-08-11 23:16:33] [INFO] [server.py:588] - [全量订阅演员一条龙 [全量翻页 | 抓取元数据入库]] 🔍 [DB] 番号 [SONE-563] 详情已存库 (网页暂无可用磁力，已开启 30 天新片追查模式)
[2026-08-11 23:16:33] [INFO] [javdb_scraper.py:196] - 🔎 [547/608] 抓取详情: SONE-614 (https://javdb.com/v/WwQ3VB)
[2026-08-11 23:16:33] [INFO] [server.py:588] - [全量订阅演员一条龙 [全量翻页 | 抓取元数据入库]] 🔎 [547/608] 抓取详情: SONE-614 (https://javdb.com/v/WwQ3VB)
[2026-08-11 23:16:35] [INFO] [javdb_scraper.py:196] - 🔍 [DB] 番号 [SONE-614] 详情已存库 (网页暂无可用磁力，已开启 30 天新片追查模式)
[2026-08-11 23:16:35] [INFO] [server.py:588] - [全量订阅演员一条龙 [全量翻页 | 抓取元数据入库]] 🔍 [DB] 番号 [SONE-614] 详情已存库 (网页暂无可用磁力，已开启 30 天新片追查模式)
[2026-08-11 23:16:35] [INFO] [javdb_scraper.py:196] - 🔎 [548/608] 抓取详情: SONE-615 (https://javdb.com/v/DROqWa)
[2026-08-11 23:16:35] [INFO] [server.py:588] - [全量订阅演员一条龙 [全量翻页 | 抓取元数据入库]] 🔎 [548/608] 抓取详情: SONE-615 (https://javdb.com/v/DROqWa)
[2026-08-11 23:16:38] [INFO] [javdb_scraper.py:196] - 🔍 [DB] 番号 [SONE-615] 详情已存库 (网页暂无可用磁力，已开启 30 天新片追查模式)
[2026-08-11 23:16:38] [INFO] [server.py:588] - [全量订阅演员一条龙 [全量翻页 | 抓取元数据入库]] 🔍 [DB] 番号 [SONE-615] 详情已存库 (网页暂无可用磁力，已开启 30 天新片追查模式)
[2026-08-11 23:16:38] [INFO] [javdb_scraper.py:196] - 🔎 [549/608] 抓取详情: SONE-638 (https://javdb.com/v/RkG2b8)
[2026-08-11 23:16:38] [INFO] [server.py:588] - [全量订阅演员一条龙 [全量翻页 | 抓取元数据入库]] 🔎 [549/608] 抓取详情: SONE-638 (https://javdb.com/v/RkG2b8)
[2026-08-11 23:16:40] [INFO] [javdb_scraper.py:196] - 🔍 [DB] 番号 [SONE-638] 详情已存库 (网页暂无可用磁力，已开启 30 天新片追查模式)
[2026-08-11 23:16:40] [INFO] [server.py:588] - [全量订阅演员一条龙 [全量翻页 | 抓取元数据入库]] 🔍 [DB] 番号 [SONE-638] 详情已存库 (网页暂无可用磁力，已开启 30 天新片追查模式)
[2026-08-11 23:16:40] [INFO] [javdb_scraper.py:196] - 🔎 [550/608] 抓取详情: SONE-642 (https://javdb.com/v/KknQbv)
[2026-08-11 23:16:40] [INFO] [server.py:588] - [全量订阅演员一条龙 [全量翻页 | 抓取元数据入库]] 🔎 [550/608] 抓取详情: SONE-642 (https://javdb.com/v/KknQbv)
[2026-08-11 23:16:43] [INFO] [javdb_scraper.py:196] - 🔍 [DB] 番号 [SONE-642] 详情已存库 (网页暂无可用磁力，已开启 30 天新片追查模式)
[2026-08-11 23:16:43] [INFO] [server.py:588] - [全量订阅演员一条龙 [全量翻页 | 抓取元数据入库]] 🔍 [DB] 番号 [SONE-642] 详情已存库 (网页暂无可用磁力，已开启 30 天新片追查模式)
[2026-08-11 23:16:43] [INFO] [javdb_scraper.py:196] - 🔎 [551/608] 抓取详情: SONE-682 (https://javdb.com/v/pkxmQk)
[2026-08-11 23:16:43] [INFO] [server.py:588] - [全量订阅演员一条龙 [全量翻页 | 抓取元数据入库]] 🔎 [551/608] 抓取详情: SONE-682 (https://javdb.com/v/pkxmQk)
[2026-08-11 23:16:46] [INFO] [javdb_scraper.py:196] - 🔍 [DB] 番号 [SONE-682] 详情已存库 (网页暂无可用磁力，已开启 30 天新片追查模式)
[2026-08-11 23:16:46] [INFO] [server.py:588] - [全量订阅演员一条龙 [全量翻页 | 抓取元数据入库]] 🔍 [DB] 番号 [SONE-682] 详情已存库 (网页暂无可用磁力，已开启 30 天新片追查模式)
[2026-08-11 23:16:46] [INFO] [javdb_scraper.py:196] - 🔎 [552/608] 抓取详情: SONE-687 (https://javdb.com/v/BzK0wM)
[2026-08-11 23:16:46] [INFO] [server.py:588] - [全量订阅演员一条龙 [全量翻页 | 抓取元数据入库]] 🔎 [552/608] 抓取详情: SONE-687 (https://javdb.com/v/BzK0wM)
[2026-08-11 23:16:49] [INFO] [javdb_scraper.py:196] - 🔍 [DB] 番号 [SONE-687] 详情已存库 (网页暂无可用磁力，已开启 30 天新片追查模式)
[2026-08-11 23:16:49] [INFO] [server.py:588] - [全量订阅演员一条龙 [全量翻页 | 抓取元数据入库]] 🔍 [DB] 番号 [SONE-687] 详情已存库 (网页暂无可用磁力，已开启 30 天新片追查模式)
[2026-08-11 23:16:49] [INFO] [javdb_scraper.py:196] - 🔎 [553/608] 抓取详情: SONE-720 (https://javdb.com/v/deROGe)
[2026-08-11 23:16:49] [INFO] [server.py:588] - [全量订阅演员一条龙 [全量翻页 | 抓取元数据入库]] 🔎 [553/608] 抓取详情: SONE-720 (https://javdb.com/v/deROGe)
[2026-08-11 23:16:52] [INFO] [javdb_scraper.py:196] - 🔍 [DB] 番号 [SONE-720] 详情已存库 (网页暂无可用磁力，已开启 30 天新片追查模式)
[2026-08-11 23:16:52] [INFO] [server.py:588] - [全量订阅演员一条龙 [全量翻页 | 抓取元数据入库]] 🔍 [DB] 番号 [SONE-720] 详情已存库 (网页暂无可用磁力，已开启 30 天新片追查模式)
[2026-08-11 23:16:52] [INFO] [javdb_scraper.py:196] - 🔎 [554/608] 抓取详情: SONE-725 (https://javdb.com/v/a8BYxX)
[2026-08-11 23:16:52] [INFO] [server.py:588] - [全量订阅演员一条龙 [全量翻页 | 抓取元数据入库]] 🔎 [554/608] 抓取详情: SONE-725 (https://javdb.com/v/a8BYxX)
[2026-08-11 23:16:54] [INFO] [javdb_scraper.py:196] - 🔍 [DB] 番号 [SONE-725] 详情已存库 (网页暂无可用磁力，已开启 30 天新片追查模式)
[2026-08-11 23:16:54] [INFO] [server.py:588] - [全量订阅演员一条龙 [全量翻页 | 抓取元数据入库]] 🔍 [DB] 番号 [SONE-725] 详情已存库 (网页暂无可用磁力，已开启 30 天新片追查模式)
[2026-08-11 23:16:54] [INFO] [javdb_scraper.py:196] - 🔎 [555/608] 抓取详情: SONE-758 (https://javdb.com/v/YwrOPe)
[2026-08-11 23:16:54] [INFO] [server.py:588] - [全量订阅演员一条龙 [全量翻页 | 抓取元数据入库]] 🔎 [555/608] 抓取详情: SONE-758 (https://javdb.com/v/YwrOPe)
[2026-08-11 23:16:58] [INFO] [javdb_scraper.py:196] - 🔍 [DB] 番号 [SONE-758] 详情已存库 (网页暂无可用磁力，已开启 30 天新片追查模式)
[2026-08-11 23:16:58] [INFO] [server.py:588] - [全量订阅演员一条龙 [全量翻页 | 抓取元数据入库]] 🔍 [DB] 番号 [SONE-758] 详情已存库 (网页暂无可用磁力，已开启 30 天新片追查模式)
[2026-08-11 23:16:58] [INFO] [javdb_scraper.py:196] - 🔎 [556/608] 抓取详情: SONE-763 (https://javdb.com/v/a8yV0p)
[2026-08-11 23:16:58] [INFO] [server.py:588] - [全量订阅演员一条龙 [全量翻页 | 抓取元数据入库]] 🔎 [556/608] 抓取详情: SONE-763 (https://javdb.com/v/a8yV0p)
[2026-08-11 23:17:01] [INFO] [javdb_scraper.py:196] - 🔍 [DB] 番号 [SONE-763] 详情已存库 (网页暂无可用磁力，已开启 30 天新片追查模式)
[2026-08-11 23:17:01] [INFO] [server.py:588] - [全量订阅演员一条龙 [全量翻页 | 抓取元数据入库]] 🔍 [DB] 番号 [SONE-763] 详情已存库 (网页暂无可用磁力，已开启 30 天新片追查模式)
[2026-08-11 23:17:01] [INFO] [javdb_scraper.py:196] - 🔎 [557/608] 抓取详情: SONE-811 (https://javdb.com/v/ZNdEbV)
[2026-08-11 23:17:01] [INFO] [server.py:588] - [全量订阅演员一条龙 [全量翻页 | 抓取元数据入库]] 🔎 [557/608] 抓取详情: SONE-811 (https://javdb.com/v/ZNdEbV)
[2026-08-11 23:17:03] [INFO] [javdb_scraper.py:196] - 🔍 [DB] 番号 [SONE-811] 详情已存库 (网页暂无可用磁力，已开启 30 天新片追查模式)
[2026-08-11 23:17:03] [INFO] [server.py:588] - [全量订阅演员一条龙 [全量翻页 | 抓取元数据入库]] 🔍 [DB] 番号 [SONE-811] 详情已存库 (网页暂无可用磁力，已开启 30 天新片追查模式)
[2026-08-11 23:17:03] [INFO] [javdb_scraper.py:196] - 🔎 [558/608] 抓取详情: SONE-817 (https://javdb.com/v/qAnvKe)
[2026-08-11 23:17:03] [INFO] [server.py:588] - [全量订阅演员一条龙 [全量翻页 | 抓取元数据入库]] 🔎 [558/608] 抓取详情: SONE-817 (https://javdb.com/v/qAnvKe)
[2026-08-11 23:17:06] [INFO] [javdb_scraper.py:196] - 🔍 [DB] 番号 [SONE-817] 详情已存库 (网页暂无可用磁力，已开启 30 天新片追查模式)
[2026-08-11 23:17:06] [INFO] [server.py:588] - [全量订阅演员一条龙 [全量翻页 | 抓取元数据入库]] 🔍 [DB] 番号 [SONE-817] 详情已存库 (网页暂无可用磁力，已开启 30 天新片追查模式)
[2026-08-11 23:17:06] [INFO] [javdb_scraper.py:196] - 🔎 [559/608] 抓取详情: SONE-846 (https://javdb.com/v/Mb4ZdR)
[2026-08-11 23:17:06] [INFO] [server.py:588] - [全量订阅演员一条龙 [全量翻页 | 抓取元数据入库]] 🔎 [559/608] 抓取详情: SONE-846 (https://javdb.com/v/Mb4ZdR)
[2026-08-11 23:17:09] [INFO] [javdb_scraper.py:196] - 🔍 [DB] 番号 [SONE-846] 详情已存库 (网页暂无可用磁力，已开启 30 天新片追查模式)
[2026-08-11 23:17:09] [INFO] [server.py:588] - [全量订阅演员一条龙 [全量翻页 | 抓取元数据入库]] 🔍 [DB] 番号 [SONE-846] 详情已存库 (网页暂无可用磁力，已开启 30 天新片追查模式)
[2026-08-11 23:17:09] [INFO] [javdb_scraper.py:196] - 🔎 [560/608] 抓取详情: SONE-853 (https://javdb.com/v/964qA5)
[2026-08-11 23:17:09] [INFO] [server.py:588] - [全量订阅演员一条龙 [全量翻页 | 抓取元数据入库]] 🔎 [560/608] 抓取详情: SONE-853 (https://javdb.com/v/964qA5)
[2026-08-11 23:17:12] [INFO] [javdb_scraper.py:196] - 🔍 [DB] 番号 [SONE-853] 详情已存库 (网页暂无可用磁力，已开启 30 天新片追查模式)
[2026-08-11 23:17:12] [INFO] [server.py:588] - [全量订阅演员一条龙 [全量翻页 | 抓取元数据入库]] 🔍 [DB] 番号 [SONE-853] 详情已存库 (网页暂无可用磁力，已开启 30 天新片追查模式)
[2026-08-11 23:17:12] [INFO] [javdb_scraper.py:196] - 🔎 [561/608] 抓取详情: SONE-912 (https://javdb.com/v/5n40z8)
[2026-08-11 23:17:12] [INFO] [server.py:588] - [全量订阅演员一条龙 [全量翻页 | 抓取元数据入库]] 🔎 [561/608] 抓取详情: SONE-912 (https://javdb.com/v/5n40z8)
[2026-08-11 23:17:15] [INFO] [javdb_scraper.py:196] - 🔍 [DB] 番号 [SONE-912] 详情已存库 (网页暂无可用磁力，已开启 30 天新片追查模式)
[2026-08-11 23:17:15] [INFO] [server.py:588] - [全量订阅演员一条龙 [全量翻页 | 抓取元数据入库]] 🔍 [DB] 番号 [SONE-912] 详情已存库 (网页暂无可用磁力，已开启 30 天新片追查模式)
[2026-08-11 23:17:15] [INFO] [javdb_scraper.py:196] - 🔎 [562/608] 抓取详情: SONE-967 (https://javdb.com/v/GZWAQJ)
[2026-08-11 23:17:15] [INFO] [server.py:588] - [全量订阅演员一条龙 [全量翻页 | 抓取元数据入库]] 🔎 [562/608] 抓取详情: SONE-967 (https://javdb.com/v/GZWAQJ)
[2026-08-11 23:17:17] [INFO] [javdb_scraper.py:196] - 🔍 [DB] 番号 [SONE-967] 详情已存库 (网页暂无可用磁力，已开启 30 天新片追查模式)
[2026-08-11 23:17:17] [INFO] [server.py:588] - [全量订阅演员一条龙 [全量翻页 | 抓取元数据入库]] 🔍 [DB] 番号 [SONE-967] 详情已存库 (网页暂无可用磁力，已开启 30 天新片追查模式)
[2026-08-11 23:17:17] [INFO] [javdb_scraper.py:196] - 🔎 [563/608] 抓取详情: SONE-974 (https://javdb.com/v/e8EXO1)
[2026-08-11 23:17:17] [INFO] [server.py:588] - [全量订阅演员一条龙 [全量翻页 | 抓取元数据入库]] 🔎 [563/608] 抓取详情: SONE-974 (https://javdb.com/v/e8EXO1)
[2026-08-11 23:17:20] [INFO] [javdb_scraper.py:196] - 🔍 [DB] 番号 [SONE-974] 详情已存库 (网页暂无可用磁力，已开启 30 天新片追查模式)
[2026-08-11 23:17:20] [INFO] [server.py:588] - [全量订阅演员一条龙 [全量翻页 | 抓取元数据入库]] 🔍 [DB] 番号 [SONE-974] 详情已存库 (网页暂无可用磁力，已开启 30 天新片追查模式)
[2026-08-11 23:17:20] [INFO] [javdb_scraper.py:196] - 🔎 [564/608] 抓取详情: SONE-991 (https://javdb.com/v/6dRezE)
[2026-08-11 23:17:20] [INFO] [server.py:588] - [全量订阅演员一条龙 [全量翻页 | 抓取元数据入库]] 🔎 [564/608] 抓取详情: SONE-991 (https://javdb.com/v/6dRezE)
[2026-08-11 23:17:24] [INFO] [javdb_scraper.py:196] - 🔍 [DB] 番号 [SONE-991] 详情已存库 (网页暂无可用磁力，已开启 30 天新片追查模式)
[2026-08-11 23:17:24] [INFO] [server.py:588] - [全量订阅演员一条龙 [全量翻页 | 抓取元数据入库]] 🔍 [DB] 番号 [SONE-991] 详情已存库 (网页暂无可用磁力，已开启 30 天新片追查模式)
[2026-08-11 23:17:24] [INFO] [javdb_scraper.py:196] - 🔎 [565/608] 抓取详情: SSIS-129 (https://javdb.com/v/x6qxg)
[2026-08-11 23:17:24] [INFO] [server.py:588] - [全量订阅演员一条龙 [全量翻页 | 抓取元数据入库]] 🔎 [565/608] 抓取详情: SSIS-129 (https://javdb.com/v/x6qxg)
[2026-08-11 23:17:27] [INFO] [javdb_scraper.py:196] - 🔍 [DB] 番号 [SSIS-129] 详情已存库 (网页暂无可用磁力，已开启 30 天新片追查模式)
[2026-08-11 23:17:27] [INFO] [server.py:588] - [全量订阅演员一条龙 [全量翻页 | 抓取元数据入库]] 🔍 [DB] 番号 [SSIS-129] 详情已存库 (网页暂无可用磁力，已开启 30 天新片追查模式)
[2026-08-11 23:17:27] [INFO] [javdb_scraper.py:196] - 🔎 [566/608] 抓取详情: SSIS-158 (https://javdb.com/v/abZJp)
[2026-08-11 23:17:27] [INFO] [server.py:588] - [全量订阅演员一条龙 [全量翻页 | 抓取元数据入库]] 🔎 [566/608] 抓取详情: SSIS-158 (https://javdb.com/v/abZJp)
[2026-08-11 23:17:30] [INFO] [javdb_scraper.py:196] - 🔍 [DB] 番号 [SSIS-158] 详情已存库 (网页暂无可用磁力，已开启 30 天新片追查模式)
[2026-08-11 23:17:30] [INFO] [server.py:588] - [全量订阅演员一条龙 [全量翻页 | 抓取元数据入库]] 🔍 [DB] 番号 [SSIS-158] 详情已存库 (网页暂无可用磁力，已开启 30 天新片追查模式)
[2026-08-11 23:17:30] [INFO] [javdb_scraper.py:196] - 🔎 [567/608] 抓取详情: SSIS-160 (https://javdb.com/v/Y2pBp)
[2026-08-11 23:17:30] [INFO] [server.py:588] - [全量订阅演员一条龙 [全量翻页 | 抓取元数据入库]] 🔎 [567/608] 抓取详情: SSIS-160 (https://javdb.com/v/Y2pBp)
[2026-08-11 23:17:34] [INFO] [javdb_scraper.py:196] - 🔍 [DB] 番号 [SSIS-160] 详情已存库 (网页暂无可用磁力，已开启 30 天新片追查模式)
[2026-08-11 23:17:34] [INFO] [server.py:588] - [全量订阅演员一条龙 [全量翻页 | 抓取元数据入库]] 🔍 [DB] 番号 [SSIS-160] 详情已存库 (网页暂无可用磁力，已开启 30 天新片追查模式)
[2026-08-11 23:17:34] [INFO] [javdb_scraper.py:196] - 🔎 [568/608] 抓取详情: SSIS-161 (https://javdb.com/v/EEgAd)
[2026-08-11 23:17:34] [INFO] [server.py:588] - [全量订阅演员一条龙 [全量翻页 | 抓取元数据入库]] 🔎 [568/608] 抓取详情: SSIS-161 (https://javdb.com/v/EEgAd)
[2026-08-11 23:17:38] [INFO] [javdb_scraper.py:196] - 🔍 [DB] 番号 [SSIS-161] 详情已存库 (网页暂无可用磁力，已开启 30 天新片追查模式)
[2026-08-11 23:17:38] [INFO] [server.py:588] - [全量订阅演员一条龙 [全量翻页 | 抓取元数据入库]] 🔍 [DB] 番号 [SSIS-161] 详情已存库 (网页暂无可用磁力，已开启 30 天新片追查模式)
[2026-08-11 23:17:38] [INFO] [javdb_scraper.py:196] - 🔎 [569/608] 抓取详情: SSIS-162 (https://javdb.com/v/POZPJ)
[2026-08-11 23:17:38] [INFO] [server.py:588] - [全量订阅演员一条龙 [全量翻页 | 抓取元数据入库]] 🔎 [569/608] 抓取详情: SSIS-162 (https://javdb.com/v/POZPJ)
[2026-08-11 23:17:41] [INFO] [javdb_scraper.py:196] - 🔍 [DB] 番号 [SSIS-162] 详情已存库 (网页暂无可用磁力，已开启 30 天新片追查模式)
[2026-08-11 23:17:41] [INFO] [server.py:588] - [全量订阅演员一条龙 [全量翻页 | 抓取元数据入库]] 🔍 [DB] 番号 [SSIS-162] 详情已存库 (网页暂无可用磁力，已开启 30 天新片追查模式)
[2026-08-11 23:17:41] [INFO] [javdb_scraper.py:196] - 🔎 [570/608] 抓取详情: SSIS-163 (https://javdb.com/v/nn0W4)
[2026-08-11 23:17:41] [INFO] [server.py:588] - [全量订阅演员一条龙 [全量翻页 | 抓取元数据入库]] 🔎 [570/608] 抓取详情: SSIS-163 (https://javdb.com/v/nn0W4)
[2026-08-11 23:17:43] [INFO] [javdb_scraper.py:196] - 🔍 [DB] 番号 [SSIS-163] 详情已存库 (网页暂无可用磁力，已开启 30 天新片追查模式)
[2026-08-11 23:17:43] [INFO] [server.py:588] - [全量订阅演员一条龙 [全量翻页 | 抓取元数据入库]] 🔍 [DB] 番号 [SSIS-163] 详情已存库 (网页暂无可用磁力，已开启 30 天新片追查模式)
[2026-08-11 23:17:43] [INFO] [javdb_scraper.py:196] - 🔎 [571/608] 抓取详情: SSIS-164 (https://javdb.com/v/XO6WP)
[2026-08-11 23:17:43] [INFO] [server.py:588] - [全量订阅演员一条龙 [全量翻页 | 抓取元数据入库]] 🔎 [571/608] 抓取详情: SSIS-164 (https://javdb.com/v/XO6WP)
[2026-08-11 23:17:46] [INFO] [javdb_scraper.py:196] - 🔍 [DB] 番号 [SSIS-164] 详情已存库 (网页暂无可用磁力，已开启 30 天新片追查模式)
[2026-08-11 23:17:46] [INFO] [server.py:588] - [全量订阅演员一条龙 [全量翻页 | 抓取元数据入库]] 🔍 [DB] 番号 [SSIS-164] 详情已存库 (网页暂无可用磁力，已开启 30 天新片追查模式)
[2026-08-11 23:17:46] [INFO] [javdb_scraper.py:196] - 🔎 [572/608] 抓取详情: SSIS-165 (https://javdb.com/v/b26Ae)
[2026-08-11 23:17:46] [INFO] [server.py:588] - [全量订阅演员一条龙 [全量翻页 | 抓取元数据入库]] 🔎 [572/608] 抓取详情: SSIS-165 (https://javdb.com/v/b26Ae)
[2026-08-11 23:17:50] [INFO] [javdb_scraper.py:196] - 🔍 [DB] 番号 [SSIS-165] 详情已存库 (网页暂无可用磁力，已开启 30 天新片追查模式)
[2026-08-11 23:17:50] [INFO] [server.py:588] - [全量订阅演员一条龙 [全量翻页 | 抓取元数据入库]] 🔍 [DB] 番号 [SSIS-165] 详情已存库 (网页暂无可用磁力，已开启 30 天新片追查模式)
[2026-08-11 23:17:50] [INFO] [javdb_scraper.py:196] - 🔎 [573/608] 抓取详情: SSIS-194 (https://javdb.com/v/JpzGd)
[2026-08-11 23:17:50] [INFO] [server.py:588] - [全量订阅演员一条龙 [全量翻页 | 抓取元数据入库]] 🔎 [573/608] 抓取详情: SSIS-194 (https://javdb.com/v/JpzGd)
[2026-08-11 23:17:53] [INFO] [javdb_scraper.py:196] - 🔍 [DB] 番号 [SSIS-194] 详情已存库 (网页暂无可用磁力，已开启 30 天新片追查模式)
[2026-08-11 23:17:53] [INFO] [server.py:588] - [全量订阅演员一条龙 [全量翻页 | 抓取元数据入库]] 🔍 [DB] 番号 [SSIS-194] 详情已存库 (网页暂无可用磁力，已开启 30 天新片追查模式)
[2026-08-11 23:17:53] [INFO] [javdb_scraper.py:196] - 🔎 [574/608] 抓取详情: SSIS-222 (https://javdb.com/v/1zNJw)
[2026-08-11 23:17:53] [INFO] [server.py:588] - [全量订阅演员一条龙 [全量翻页 | 抓取元数据入库]] 🔎 [574/608] 抓取详情: SSIS-222 (https://javdb.com/v/1zNJw)
[2026-08-11 23:17:56] [INFO] [javdb_scraper.py:196] - 🔍 [DB] 番号 [SSIS-222] 详情已存库 (网页暂无可用磁力，已开启 30 天新片追查模式)
[2026-08-11 23:17:56] [INFO] [server.py:588] - [全量订阅演员一条龙 [全量翻页 | 抓取元数据入库]] 🔍 [DB] 番号 [SSIS-222] 详情已存库 (网页暂无可用磁力，已开启 30 天新片追查模式)
[2026-08-11 23:17:56] [INFO] [javdb_scraper.py:196] - 🔎 [575/608] 抓取详情: SSIS-252 (https://javdb.com/v/EyeR4)
[2026-08-11 23:17:56] [INFO] [server.py:588] - [全量订阅演员一条龙 [全量翻页 | 抓取元数据入库]] 🔎 [575/608] 抓取详情: SSIS-252 (https://javdb.com/v/EyeR4)
[2026-08-11 23:17:58] [INFO] [javdb_scraper.py:196] - 🔍 [DB] 番号 [SSIS-252] 详情已存库 (网页暂无可用磁力，已开启 30 天新片追查模式)
[2026-08-11 23:17:58] [INFO] [server.py:588] - [全量订阅演员一条龙 [全量翻页 | 抓取元数据入库]] 🔍 [DB] 番号 [SSIS-252] 详情已存库 (网页暂无可用磁力，已开启 30 天新片追查模式)
[2026-08-11 23:17:58] [INFO] [javdb_scraper.py:196] - 🔎 [576/608] 抓取详情: SSIS-280 (https://javdb.com/v/mBm4v)
[2026-08-11 23:17:58] [INFO] [server.py:588] - [全量订阅演员一条龙 [全量翻页 | 抓取元数据入库]] 🔎 [576/608] 抓取详情: SSIS-280 (https://javdb.com/v/mBm4v)
[2026-08-11 23:18:01] [INFO] [javdb_scraper.py:196] - 🔍 [DB] 番号 [SSIS-280] 详情已存库 (网页暂无可用磁力，已开启 30 天新片追查模式)
[2026-08-11 23:18:01] [INFO] [server.py:588] - [全量订阅演员一条龙 [全量翻页 | 抓取元数据入库]] 🔍 [DB] 番号 [SSIS-280] 详情已存库 (网页暂无可用磁力，已开启 30 天新片追查模式)
[2026-08-11 23:18:01] [INFO] [javdb_scraper.py:196] - 🔎 [577/608] 抓取详情: SSIS-308 (https://javdb.com/v/dXWVe)
[2026-08-11 23:18:01] [INFO] [server.py:588] - [全量订阅演员一条龙 [全量翻页 | 抓取元数据入库]] 🔎 [577/608] 抓取详情: SSIS-308 (https://javdb.com/v/dXWVe)
[2026-08-11 23:18:03] [INFO] [javdb_scraper.py:196] - 🔍 [DB] 番号 [SSIS-308] 详情已存库 (网页暂无可用磁力，已开启 30 天新片追查模式)
[2026-08-11 23:18:03] [INFO] [server.py:588] - [全量订阅演员一条龙 [全量翻页 | 抓取元数据入库]] 🔍 [DB] 番号 [SSIS-308] 详情已存库 (网页暂无可用磁力，已开启 30 天新片追查模式)
[2026-08-11 23:18:03] [INFO] [javdb_scraper.py:196] - 🔎 [578/608] 抓取详情: SSIS-334 (https://javdb.com/v/b6ZDv)
[2026-08-11 23:18:03] [INFO] [server.py:588] - [全量订阅演员一条龙 [全量翻页 | 抓取元数据入库]] 🔎 [578/608] 抓取详情: SSIS-334 (https://javdb.com/v/b6ZDv)
[2026-08-11 23:18:07] [INFO] [javdb_scraper.py:196] - 🔍 [DB] 番号 [SSIS-334] 详情已存库 (网页暂无可用磁力，已开启 30 天新片追查模式)
[2026-08-11 23:18:07] [INFO] [server.py:588] - [全量订阅演员一条龙 [全量翻页 | 抓取元数据入库]] 🔍 [DB] 番号 [SSIS-334] 详情已存库 (网页暂无可用磁力，已开启 30 天新片追查模式)
[2026-08-11 23:18:07] [INFO] [javdb_scraper.py:196] - 🔎 [579/608] 抓取详情: SSIS-361 (https://javdb.com/v/rJ23R)
[2026-08-11 23:18:07] [INFO] [server.py:588] - [全量订阅演员一条龙 [全量翻页 | 抓取元数据入库]] 🔎 [579/608] 抓取详情: SSIS-361 (https://javdb.com/v/rJ23R)
[2026-08-11 23:18:10] [INFO] [javdb_scraper.py:196] - 🔍 [DB] 番号 [SSIS-361] 详情已存库 (网页暂无可用磁力，已开启 30 天新片追查模式)
[2026-08-11 23:18:10] [INFO] [server.py:588] - [全量订阅演员一条龙 [全量翻页 | 抓取元数据入库]] 🔍 [DB] 番号 [SSIS-361] 详情已存库 (网页暂无可用磁力，已开启 30 天新片追查模式)
[2026-08-11 23:18:10] [INFO] [javdb_scraper.py:196] - 🔎 [580/608] 抓取详情: SSIS-387 (https://javdb.com/v/RwRw4)
[2026-08-11 23:18:10] [INFO] [server.py:588] - [全量订阅演员一条龙 [全量翻页 | 抓取元数据入库]] 🔎 [580/608] 抓取详情: SSIS-387 (https://javdb.com/v/RwRw4)
[2026-08-11 23:18:12] [INFO] [javdb_scraper.py:196] - 🔍 [DB] 番号 [SSIS-387] 详情已存库 (网页暂无可用磁力，已开启 30 天新片追查模式)
[2026-08-11 23:18:12] [INFO] [server.py:588] - [全量订阅演员一条龙 [全量翻页 | 抓取元数据入库]] 🔍 [DB] 番号 [SSIS-387] 详情已存库 (网页暂无可用磁力，已开启 30 天新片追查模式)
[2026-08-11 23:18:12] [INFO] [javdb_scraper.py:196] - 🔎 [581/608] 抓取详情: SSIS-413 (https://javdb.com/v/EY5kJ)
[2026-08-11 23:18:12] [INFO] [server.py:588] - [全量订阅演员一条龙 [全量翻页 | 抓取元数据入库]] 🔎 [581/608] 抓取详情: SSIS-413 (https://javdb.com/v/EY5kJ)
[2026-08-11 23:18:14] [INFO] [javdb_scraper.py:196] - 🔍 [DB] 番号 [SSIS-413] 详情已存库 (网页暂无可用磁力，已开启 30 天新片追查模式)
[2026-08-11 23:18:14] [INFO] [server.py:588] - [全量订阅演员一条龙 [全量翻页 | 抓取元数据入库]] 🔍 [DB] 番号 [SSIS-413] 详情已存库 (网页暂无可用磁力，已开启 30 天新片追查模式)
[2026-08-11 23:18:14] [INFO] [javdb_scraper.py:196] - 🔎 [582/608] 抓取详情: SSIS-440 (https://javdb.com/v/OP77B)
[2026-08-11 23:18:14] [INFO] [server.py:588] - [全量订阅演员一条龙 [全量翻页 | 抓取元数据入库]] 🔎 [582/608] 抓取详情: SSIS-440 (https://javdb.com/v/OP77B)
[2026-08-11 23:18:18] [INFO] [javdb_scraper.py:196] - 🔍 [DB] 番号 [SSIS-440] 详情已存库 (网页暂无可用磁力，已开启 30 天新片追查模式)
[2026-08-11 23:18:18] [INFO] [server.py:588] - [全量订阅演员一条龙 [全量翻页 | 抓取元数据入库]] 🔍 [DB] 番号 [SSIS-440] 详情已存库 (网页暂无可用磁力，已开启 30 天新片追查模式)
[2026-08-11 23:18:18] [INFO] [javdb_scraper.py:196] - 🔎 [583/608] 抓取详情: SSIS-468 (https://javdb.com/v/0Rvnp3)
[2026-08-11 23:18:18] [INFO] [server.py:588] - [全量订阅演员一条龙 [全量翻页 | 抓取元数据入库]] 🔎 [583/608] 抓取详情: SSIS-468 (https://javdb.com/v/0Rvnp3)
[2026-08-11 23:18:20] [INFO] [javdb_scraper.py:196] - 🔍 [DB] 番号 [SSIS-468] 详情已存库 (网页暂无可用磁力，已开启 30 天新片追查模式)
[2026-08-11 23:18:20] [INFO] [server.py:588] - [全量订阅演员一条龙 [全量翻页 | 抓取元数据入库]] 🔍 [DB] 番号 [SSIS-468] 详情已存库 (网页暂无可用磁力，已开启 30 天新片追查模式)
[2026-08-11 23:18:20] [INFO] [javdb_scraper.py:196] - 🔎 [584/608] 抓取详情: SSIS-499 (https://javdb.com/v/1BAd4d)
[2026-08-11 23:18:20] [INFO] [server.py:588] - [全量订阅演员一条龙 [全量翻页 | 抓取元数据入库]] 🔎 [584/608] 抓取详情: SSIS-499 (https://javdb.com/v/1BAd4d)
[2026-08-11 23:18:23] [INFO] [javdb_scraper.py:196] - 🔍 [DB] 番号 [SSIS-499] 详情已存库 (网页暂无可用磁力，已开启 30 天新片追查模式)
[2026-08-11 23:18:23] [INFO] [server.py:588] - [全量订阅演员一条龙 [全量翻页 | 抓取元数据入库]] 🔍 [DB] 番号 [SSIS-499] 详情已存库 (网页暂无可用磁力，已开启 30 天新片追查模式)
[2026-08-11 23:18:23] [INFO] [javdb_scraper.py:196] - 🔎 [585/608] 抓取详情: SSIS-531 (https://javdb.com/v/g0O1Yq)
[2026-08-11 23:18:23] [INFO] [server.py:588] - [全量订阅演员一条龙 [全量翻页 | 抓取元数据入库]] 🔎 [585/608] 抓取详情: SSIS-531 (https://javdb.com/v/g0O1Yq)
[2026-08-11 23:18:26] [INFO] [javdb_scraper.py:196] - 🔍 [DB] 番号 [SSIS-531] 详情已存库 (网页暂无可用磁力，已开启 30 天新片追查模式)
[2026-08-11 23:18:26] [INFO] [server.py:588] - [全量订阅演员一条龙 [全量翻页 | 抓取元数据入库]] 🔍 [DB] 番号 [SSIS-531] 详情已存库 (网页暂无可用磁力，已开启 30 天新片追查模式)
[2026-08-11 23:18:26] [INFO] [javdb_scraper.py:196] - 🔎 [586/608] 抓取详情: SSIS-560 (https://javdb.com/v/W1KVxK)
[2026-08-11 23:18:26] [INFO] [server.py:588] - [全量订阅演员一条龙 [全量翻页 | 抓取元数据入库]] 🔎 [586/608] 抓取详情: SSIS-560 (https://javdb.com/v/W1KVxK)
[2026-08-11 23:18:29] [INFO] [javdb_scraper.py:196] - 🔍 [DB] 番号 [SSIS-560] 详情已存库 (网页暂无可用磁力，已开启 30 天新片追查模式)
[2026-08-11 23:18:29] [INFO] [server.py:588] - [全量订阅演员一条龙 [全量翻页 | 抓取元数据入库]] 🔍 [DB] 番号 [SSIS-560] 详情已存库 (网页暂无可用磁力，已开启 30 天新片追查模式)
[2026-08-11 23:18:29] [INFO] [javdb_scraper.py:196] - 🔎 [587/608] 抓取详情: SSIS-586 (https://javdb.com/v/W14M5q)
[2026-08-11 23:18:29] [INFO] [server.py:588] - [全量订阅演员一条龙 [全量翻页 | 抓取元数据入库]] 🔎 [587/608] 抓取详情: SSIS-586 (https://javdb.com/v/W14M5q)
[2026-08-11 23:18:32] [INFO] [javdb_scraper.py:196] - 🔍 [DB] 番号 [SSIS-586] 详情已存库 (网页暂无可用磁力，已开启 30 天新片追查模式)
[2026-08-11 23:18:32] [INFO] [server.py:588] - [全量订阅演员一条龙 [全量翻页 | 抓取元数据入库]] 🔍 [DB] 番号 [SSIS-586] 详情已存库 (网页暂无可用磁力，已开启 30 天新片追查模式)
[2026-08-11 23:18:32] [INFO] [javdb_scraper.py:196] - 🔎 [588/608] 抓取详情: SSIS-595 (https://javdb.com/v/PQ8O7v)
[2026-08-11 23:18:32] [INFO] [server.py:588] - [全量订阅演员一条龙 [全量翻页 | 抓取元数据入库]] 🔎 [588/608] 抓取详情: SSIS-595 (https://javdb.com/v/PQ8O7v)
[2026-08-11 23:18:35] [INFO] [javdb_scraper.py:196] - 🔍 [DB] 番号 [SSIS-595] 详情已存库 (网页暂无可用磁力，已开启 30 天新片追查模式)
[2026-08-11 23:18:35] [INFO] [server.py:588] - [全量订阅演员一条龙 [全量翻页 | 抓取元数据入库]] 🔍 [DB] 番号 [SSIS-595] 详情已存库 (网页暂无可用磁力，已开启 30 天新片追查模式)
[2026-08-11 23:18:35] [INFO] [javdb_scraper.py:196] - 🔎 [589/608] 抓取详情: SSIS-607 (https://javdb.com/v/MmEXER)
[2026-08-11 23:18:35] [INFO] [server.py:588] - [全量订阅演员一条龙 [全量翻页 | 抓取元数据入库]] 🔎 [589/608] 抓取详情: SSIS-607 (https://javdb.com/v/MmEXER)
[2026-08-11 23:18:38] [INFO] [javdb_scraper.py:196] - 🔍 [DB] 番号 [SSIS-607] 详情已存库 (网页暂无可用磁力，已开启 30 天新片追查模式)
[2026-08-11 23:18:38] [INFO] [server.py:588] - [全量订阅演员一条龙 [全量翻页 | 抓取元数据入库]] 🔍 [DB] 番号 [SSIS-607] 详情已存库 (网页暂无可用磁力，已开启 30 天新片追查模式)
[2026-08-11 23:18:38] [INFO] [javdb_scraper.py:196] - 🔎 [590/608] 抓取详情: SSIS-685 (https://javdb.com/v/eKb2wp)
[2026-08-11 23:18:38] [INFO] [server.py:588] - [全量订阅演员一条龙 [全量翻页 | 抓取元数据入库]] 🔎 [590/608] 抓取详情: SSIS-685 (https://javdb.com/v/eKb2wp)
[2026-08-11 23:18:42] [INFO] [javdb_scraper.py:196] - 🔍 [DB] 番号 [SSIS-685] 详情已存库 (网页暂无可用磁力，已开启 30 天新片追查模式)
[2026-08-11 23:18:42] [INFO] [server.py:588] - [全量订阅演员一条龙 [全量翻页 | 抓取元数据入库]] 🔍 [DB] 番号 [SSIS-685] 详情已存库 (网页暂无可用磁力，已开启 30 天新片追查模式)
[2026-08-11 23:18:42] [INFO] [javdb_scraper.py:196] - 🔎 [591/608] 抓取详情: SSIS-721 (https://javdb.com/v/YnJMe6)
[2026-08-11 23:18:42] [INFO] [server.py:588] - [全量订阅演员一条龙 [全量翻页 | 抓取元数据入库]] 🔎 [591/608] 抓取详情: SSIS-721 (https://javdb.com/v/YnJMe6)
[2026-08-11 23:18:45] [INFO] [javdb_scraper.py:196] - 🔍 [DB] 番号 [SSIS-721] 详情已存库 (网页暂无可用磁力，已开启 30 天新片追查模式)
[2026-08-11 23:18:45] [INFO] [server.py:588] - [全量订阅演员一条龙 [全量翻页 | 抓取元数据入库]] 🔍 [DB] 番号 [SSIS-721] 详情已存库 (网页暂无可用磁力，已开启 30 天新片追查模式)
[2026-08-11 23:18:45] [INFO] [javdb_scraper.py:196] - 🔎 [592/608] 抓取详情: SSIS-762 (https://javdb.com/v/B8wE34)
[2026-08-11 23:18:45] [INFO] [server.py:588] - [全量订阅演员一条龙 [全量翻页 | 抓取元数据入库]] 🔎 [592/608] 抓取详情: SSIS-762 (https://javdb.com/v/B8wE34)
[2026-08-11 23:18:48] [INFO] [javdb_scraper.py:196] - 🔍 [DB] 番号 [SSIS-762] 详情已存库 (网页暂无可用磁力，已开启 30 天新片追查模式)
[2026-08-11 23:18:48] [INFO] [server.py:588] - [全量订阅演员一条龙 [全量翻页 | 抓取元数据入库]] 🔍 [DB] 番号 [SSIS-762] 详情已存库 (网页暂无可用磁力，已开启 30 天新片追查模式)
[2026-08-11 23:18:48] [INFO] [javdb_scraper.py:196] - 🔎 [593/608] 抓取详情: SSIS-801 (https://javdb.com/v/g08yOm)
[2026-08-11 23:18:48] [INFO] [server.py:588] - [全量订阅演员一条龙 [全量翻页 | 抓取元数据入库]] 🔎 [593/608] 抓取详情: SSIS-801 (https://javdb.com/v/g08yOm)
[2026-08-11 23:18:51] [INFO] [javdb_scraper.py:196] - 🔍 [DB] 番号 [SSIS-801] 详情已存库 (网页暂无可用磁力，已开启 30 天新片追查模式)
[2026-08-11 23:18:51] [INFO] [server.py:588] - [全量订阅演员一条龙 [全量翻页 | 抓取元数据入库]] 🔍 [DB] 番号 [SSIS-801] 详情已存库 (网页暂无可用磁力，已开启 30 天新片追查模式)
[2026-08-11 23:18:51] [INFO] [javdb_scraper.py:196] - 🔎 [594/608] 抓取详情: SSIS-839 (https://javdb.com/v/MmvbqX)
[2026-08-11 23:18:51] [INFO] [server.py:588] - [全量订阅演员一条龙 [全量翻页 | 抓取元数据入库]] 🔎 [594/608] 抓取详情: SSIS-839 (https://javdb.com/v/MmvbqX)
[2026-08-11 23:18:55] [INFO] [javdb_scraper.py:196] - 🔍 [DB] 番号 [SSIS-839] 详情已存库 (网页暂无可用磁力，已开启 30 天新片追查模式)
[2026-08-11 23:18:55] [INFO] [server.py:588] - [全量订阅演员一条龙 [全量翻页 | 抓取元数据入库]] 🔍 [DB] 番号 [SSIS-839] 详情已存库 (网页暂无可用磁力，已开启 30 天新片追查模式)
[2026-08-11 23:18:55] [INFO] [javdb_scraper.py:196] - 🔎 [595/608] 抓取详情: SSIS-875 (https://javdb.com/v/g0JB2Z)
[2026-08-11 23:18:55] [INFO] [server.py:588] - [全量订阅演员一条龙 [全量翻页 | 抓取元数据入库]] 🔎 [595/608] 抓取详情: SSIS-875 (https://javdb.com/v/g0JB2Z)
[2026-08-11 23:18:58] [INFO] [javdb_scraper.py:196] - 🔍 [DB] 番号 [SSIS-875] 详情已存库 (网页暂无可用磁力，已开启 30 天新片追查模式)
[2026-08-11 23:18:58] [INFO] [server.py:588] - [全量订阅演员一条龙 [全量翻页 | 抓取元数据入库]] 🔍 [DB] 番号 [SSIS-875] 详情已存库 (网页暂无可用磁力，已开启 30 天新片追查模式)
[2026-08-11 23:18:58] [INFO] [javdb_scraper.py:196] - 🔎 [596/608] 抓取详情: SSIS-913 (https://javdb.com/v/Yn167x)
[2026-08-11 23:18:58] [INFO] [server.py:588] - [全量订阅演员一条龙 [全量翻页 | 抓取元数据入库]] 🔎 [596/608] 抓取详情: SSIS-913 (https://javdb.com/v/Yn167x)
[2026-08-11 23:19:01] [INFO] [javdb_scraper.py:196] - 🔍 [DB] 番号 [SSIS-913] 详情已存库 (网页暂无可用磁力，已开启 30 天新片追查模式)
[2026-08-11 23:19:01] [INFO] [server.py:588] - [全量订阅演员一条龙 [全量翻页 | 抓取元数据入库]] 🔍 [DB] 番号 [SSIS-913] 详情已存库 (网页暂无可用磁力，已开启 30 天新片追查模式)
[2026-08-11 23:19:01] [INFO] [javdb_scraper.py:196] - 🔎 [597/608] 抓取详情: SSIS-951 (https://javdb.com/v/J2QAg3)
[2026-08-11 23:19:01] [INFO] [server.py:588] - [全量订阅演员一条龙 [全量翻页 | 抓取元数据入库]] 🔎 [597/608] 抓取详情: SSIS-951 (https://javdb.com/v/J2QAg3)
[2026-08-11 23:19:04] [INFO] [javdb_scraper.py:196] - 🔍 [DB] 番号 [SSIS-951] 详情已存库 (网页暂无可用磁力，已开启 30 天新片追查模式)
[2026-08-11 23:19:04] [INFO] [server.py:588] - [全量订阅演员一条龙 [全量翻页 | 抓取元数据入库]] 🔍 [DB] 番号 [SSIS-951] 详情已存库 (网页暂无可用磁力，已开启 30 天新片追查模式)
[2026-08-11 23:19:04] [INFO] [javdb_scraper.py:196] - 🔎 [598/608] 抓取详情: SSIS-984 (https://javdb.com/v/1BnXvw)
[2026-08-11 23:19:04] [INFO] [server.py:588] - [全量订阅演员一条龙 [全量翻页 | 抓取元数据入库]] 🔎 [598/608] 抓取详情: SSIS-984 (https://javdb.com/v/1BnXvw)
[2026-08-11 23:19:08] [INFO] [javdb_scraper.py:196] - 🔍 [DB] 番号 [SSIS-984] 详情已存库 (网页暂无可用磁力，已开启 30 天新片追查模式)
[2026-08-11 23:19:08] [INFO] [server.py:588] - [全量订阅演员一条龙 [全量翻页 | 抓取元数据入库]] 🔍 [DB] 番号 [SSIS-984] 详情已存库 (网页暂无可用磁力，已开启 30 天新片追查模式)
[2026-08-11 23:19:08] [INFO] [javdb_scraper.py:196] - 🔎 [599/608] 抓取详情: SSNI-190 (https://javdb.com/v/4MdG)
[2026-08-11 23:19:08] [INFO] [server.py:588] - [全量订阅演员一条龙 [全量翻页 | 抓取元数据入库]] 🔎 [599/608] 抓取详情: SSNI-190 (https://javdb.com/v/4MdG)
[2026-08-11 23:19:10] [INFO] [javdb_scraper.py:196] - 🔍 [DB] 番号 [SSNI-190] 详情已存库 (网页暂无可用磁力，已开启 30 天新片追查模式)
[2026-08-11 23:19:10] [INFO] [server.py:588] - [全量订阅演员一条龙 [全量翻页 | 抓取元数据入库]] 🔍 [DB] 番号 [SSNI-190] 详情已存库 (网页暂无可用磁力，已开启 30 天新片追查模式)
[2026-08-11 23:19:10] [INFO] [javdb_scraper.py:196] - 🔎 [600/608] 抓取详情: SSNI-216 (https://javdb.com/v/Bz1YG)
[2026-08-11 23:19:10] [INFO] [server.py:588] - [全量订阅演员一条龙 [全量翻页 | 抓取元数据入库]] 🔎 [600/608] 抓取详情: SSNI-216 (https://javdb.com/v/Bz1YG)
[2026-08-11 23:19:13] [INFO] [javdb_scraper.py:196] - 🔍 [DB] 番号 [SSNI-216] 详情已存库 (网页暂无可用磁力，已开启 30 天新片追查模式)
[2026-08-11 23:19:13] [INFO] [server.py:588] - [全量订阅演员一条龙 [全量翻页 | 抓取元数据入库]] 🔍 [DB] 番号 [SSNI-216] 详情已存库 (网页暂无可用磁力，已开启 30 天新片追查模式)
[2026-08-11 23:19:13] [INFO] [javdb_scraper.py:196] - 🔎 [601/608] 抓取详情: SSNI-240 (https://javdb.com/v/V4GbA)
[2026-08-11 23:19:13] [INFO] [server.py:588] - [全量订阅演员一条龙 [全量翻页 | 抓取元数据入库]] 🔎 [601/608] 抓取详情: SSNI-240 (https://javdb.com/v/V4GbA)
[2026-08-11 23:19:17] [INFO] [javdb_scraper.py:196] - 🔍 [DB] 番号 [SSNI-240] 详情已存库 (网页暂无可用磁力，已开启 30 天新片追查模式)
[2026-08-11 23:19:17] [INFO] [server.py:588] - [全量订阅演员一条龙 [全量翻页 | 抓取元数据入库]] 🔍 [DB] 番号 [SSNI-240] 详情已存库 (网页暂无可用磁力，已开启 30 天新片追查模式)
[2026-08-11 23:19:17] [INFO] [javdb_scraper.py:196] - 🔎 [602/608] 抓取详情: SSNI-266 (https://javdb.com/v/V4MZz)
[2026-08-11 23:19:17] [INFO] [server.py:588] - [全量订阅演员一条龙 [全量翻页 | 抓取元数据入库]] 🔎 [602/608] 抓取详情: SSNI-266 (https://javdb.com/v/V4MZz)
[2026-08-11 23:19:19] [INFO] [javdb_scraper.py:196] - 🔍 [DB] 番号 [SSNI-266] 详情已存库 (网页暂无可用磁力，已开启 30 天新片追查模式)
[2026-08-11 23:19:19] [INFO] [server.py:588] - [全量订阅演员一条龙 [全量翻页 | 抓取元数据入库]] 🔍 [DB] 番号 [SSNI-266] 详情已存库 (网页暂无可用磁力，已开启 30 天新片追查模式)
[2026-08-11 23:19:19] [INFO] [javdb_scraper.py:196] - 🔎 [603/608] 抓取详情: SSNI-288 (https://javdb.com/v/WwG3Q)
[2026-08-11 23:19:19] [INFO] [server.py:588] - [全量订阅演员一条龙 [全量翻页 | 抓取元数据入库]] 🔎 [603/608] 抓取详情: SSNI-288 (https://javdb.com/v/WwG3Q)
[2026-08-11 23:19:23] [INFO] [javdb_scraper.py:196] - 🔍 [DB] 番号 [SSNI-288] 详情已存库 (网页暂无可用磁力，已开启 30 天新片追查模式)
[2026-08-11 23:19:23] [INFO] [server.py:588] - [全量订阅演员一条龙 [全量翻页 | 抓取元数据入库]] 🔍 [DB] 番号 [SSNI-288] 详情已存库 (网页暂无可用磁力，已开启 30 天新片追查模式)
[2026-08-11 23:19:23] [INFO] [javdb_scraper.py:196] - 🔎 [604/608] 抓取详情: SSNI-309 (https://javdb.com/v/0eGn3)
[2026-08-11 23:19:23] [INFO] [server.py:588] - [全量订阅演员一条龙 [全量翻页 | 抓取元数据入库]] 🔎 [604/608] 抓取详情: SSNI-309 (https://javdb.com/v/0eGn3)
[2026-08-11 23:19:31] [INFO] [javdb_scraper.py:196] - 🔍 [DB] 番号 [SSNI-309] 详情已存库 (网页暂无可用磁力，已开启 30 天新片追查模式)
[2026-08-11 23:19:31] [INFO] [server.py:588] - [全量订阅演员一条龙 [全量翻页 | 抓取元数据入库]] 🔍 [DB] 番号 [SSNI-309] 详情已存库 (网页暂无可用磁力，已开启 30 天新片追查模式)
[2026-08-11 23:19:31] [INFO] [javdb_scraper.py:196] - 🔎 [605/608] 抓取详情: SSPD-147 (https://javdb.com/v/zxVGz)
[2026-08-11 23:19:31] [INFO] [server.py:588] - [全量订阅演员一条龙 [全量翻页 | 抓取元数据入库]] 🔎 [605/608] 抓取详情: SSPD-147 (https://javdb.com/v/zxVGz)
[2026-08-11 23:19:34] [INFO] [javdb_scraper.py:196] - 🔍 [DB] 番号 [SSPD-147] 详情已存库 (网页暂无可用磁力，已开启 30 天新片追查模式)
[2026-08-11 23:19:34] [INFO] [server.py:588] - [全量订阅演员一条龙 [全量翻页 | 抓取元数据入库]] 🔍 [DB] 番号 [SSPD-147] 详情已存库 (网页暂无可用磁力，已开启 30 天新片追查模式)
[2026-08-11 23:19:34] [INFO] [javdb_scraper.py:196] - 🔎 [606/608] 抓取详情: TKIPX-871 (https://javdb.com/v/62XZM)
[2026-08-11 23:19:34] [INFO] [server.py:588] - [全量订阅演员一条龙 [全量翻页 | 抓取元数据入库]] 🔎 [606/608] 抓取详情: TKIPX-871 (https://javdb.com/v/62XZM)
[2026-08-11 23:19:37] [INFO] [javdb_scraper.py:196] - 🔍 [DB] 番号 [TKIPX-871] 详情已存库 (网页暂无可用磁力，已开启 30 天新片追查模式)
[2026-08-11 23:19:37] [INFO] [server.py:588] - [全量订阅演员一条龙 [全量翻页 | 抓取元数据入库]] 🔍 [DB] 番号 [TKIPX-871] 详情已存库 (网页暂无可用磁力，已开启 30 天新片追查模式)
[2026-08-11 23:19:37] [INFO] [javdb_scraper.py:196] - 🔎 [607/608] 抓取详情: WICP-004 (https://javdb.com/v/YavVz)
[2026-08-11 23:19:37] [INFO] [server.py:588] - [全量订阅演员一条龙 [全量翻页 | 抓取元数据入库]] 🔎 [607/608] 抓取详情: WICP-004 (https://javdb.com/v/YavVz)
[2026-08-11 23:19:40] [INFO] [javdb_scraper.py:196] - 🔍 [DB] 番号 [WICP-004] 详情已存库 (网页暂无可用磁力，已开启 30 天新片追查模式)
[2026-08-11 23:19:40] [INFO] [server.py:588] - [全量订阅演员一条龙 [全量翻页 | 抓取元数据入库]] 🔍 [DB] 番号 [WICP-004] 详情已存库 (网页暂无可用磁力，已开启 30 天新片追查模式)
[2026-08-11 23:19:40] [INFO] [javdb_scraper.py:196] - 🔎 [608/608] 抓取详情: WICP-005 (https://javdb.com/v/bmbGP)
[2026-08-11 23:19:40] [INFO] [server.py:588] - [全量订阅演员一条龙 [全量翻页 | 抓取元数据入库]] 🔎 [608/608] 抓取详情: WICP-005 (https://javdb.com/v/bmbGP)
[2026-08-11 23:19:42] [INFO] [javdb_scraper.py:196] - 🔍 [DB] 番号 [WICP-005] 详情已存库 (网页暂无可用磁力，已开启 30 天新片追查模式)
[2026-08-11 23:19:42] [INFO] [server.py:588] - [全量订阅演员一条龙 [全量翻页 | 抓取元数据入库]] 🔍 [DB] 番号 [WICP-005] 详情已存库 (网页暂无可用磁力，已开启 30 天新片追查模式)
[2026-08-11 23:19:42] [INFO] [server.py:588] - [全量订阅演员一条龙 [全量翻页 | 抓取元数据入库]] 🎉 [演员一条龙] 全部订阅演员增量巡检与磁力详情抓取入库完成！(可由 '115 离线自动推送' 任务统一进行离线离线)
[2026-08-11 23:20:56] [INFO] [server.py:226] - ⏰ APScheduler 定时任务引擎已启动
[2026-08-11 23:20:56] [INFO] [server.py:239] - 🔄 [Lifespan] 自动成功恢复了 2 个持久化 Cron 定时任务！
[2026-08-11 23:20:56] [INFO] [server.py:242] - 📥 异步任务队列 Consumer 已就绪
[2026-08-11 23:21:46] [INFO] [javdb_scraper.py:1510] - 📊 [115 Quota] 离线配额 -> 总量: 1500, 已用: 10, 剩余可用: 1490
[2026-08-11 23:22:04] [INFO] [server.py:570] - ⏰ [Cron 定时任务触发] ID: transfer_push_cron_msos1dcj | 115 离线自动推送 [时间段: 今天抓取 | 自动对齐115真实状态]
[2026-08-11 23:22:04] [INFO] [server.py:796] - 🚀 [Cron Trigger] 手动触发运行定时任务 ID: transfer_push_cron_msos1dcj (115 离线自动推送 [时间段: 今天抓取 | 自动对齐115真实状态])
[2026-08-11 23:22:04] [INFO] [server.py:588] - [115 离线自动推送 [时间段: 今天抓取 | 自动对齐115真实状态]] 🚀 [115 Cron] 启动 115 自动化离线推送: 时间段 [2026-08-11 00:00:00 ~ 2026-08-11 23:59:59], 磁力类型 [smart_priority]
[2026-08-11 23:22:04] [INFO] [javdb_scraper.py:1510] - 📊 [115 Quota] 离线配额 -> 总量: 1500, 已用: 10, 剩余可用: 1490
[2026-08-11 23:22:04] [INFO] [javdb_scraper.py:1351] - 🚀 [115 Smart Push] 开始批量提交 443 条高优先级/升阶磁力推送...
[2026-08-11 23:22:04] [INFO] [javdb_scraper.py:1090] - 🚀 [115 Gateway] 提交离线任务到 115 网关 | 保存路径: /有码/彩月七緒/高清破解/2026-08-11
[2026-08-11 23:22:04] [ERROR] [javdb_scraper.py:1097] - ❌ [115 Gateway] 网关返回错误 (HTTP 422): {"detail":[{"type":"string_type","loc":["body","urls"],"msg":"Input should be a valid string","input":["magnet:?xt=urn:btih:32e0b0dc5f39c5030dbe077fdac3ff24161c2b1e&dn=[javdb.com]DSOD-062-U.无码破解.torrent","magnet:?xt=urn:btih:bce798cd25ee64531758183724213c8af95673f5&dn=[javdb.com]PRED-886-U.无码破解.torrent","magnet:?xt=urn:btih:20db607fa00cb43e12cc9b4850473b72b677262f&dn=[javdb.com]WAAA-661-U.无码破解.torrent","magnet:?xt=urn:btih:31a83434f26bccdb67a1411d8d506b652d194215&dn=[javdb.com]MNGS-071-U.无码破解.torrent","magnet:?xt=urn:btih:976b7cef25bdc086faf80a078e4ea0305addafea&dn=[javdb.com]MUKA-008-U.无码破解.torrent"]}]}
[2026-08-11 23:22:04] [ERROR] [javdb_scraper.py:1377] - ❌ [115 Smart Push] 批次推送失败: 115 网关报错: {"detail":[{"type":"string_type","loc":["body","urls"],"msg":"Input should be a valid string","input":["magnet:?xt=urn:btih:32e0b0dc5f39c5030dbe077fdac3ff24161c2b1e&dn=[javdb.com]DSOD-062-U.无码破解.torrent","magnet:?xt=urn:btih:bce798cd25ee64531758183724213c8af95673f5&dn=[javdb.com]PRED-886-U.无码破解.torrent","magnet:?xt=urn:btih:20db607fa00cb43e12cc9b4850473b72b677262f&dn=[javdb.com]WAAA-661-U.无码破解.torrent","magnet:?xt=urn:btih:31a83434f26bccdb67a1411d8d506b652d194215&dn=[javdb.com]MNGS-071-U.无码破解.torrent","magnet:?xt=urn:btih:976b7cef25bdc086faf80a078e4ea0305addafea&dn=[javdb.com]MUKA-008-U.无码破解.torrent"]}]}
[2026-08-11 23:22:07] [INFO] [javdb_scraper.py:1090] - 🚀 [115 Gateway] 提交离线任务到 115 网关 | 保存路径: /有码/彩月七緒/高清破解/2026-08-11
[2026-08-11 23:22:07] [ERROR] [javdb_scraper.py:1097] - ❌ [115 Gateway] 网关返回错误 (HTTP 422): {"detail":[{"type":"string_type","loc":["body","urls"],"msg":"Input should be a valid string","input":["magnet:?xt=urn:btih:bd64d4322857dfa77a0e212771e0499c003fea6a&dn=[javdb.com]JUFE-622-U.无码破解.torrent","magnet:?xt=urn:btih:d5d0608505f48106c30dbd385171f2bb3843f6ef&dn=[javdb.com]MIMK-279-U.无码破解.torrent"]}]}
[2026-08-11 23:22:07] [ERROR] [javdb_scraper.py:1377] - ❌ [115 Smart Push] 批次推送失败: 115 网关报错: {"detail":[{"type":"string_type","loc":["body","urls"],"msg":"Input should be a valid string","input":["magnet:?xt=urn:btih:bd64d4322857dfa77a0e212771e0499c003fea6a&dn=[javdb.com]JUFE-622-U.无码破解.torrent","magnet:?xt=urn:btih:d5d0608505f48106c30dbd385171f2bb3843f6ef&dn=[javdb.com]MIMK-279-U.无码破解.torrent"]}]}
[2026-08-11 23:22:07] [INFO] [javdb_scraper.py:1090] - 🚀 [115 Gateway] 提交离线任务到 115 网关 | 保存路径: /有码/彩月七緒/中字有码/2026-08-11
[2026-08-11 23:22:07] [ERROR] [javdb_scraper.py:1097] - ❌ [115 Gateway] 网关返回错误 (HTTP 422): {"detail":[{"type":"string_type","loc":["body","urls"],"msg":"Input should be a valid string","input":["magnet:?xt=urn:btih:93c34d04c0eb901218ef3532596dbb64d8fad8ed&dn=[javdb.com]ADN-801-C.torrent","magnet:?xt=urn:btih:c2b06aa86c8b41a16d3fca8915e128fb3bdb7407&dn=[javdb.com]MVSD-696-C.torrent","magnet:?xt=urn:btih:974a67119a6040c1bc46bb1319e96cc6a54073d9&dn=[javdb.com]DASS-977-C.torrent","magnet:?xt=urn:btih:5c4289c49b7fcf032ebb42d97ff21e24b2b5190c&dn=[javdb.com]YUJ-066-C.torrent","magnet:?xt=urn:btih:7067a809f56cae609a83a2befafe8bbcce8e2540&dn=[javdb.com]ROYD-318-C.torrent"]}]}
[2026-08-11 23:22:07] [ERROR] [javdb_scraper.py:1377] - ❌ [115 Smart Push] 批次推送失败: 115 网关报错: {"detail":[{"type":"string_type","loc":["body","urls"],"msg":"Input should be a valid string","input":["magnet:?xt=urn:btih:93c34d04c0eb901218ef3532596dbb64d8fad8ed&dn=[javdb.com]ADN-801-C.torrent","magnet:?xt=urn:btih:c2b06aa86c8b41a16d3fca8915e128fb3bdb7407&dn=[javdb.com]MVSD-696-C.torrent","magnet:?xt=urn:btih:974a67119a6040c1bc46bb1319e96cc6a54073d9&dn=[javdb.com]DASS-977-C.torrent","magnet:?xt=urn:btih:5c4289c49b7fcf032ebb42d97ff21e24b2b5190c&dn=[javdb.com]YUJ-066-C.torrent","magnet:?xt=urn:btih:7067a809f56cae609a83a2befafe8bbcce8e2540&dn=[javdb.com]ROYD-318-C.torrent"]}]}
[2026-08-11 23:22:13] [INFO] [javdb_scraper.py:1090] - 🚀 [115 Gateway] 提交离线任务到 115 网关 | 保存路径: /有码/彩月七緒/中字有码/2026-08-11
[2026-08-11 23:22:13] [ERROR] [javdb_scraper.py:1097] - ❌ [115 Gateway] 网关返回错误 (HTTP 422): {"detail":[{"type":"string_type","loc":["body","urls"],"msg":"Input should be a valid string","input":["magnet:?xt=urn:btih:9eac84db5d30e0b57eaa46a58e0b278bb1842976&dn=[javdb.com]DASS-945-C.torrent","magnet:?xt=urn:btih:d5631d7b5a20f20adea7c213baf2a5a85d4a2ea0&dn=[javdb.com]JUR-753-C.torrent","magnet:?xt=urn:btih:21e4c2f53b1d473a2f38afbdecc86845f863d1c8&dn=[javdb.com]MNGS-051-C.torrent","magnet:?xt=urn:btih:0b565ef44178454a299e3934f8c28da3a365df80&dn=[javdb.com]HMN-849-C.torrent","magnet:?xt=urn:btih:17039dd39d61719d70d2cee3c9d04ea1ea1394b6&dn=[javdb.com]JUFE-618-C.torrent"]}]}
[2026-08-11 23:22:13] [ERROR] [javdb_scraper.py:1377] - ❌ [115 Smart Push] 批次推送失败: 115 网关报错: {"detail":[{"type":"string_type","loc":["body","urls"],"msg":"Input should be a valid string","input":["magnet:?xt=urn:btih:9eac84db5d30e0b57eaa46a58e0b278bb1842976&dn=[javdb.com]DASS-945-C.torrent","magnet:?xt=urn:btih:d5631d7b5a20f20adea7c213baf2a5a85d4a2ea0&dn=[javdb.com]JUR-753-C.torrent","magnet:?xt=urn:btih:21e4c2f53b1d473a2f38afbdecc86845f863d1c8&dn=[javdb.com]MNGS-051-C.torrent","magnet:?xt=urn:btih:0b565ef44178454a299e3934f8c28da3a365df80&dn=[javdb.com]HMN-849-C.torrent","magnet:?xt=urn:btih:17039dd39d61719d70d2cee3c9d04ea1ea1394b6&dn=[javdb.com]JUFE-618-C.torrent"]}]}
[2026-08-11 23:22:17] [INFO] [javdb_scraper.py:1090] - 🚀 [115 Gateway] 提交离线任务到 115 网关 | 保存路径: /有码/彩月七緒/中字有码/2026-08-11
[2026-08-11 23:22:17] [ERROR] [javdb_scraper.py:1097] - ❌ [115 Gateway] 网关返回错误 (HTTP 422): {"detail":[{"type":"string_type","loc":["body","urls"],"msg":"Input should be a valid string","input":["magnet:?xt=urn:btih:8bb02a4706fbc36f047ce87c263302718659a6e9&dn=[javdb.com]START-463-C.torrent","magnet:?xt=urn:btih:3d1d979bce80c8da59aa2f80f5ad477b4057460f&dn=[javdb.com]START-442-C.torrent","magnet:?xt=urn:btih:c08a27f9899a39775652b8d803e0e309043c799f&dn=[javdb.com]START-415-C.torrent","magnet:?xt=urn:btih:2d5c1842371c11830afb3362a64a375bc0cdd584&dn=[javdb.com]START-404-C.torrent","magnet:?xt=urn:btih:0b740b68be76f8bbc7afeaf0c8158e73114672d6&dn=[javdb.com]NAAC-025-C Best naked 02/彩月七緒 （ブルーレイディスク） チェキ付き"]}]}
[2026-08-11 23:22:17] [ERROR] [javdb_scraper.py:1377] - ❌ [115 Smart Push] 批次推送失败: 115 网关报错: {"detail":[{"type":"string_type","loc":["body","urls"],"msg":"Input should be a valid string","input":["magnet:?xt=urn:btih:8bb02a4706fbc36f047ce87c263302718659a6e9&dn=[javdb.com]START-463-C.torrent","magnet:?xt=urn:btih:3d1d979bce80c8da59aa2f80f5ad477b4057460f&dn=[javdb.com]START-442-C.torrent","magnet:?xt=urn:btih:c08a27f9899a39775652b8d803e0e309043c799f&dn=[javdb.com]START-415-C.torrent","magnet:?xt=urn:btih:2d5c1842371c11830afb3362a64a375bc0cdd584&dn=[javdb.com]START-404-C.torrent","magnet:?xt=urn:btih:0b740b68be76f8bbc7afeaf0c8158e73114672d6&dn=[javdb.com]NAAC-025-C Best naked 02/彩月七緒 （ブルーレイディスク） チェキ付き"]}]}
[2026-08-11 23:22:23] [INFO] [javdb_scraper.py:1090] - 🚀 [115 Gateway] 提交离线任务到 115 网关 | 保存路径: /有码/彩月七緒/中字有码/2026-08-11
[2026-08-11 23:22:23] [ERROR] [javdb_scraper.py:1097] - ❌ [115 Gateway] 网关返回错误 (HTTP 422): {"detail":[{"type":"string_type","loc":["body","urls"],"msg":"Input should be a valid string","input":["magnet:?xt=urn:btih:e106931acfb73d2c4daf97f5da40dd076aead4bb&dn=[javdb.com]START-270-C.torrent","magnet:?xt=urn:btih:6bfa2520d388384c2a1e0d5e040cc0335dce22b4&dn=[javdb.com]START-256-C.torrent","magnet:?xt=urn:btih:5f0d2b83a938c9d0f56e2daa20ea81333589e2bb&dn=[javdb.com]START-227-C.torrent","magnet:?xt=urn:btih:b6a9acfd761b5daea9a7172b18e047a075d91154&dn=[javdb.com]START-223-C.torrent","magnet:?xt=urn:btih:29ec0c19913f1128e0c250fb656c533529b3713e&dn=[javdb.com]START-154-C.torrent"]}]}
[2026-08-11 23:22:23] [ERROR] [javdb_scraper.py:1377] - ❌ [115 Smart Push] 批次推送失败: 115 网关报错: {"detail":[{"type":"string_type","loc":["body","urls"],"msg":"Input should be a valid string","input":["magnet:?xt=urn:btih:e106931acfb73d2c4daf97f5da40dd076aead4bb&dn=[javdb.com]START-270-C.torrent","magnet:?xt=urn:btih:6bfa2520d388384c2a1e0d5e040cc0335dce22b4&dn=[javdb.com]START-256-C.torrent","magnet:?xt=urn:btih:5f0d2b83a938c9d0f56e2daa20ea81333589e2bb&dn=[javdb.com]START-227-C.torrent","magnet:?xt=urn:btih:b6a9acfd761b5daea9a7172b18e047a075d91154&dn=[javdb.com]START-223-C.torrent","magnet:?xt=urn:btih:29ec0c19913f1128e0c250fb656c533529b3713e&dn=[javdb.com]START-154-C.torrent"]}]}
[2026-08-11 23:22:28] [INFO] [javdb_scraper.py:1090] - 🚀 [115 Gateway] 提交离线任务到 115 网关 | 保存路径: /有码/彩月七緒/中字有码/2026-08-11
[2026-08-11 23:22:28] [ERROR] [javdb_scraper.py:1097] - ❌ [115 Gateway] 网关返回错误 (HTTP 422): {"detail":[{"type":"string_type","loc":["body","urls"],"msg":"Input should be a valid string","input":["magnet:?xt=urn:btih:103f1bce49c8c8e89e7473339ec515ac2047354b&dn=[javdb.com]START-125-C.torrent","magnet:?xt=urn:btih:8968ca2f4ebdd446bb628cc32b2e45e0d62797ee&dn=[javdb.com]START-056-C.torrent","magnet:?xt=urn:btih:55c1d90b64c4962f397a81e0360fcfb6ec13f7cc&dn=[javdb.com]START-048-C.torrent","magnet:?xt=urn:btih:c9ab9848badcd01de4f494df15609f010ee4313d&dn=[javdb.com]START-020-C.torrent","magnet:?xt=urn:btih:4443fcd33dae177e2ea5861f5b6b8fa75b052148&dn=[javdb.com]STZY-011-C_GG5"]}]}
[2026-08-11 23:22:28] [ERROR] [javdb_scraper.py:1377] - ❌ [115 Smart Push] 批次推送失败: 115 网关报错: {"detail":[{"type":"string_type","loc":["body","urls"],"msg":"Input should be a valid string","input":["magnet:?xt=urn:btih:103f1bce49c8c8e89e7473339ec515ac2047354b&dn=[javdb.com]START-125-C.torrent","magnet:?xt=urn:btih:8968ca2f4ebdd446bb628cc32b2e45e0d62797ee&dn=[javdb.com]START-056-C.torrent","magnet:?xt=urn:btih:55c1d90b64c4962f397a81e0360fcfb6ec13f7cc&dn=[javdb.com]START-048-C.torrent","magnet:?xt=urn:btih:c9ab9848badcd01de4f494df15609f010ee4313d&dn=[javdb.com]START-020-C.torrent","magnet:?xt=urn:btih:4443fcd33dae177e2ea5861f5b6b8fa75b052148&dn=[javdb.com]STZY-011-C_GG5"]}]}
[2026-08-11 23:22:28] [INFO] [javdb_scraper.py:1090] - 🚀 [115 Gateway] 提交离线任务到 115 网关 | 保存路径: /有码/彩月七緒/普通磁力/2026-08-11
[2026-08-11 23:22:28] [ERROR] [javdb_scraper.py:1097] - ❌ [115 Gateway] 网关返回错误 (HTTP 422): {"detail":[{"type":"string_type","loc":["body","urls"],"msg":"Input should be a valid string","input":["magnet:?xt=urn:btih:c3e927ddd37a5fb7d8cdf61ca3bf3616c4480351&dn=[javdb.com]CAWD-987","magnet:?xt=urn:btih:5e180af196a874c2967166c444892448cad4167e&dn=[javdb.com]JUFE-617","magnet:?xt=urn:btih:666e7499f184aba336a5cd7f4a77a7a7e4e80e6e&dn=[javdb.com]SDHS-065.torrent","magnet:?xt=urn:btih:efef008ce1da9724df89c719a1814cc2f5760b4e&dn=[javdb.com]NAAC-050","magnet:?xt=urn:btih:7a1c42e817d5c031e6fdbc7209d1a0c719521919&dn=[javdb.com]start-356.torrent"]}]}
[2026-08-11 23:22:28] [ERROR] [javdb_scraper.py:1377] - ❌ [115 Smart Push] 批次推送失败: 115 网关报错: {"detail":[{"type":"string_type","loc":["body","urls"],"msg":"Input should be a valid string","input":["magnet:?xt=urn:btih:c3e927ddd37a5fb7d8cdf61ca3bf3616c4480351&dn=[javdb.com]CAWD-987","magnet:?xt=urn:btih:5e180af196a874c2967166c444892448cad4167e&dn=[javdb.com]JUFE-617","magnet:?xt=urn:btih:666e7499f184aba336a5cd7f4a77a7a7e4e80e6e&dn=[javdb.com]SDHS-065.torrent","magnet:?xt=urn:btih:efef008ce1da9724df89c719a1814cc2f5760b4e&dn=[javdb.com]NAAC-050","magnet:?xt=urn:btih:7a1c42e817d5c031e6fdbc7209d1a0c719521919&dn=[javdb.com]start-356.torrent"]}]}
[2026-08-11 23:22:35] [WARNING] [server.py:540] - 🛑 [Queue] 用户发出了针对运行中任务 [transfer_push_cron_msos1dcj] 的停止指令
[2026-08-11 23:22:36] [INFO] [javdb_scraper.py:1090] - 🚀 [115 Gateway] 提交离线任务到 115 网关 | 保存路径: /有码/彩月七緒/普通磁力/2026-08-11
[2026-08-11 23:22:36] [ERROR] [javdb_scraper.py:1097] - ❌ [115 Gateway] 网关返回错误 (HTTP 422): {"detail":[{"type":"string_type","loc":["body","urls"],"msg":"Input should be a valid string","input":["magnet:?xt=urn:btih:df7e55492c025cb967131456d050471bf2a08a47&dn=[javdb.com]第一會所新片@SIS001@DSVR-1760-A","magnet:?xt=urn:btih:5f013e925ff944ad0e4534c2504dfb2aa65b2598&dn=[javdb.com]START-315.mp4","magnet:?xt=urn:btih:0f057700feac449de6ab93fe4ed2be16d22ff9e9&dn=[javdb.com]NAAC-019","magnet:?xt=urn:btih:6d5f6f54785c6e95909ab13019cd89503e50df39&dn=[javdb.com]start-227-v","magnet:?xt=urn:btih:8d69c3314b8c632938c4d3838360cf64ce22dcd8&dn=[javdb.com]start-202.torrent"]}]}
[2026-08-11 23:22:36] [ERROR] [javdb_scraper.py:1377] - ❌ [115 Smart Push] 批次推送失败: 115 网关报错: {"detail":[{"type":"string_type","loc":["body","urls"],"msg":"Input should be a valid string","input":["magnet:?xt=urn:btih:df7e55492c025cb967131456d050471bf2a08a47&dn=[javdb.com]第一會所新片@SIS001@DSVR-1760-A","magnet:?xt=urn:btih:5f013e925ff944ad0e4534c2504dfb2aa65b2598&dn=[javdb.com]START-315.mp4","magnet:?xt=urn:btih:0f057700feac449de6ab93fe4ed2be16d22ff9e9&dn=[javdb.com]NAAC-019","magnet:?xt=urn:btih:6d5f6f54785c6e95909ab13019cd89503e50df39&dn=[javdb.com]start-227-v","magnet:?xt=urn:btih:8d69c3314b8c632938c4d3838360cf64ce22dcd8&dn=[javdb.com]start-202.torrent"]}]}
[2026-08-11 23:22:40] [INFO] [javdb_scraper.py:1090] - 🚀 [115 Gateway] 提交离线任务到 115 网关 | 保存路径: /有码/彩月七緒/普通磁力/2026-08-11
[2026-08-11 23:22:40] [ERROR] [javdb_scraper.py:1097] - ❌ [115 Gateway] 网关返回错误 (HTTP 422): {"detail":[{"type":"string_type","loc":["body","urls"],"msg":"Input should be a valid string","input":["magnet:?xt=urn:btih:5bcd9236733c1ddd8820334def36641efc4ca25a&dn=[javdb.com]DSVR-1627 【VR】VR CHANNEL 005 8K VR7射精 彩月七緒 彩月七緒を感じる5コーナー（顔、身体、胸、尻、緊張）5コーナー×顔特化キス＆ガン見フェラ×全裸観察×オイルエステ×おっぱい密着特化×ハメ撮り特化SEX","magnet:?xt=urn:btih:250f62265e61593267941565605ee2b589e75d53&dn=[javdb.com]start-183.torrent","magnet:?xt=urn:btih:32c72f63a42bdd1db32709d4254d077758345fc2&dn=[javdb.com]START-096","magnet:?xt=urn:btih:c2b4553b0d90a986f4444342f0a3d8d963b78273&dn=[javdb.com]start-082.torrent","magnet:?xt=urn:btih:990009c0f90a581c926a03c524247be42fb3fd9c&dn=[javdb.com]start-010.torrent"]}]}
[2026-08-11 23:22:40] [ERROR] [javdb_scraper.py:1377] - ❌ [115 Smart Push] 批次推送失败: 115 网关报错: {"detail":[{"type":"string_type","loc":["body","urls"],"msg":"Input should be a valid string","input":["magnet:?xt=urn:btih:5bcd9236733c1ddd8820334def36641efc4ca25a&dn=[javdb.com]DSVR-1627 【VR】VR CHANNEL 005 8K VR7射精 彩月七緒 彩月七緒を感じる5コーナー（顔、身体、胸、尻、緊張）5コーナー×顔特化キス＆ガン見フェラ×全裸観察×オイルエステ×おっぱい密着特化×ハメ撮り特化SEX","magnet:?xt=urn:btih:250f62265e61593267941565605ee2b589e75d53&dn=[javdb.com]start-183.torrent","magnet:?xt=urn:btih:32c72f63a42bdd1db32709d4254d077758345fc2&dn=[javdb.com]START-096","magnet:?xt=urn:btih:c2b4553b0d90a986f4444342f0a3d8d963b78273&dn=[javdb.com]start-082.torrent","magnet:?xt=urn:btih:990009c0f90a581c926a03c524247be42fb3fd9c&dn=[javdb.com]start-010.torrent"]}]}
[2026-08-11 23:22:40] [INFO] [javdb_scraper.py:1090] - 🚀 [115 Gateway] 提交离线任务到 115 网关 | 保存路径: /有码/彩月七緒/4K超清/2026-08-11
[2026-08-11 23:22:40] [ERROR] [javdb_scraper.py:1097] - ❌ [115 Gateway] 网关返回错误 (HTTP 422): {"detail":[{"type":"string_type","loc":["body","urls"],"msg":"Input should be a valid string","input":["magnet:?xt=urn:btih:5f34038ef3918595109108e8b93b1da59f46032c&dn=[javdb.com]4k-NAAC-036 .mp4","magnet:?xt=urn:btih:67d91f2f0ceb7025e76e5b635406f86f866790f1&dn=[javdb.com]SDHS-062.[4K]","magnet:?xt=urn:btih:df47e20b3efe2fd9fe1375769faa613034971400&dn=[javdb.com]START-327.[4K]","magnet:?xt=urn:btih:2df83ba40e3f14e0da5bbf2921a5900eea23b70d&dn=[javdb.com]START-298.[4K]@R90s"]}]}
[2026-08-11 23:22:40] [ERROR] [javdb_scraper.py:1377] - ❌ [115 Smart Push] 批次推送失败: 115 网关报错: {"detail":[{"type":"string_type","loc":["body","urls"],"msg":"Input should be a valid string","input":["magnet:?xt=urn:btih:5f34038ef3918595109108e8b93b1da59f46032c&dn=[javdb.com]4k-NAAC-036 .mp4","magnet:?xt=urn:btih:67d91f2f0ceb7025e76e5b635406f86f866790f1&dn=[javdb.com]SDHS-062.[4K]","magnet:?xt=urn:btih:df47e20b3efe2fd9fe1375769faa613034971400&dn=[javdb.com]START-327.[4K]","magnet:?xt=urn:btih:2df83ba40e3f14e0da5bbf2921a5900eea23b70d&dn=[javdb.com]START-298.[4K]@R90s"]}]}
[2026-08-11 23:22:40] [INFO] [javdb_scraper.py:1090] - 🚀 [115 Gateway] 提交离线任务到 115 网关 | 保存路径: /有码/白石るな/高清破解/2026-08-11
[2026-08-11 23:22:40] [ERROR] [javdb_scraper.py:1097] - ❌ [115 Gateway] 网关返回错误 (HTTP 422): {"detail":[{"type":"string_type","loc":["body","urls"],"msg":"Input should be a valid string","input":["magnet:?xt=urn:btih:cf0ff249c334049ef829683aa5757ef2dbe9fd7d&dn=[javdb.com]IPZZ-893-U.无码破解.torrent"]}]}
[2026-08-11 23:22:40] [ERROR] [javdb_scraper.py:1377] - ❌ [115 Smart Push] 批次推送失败: 115 网关报错: {"detail":[{"type":"string_type","loc":["body","urls"],"msg":"Input should be a valid string","input":["magnet:?xt=urn:btih:cf0ff249c334049ef829683aa5757ef2dbe9fd7d&dn=[javdb.com]IPZZ-893-U.无码破解.torrent"]}]}
[2026-08-11 23:22:40] [INFO] [javdb_scraper.py:1090] - 🚀 [115 Gateway] 提交离线任务到 115 网关 | 保存路径: /有码/音あずさ/普通磁力/2026-08-11
[2026-08-11 23:22:40] [ERROR] [javdb_scraper.py:1097] - ❌ [115 Gateway] 网关返回错误 (HTTP 422): {"detail":[{"type":"string_type","loc":["body","urls"],"msg":"Input should be a valid string","input":["magnet:?xt=urn:btih:f1fbd2775e21957475de46ec7af6c3394abab353&dn=[javdb.com]FCP-058","magnet:?xt=urn:btih:a9445738798166b64c5e9066087f833aacd77867&dn=[javdb.com]MAAN-678","magnet:?xt=urn:btih:282b6552d0f39e8743b86c8aaac939cf5822a4b8&dn=[javdb.com]300NTK-548.mp4","magnet:?xt=urn:btih:68617bfc056b8d75999bbb6181333051a827adca&dn=[javdb.com]音あずさ @IPX-262.mp4","magnet:?xt=urn:btih:9fb2bcfe74750fccfffb3c40bc473f6507b7a180&dn=[javdb.com][44x.me]SSNI-319"]}]}
[2026-08-11 23:22:40] [ERROR] [javdb_scraper.py:1377] - ❌ [115 Smart Push] 批次推送失败: 115 网关报错: {"detail":[{"type":"string_type","loc":["body","urls"],"msg":"Input should be a valid string","input":["magnet:?xt=urn:btih:f1fbd2775e21957475de46ec7af6c3394abab353&dn=[javdb.com]FCP-058","magnet:?xt=urn:btih:a9445738798166b64c5e9066087f833aacd77867&dn=[javdb.com]MAAN-678","magnet:?xt=urn:btih:282b6552d0f39e8743b86c8aaac939cf5822a4b8&dn=[javdb.com]300NTK-548.mp4","magnet:?xt=urn:btih:68617bfc056b8d75999bbb6181333051a827adca&dn=[javdb.com]音あずさ @IPX-262.mp4","magnet:?xt=urn:btih:9fb2bcfe74750fccfffb3c40bc473f6507b7a180&dn=[javdb.com][44x.me]SSNI-319"]}]}
[2026-08-11 23:22:40] [INFO] [javdb_scraper.py:1090] - 🚀 [115 Gateway] 提交离线任务到 115 网关 | 保存路径: /有码/夏目彩春/普通磁力/2026-08-11
[2026-08-11 23:22:40] [ERROR] [javdb_scraper.py:1097] - ❌ [115 Gateway] 网关返回错误 (HTTP 422): {"detail":[{"type":"string_type","loc":["body","urls"],"msg":"Input should be a valid string","input":["magnet:?xt=urn:btih:a541a17870579182006b724592deab44a91442f3&dn=[javdb.com]ATKD-302","magnet:?xt=urn:btih:9cead2ca10012436dbe73b5a17d803f7f9e3129d&dn=[javdb.com]ATKD-289"]}]}
[2026-08-11 23:22:40] [ERROR] [javdb_scraper.py:1377] - ❌ [115 Smart Push] 批次推送失败: 115 网关报错: {"detail":[{"type":"string_type","loc":["body","urls"],"msg":"Input should be a valid string","input":["magnet:?xt=urn:btih:a541a17870579182006b724592deab44a91442f3&dn=[javdb.com]ATKD-302","magnet:?xt=urn:btih:9cead2ca10012436dbe73b5a17d803f7f9e3129d&dn=[javdb.com]ATKD-289"]}]}
[2026-08-11 23:22:40] [INFO] [javdb_scraper.py:1090] - 🚀 [115 Gateway] 提交离线任务到 115 网关 | 保存路径: /有码/あやみ旬果/普通磁力/2026-08-11
[2026-08-11 23:22:40] [ERROR] [javdb_scraper.py:1097] - ❌ [115 Gateway] 网关返回错误 (HTTP 422): {"detail":[{"type":"string_type","loc":["body","urls"],"msg":"Input should be a valid string","input":["magnet:?xt=urn:btih:a5caa35fd846809c5b838058ff754f77413867e7&dn=[javdb.com]ofje-218"]}]}
[2026-08-11 23:22:40] [ERROR] [javdb_scraper.py:1377] - ❌ [115 Smart Push] 批次推送失败: 115 网关报错: {"detail":[{"type":"string_type","loc":["body","urls"],"msg":"Input should be a valid string","input":["magnet:?xt=urn:btih:a5caa35fd846809c5b838058ff754f77413867e7&dn=[javdb.com]ofje-218"]}]}
[2026-08-11 23:22:40] [INFO] [javdb_scraper.py:1090] - 🚀 [115 Gateway] 提交离线任务到 115 网关 | 保存路径: /有码/夕美しおん/普通磁力/2026-08-11
[2026-08-11 23:22:40] [ERROR] [javdb_scraper.py:1097] - ❌ [115 Gateway] 网关返回错误 (HTTP 422): {"detail":[{"type":"string_type","loc":["body","urls"],"msg":"Input should be a valid string","input":["magnet:?xt=urn:btih:702cd1b24b85d103cd50634f4f507152755e667f&dn=[javdb.com]OFJE-199"]}]}
[2026-08-11 23:22:40] [ERROR] [javdb_scraper.py:1377] - ❌ [115 Smart Push] 批次推送失败: 115 网关报错: {"detail":[{"type":"string_type","loc":["body","urls"],"msg":"Input should be a valid string","input":["magnet:?xt=urn:btih:702cd1b24b85d103cd50634f4f507152755e667f&dn=[javdb.com]OFJE-199"]}]}
[2026-08-11 23:22:40] [INFO] [javdb_scraper.py:1090] - 🚀 [115 Gateway] 提交离线任务到 115 网关 | 保存路径: /有码/音あずさ/中字有码/2026-08-11
[2026-08-11 23:22:40] [ERROR] [javdb_scraper.py:1097] - ❌ [115 Gateway] 网关返回错误 (HTTP 422): {"detail":[{"type":"string_type","loc":["body","urls"],"msg":"Input should be a valid string","input":["magnet:?xt=urn:btih:d46d4762cc9b5689e932eade36c71aaf35371ee7&dn=[javdb.com][7sht.me]SHKD-841-C.torrent","magnet:?xt=urn:btih:aa716aa64e442d9f4402ba8049e8c7777a99ed20&dn=[javdb.com]shkd-831-C.torrent","magnet:?xt=urn:btih:c915aa2c7a90c7c16993e48e28fda2d0fa2f2c0a&dn=[javdb.com][7sht.me]ssni-363-C.torrent","magnet:?xt=urn:btih:42b7fb3777eb1a3ab9b69044b7db0ff3609c7d11&dn=[javdb.com][22y.me]ssni-341-C","magnet:?xt=urn:btih:2aa4a099447827b8df25a3ac04c85d547d9a7f34&dn=[javdb.com]SSNI-299-C.torrent"]}]}
[2026-08-11 23:22:40] [ERROR] [javdb_scraper.py:1377] - ❌ [115 Smart Push] 批次推送失败: 115 网关报错: {"detail":[{"type":"string_type","loc":["body","urls"],"msg":"Input should be a valid string","input":["magnet:?xt=urn:btih:d46d4762cc9b5689e932eade36c71aaf35371ee7&dn=[javdb.com][7sht.me]SHKD-841-C.torrent","magnet:?xt=urn:btih:aa716aa64e442d9f4402ba8049e8c7777a99ed20&dn=[javdb.com]shkd-831-C.torrent","magnet:?xt=urn:btih:c915aa2c7a90c7c16993e48e28fda2d0fa2f2c0a&dn=[javdb.com][7sht.me]ssni-363-C.torrent","magnet:?xt=urn:btih:42b7fb3777eb1a3ab9b69044b7db0ff3609c7d11&dn=[javdb.com][22y.me]ssni-341-C","magnet:?xt=urn:btih:2aa4a099447827b8df25a3ac04c85d547d9a7f34&dn=[javdb.com]SSNI-299-C.torrent"]}]}
[2026-08-11 23:22:44] [INFO] [javdb_scraper.py:1510] - 📊 [115 Quota] 离线配额 -> 总量: 1500, 已用: 10, 剩余可用: 1490
[2026-08-11 23:22:47] [INFO] [javdb_scraper.py:1090] - 🚀 [115 Gateway] 提交离线任务到 115 网关 | 保存路径: /有码/音あずさ/中字有码/2026-08-11
[2026-08-11 23:22:47] [ERROR] [javdb_scraper.py:1097] - ❌ [115 Gateway] 网关返回错误 (HTTP 422): {"detail":[{"type":"string_type","loc":["body","urls"],"msg":"Input should be a valid string","input":["magnet:?xt=urn:btih:89939ae4ec814c16b832a1577523dd6e18eebaa5&dn=[javdb.com][22sht.me]SSNI-277-C.torrent","magnet:?xt=urn:btih:f6dd925c056d02840f68f4a06e415200d94c1899&dn=[javdb.com][7sht.me]SSNI-253-C.torrent"]}]}
[2026-08-11 23:22:47] [ERROR] [javdb_scraper.py:1377] - ❌ [115 Smart Push] 批次推送失败: 115 网关报错: {"detail":[{"type":"string_type","loc":["body","urls"],"msg":"Input should be a valid string","input":["magnet:?xt=urn:btih:89939ae4ec814c16b832a1577523dd6e18eebaa5&dn=[javdb.com][22sht.me]SSNI-277-C.torrent","magnet:?xt=urn:btih:f6dd925c056d02840f68f4a06e415200d94c1899&dn=[javdb.com][7sht.me]SSNI-253-C.torrent"]}]}
[2026-08-11 23:22:47] [INFO] [javdb_scraper.py:1090] - 🚀 [115 Gateway] 提交离线任务到 115 网关 | 保存路径: /有码/結愛さん/普通磁力/2026-08-11
[2026-08-11 23:22:47] [ERROR] [javdb_scraper.py:1097] - ❌ [115 Gateway] 网关返回错误 (HTTP 422): {"detail":[{"type":"string_type","loc":["body","urls"],"msg":"Input should be a valid string","input":["magnet:?xt=urn:btih:d2ba0741a36923e5a4a12c37c8c02f897b93673a&dn=[javdb.com]259LUXU-1891.torrent"]}]}
[2026-08-11 23:22:47] [ERROR] [javdb_scraper.py:1377] - ❌ [115 Smart Push] 批次推送失败: 115 网关报错: {"detail":[{"type":"string_type","loc":["body","urls"],"msg":"Input should be a valid string","input":["magnet:?xt=urn:btih:d2ba0741a36923e5a4a12c37c8c02f897b93673a&dn=[javdb.com]259LUXU-1891.torrent"]}]}
[2026-08-11 23:22:47] [INFO] [javdb_scraper.py:1090] - 🚀 [115 Gateway] 提交离线任务到 115 网关 | 保存路径: /有码/瀬戸環奈/中字有码/2026-08-11
[2026-08-11 23:22:48] [ERROR] [javdb_scraper.py:1097] - ❌ [115 Gateway] 网关返回错误 (HTTP 422): {"detail":[{"type":"string_type","loc":["body","urls"],"msg":"Input should be a valid string","input":["magnet:?xt=urn:btih:2c11da2f85b4332f037440b26f0ac3a8374be1a5&dn=[javdb.com]SNOS-258-C.torrent","magnet:?xt=urn:btih:5c161d32487ecf66d5c556467723093cf1d9e276&dn=[javdb.com]SNOS-183-C.torrent","magnet:?xt=urn:btih:53f141873572bdb9a06a1a17418d07be59ce3bd5&dn=[javdb.com]SNOS-131-C.torrent","magnet:?xt=urn:btih:068c3b22d294894fc78e7bec1b9193df10e98eca&dn=[javdb.com]OFJE-546-C 下から覗くSEXが一番エロい！ ブルルン弾みパイとずぼずぼマ●コを同時堪能できるS1爆乳女優ローアングルSEX100本番ラッシュ","magnet:?xt=urn:btih:d71a833c7850d3ef6bc02d28d5206f809dc136b4&dn=[javdb.com]瀬戸環奈出演有碼影片2AV女優作品中文字幕番號 OAE-291"]}]}
[2026-08-11 23:22:48] [ERROR] [javdb_scraper.py:1377] - ❌ [115 Smart Push] 批次推送失败: 115 网关报错: {"detail":[{"type":"string_type","loc":["body","urls"],"msg":"Input should be a valid string","input":["magnet:?xt=urn:btih:2c11da2f85b4332f037440b26f0ac3a8374be1a5&dn=[javdb.com]SNOS-258-C.torrent","magnet:?xt=urn:btih:5c161d32487ecf66d5c556467723093cf1d9e276&dn=[javdb.com]SNOS-183-C.torrent","magnet:?xt=urn:btih:53f141873572bdb9a06a1a17418d07be59ce3bd5&dn=[javdb.com]SNOS-131-C.torrent","magnet:?xt=urn:btih:068c3b22d294894fc78e7bec1b9193df10e98eca&dn=[javdb.com]OFJE-546-C 下から覗くSEXが一番エロい！ ブルルン弾みパイとずぼずぼマ●コを同時堪能できるS1爆乳女優ローアングルSEX100本番ラッシュ","magnet:?xt=urn:btih:d71a833c7850d3ef6bc02d28d5206f809dc136b4&dn=[javdb.com]瀬戸環奈出演有碼影片2AV女優作品中文字幕番號 OAE-291"]}]}
[2026-08-11 23:22:48] [INFO] [javdb_scraper.py:1090] - 🚀 [115 Gateway] 提交离线任务到 115 网关 | 保存路径: /有码/河北彩花/中字有码/2026-08-11
[2026-08-11 23:22:48] [ERROR] [javdb_scraper.py:1097] - ❌ [115 Gateway] 网关返回错误 (HTTP 422): {"detail":[{"type":"string_type","loc":["body","urls"],"msg":"Input should be a valid string","input":["magnet:?xt=urn:btih:f2f49e383cf3227f77fc7e98286b0ace32211493&dn=[javdb.com]OFJE-543-C トップS1女優のアヘ顔も結合部も同時に堪能できる貴重アングル！超美女なのに超下品！ぬき挿し丸見えオーガズム120本番","magnet:?xt=urn:btih:e80bdcc6d293f278f66656d7d2896873ba7c8cc7&dn=[javdb.com]SNOS-320-C.torrent","magnet:?xt=urn:btih:876e044868ac17281f4ec485c549d2c2c970398a&dn=[javdb.com]SNOS-275-C.torrent","magnet:?xt=urn:btih:4b29d25e6330bf4b0f8ed425cd06e1d6ae4186b9&dn=[javdb.com]SNOS-168-C.torrent","magnet:?xt=urn:btih:3c478c80a3774fcad99a1a2ed252351153806ddc&dn=[javdb.com]OFJE-512-C キングオブエロ痴女優21人 トップ美女たちがSEXを！快感を！思う存分楽しむ 女性上位のアンアン イクイク 騎乗位100 （ブルーレイディスク）"]}]}
[2026-08-11 23:22:48] [ERROR] [javdb_scraper.py:1377] - ❌ [115 Smart Push] 批次推送失败: 115 网关报错: {"detail":[{"type":"string_type","loc":["body","urls"],"msg":"Input should be a valid string","input":["magnet:?xt=urn:btih:f2f49e383cf3227f77fc7e98286b0ace32211493&dn=[javdb.com]OFJE-543-C トップS1女優のアヘ顔も結合部も同時に堪能できる貴重アングル！超美女なのに超下品！ぬき挿し丸見えオーガズム120本番","magnet:?xt=urn:btih:e80bdcc6d293f278f66656d7d2896873ba7c8cc7&dn=[javdb.com]SNOS-320-C.torrent","magnet:?xt=urn:btih:876e044868ac17281f4ec485c549d2c2c970398a&dn=[javdb.com]SNOS-275-C.torrent","magnet:?xt=urn:btih:4b29d25e6330bf4b0f8ed425cd06e1d6ae4186b9&dn=[javdb.com]SNOS-168-C.torrent","magnet:?xt=urn:btih:3c478c80a3774fcad99a1a2ed252351153806ddc&dn=[javdb.com]OFJE-512-C キングオブエロ痴女優21人 トップ美女たちがSEXを！快感を！思う存分楽しむ 女性上位のアンアン イクイク 騎乗位100 （ブルーレイディスク）"]}]}
[2026-08-11 23:22:54] [INFO] [javdb_scraper.py:1090] - 🚀 [115 Gateway] 提交离线任务到 115 网关 | 保存路径: /有码/河北彩花/中字有码/2026-08-11
[2026-08-11 23:22:54] [ERROR] [javdb_scraper.py:1097] - ❌ [115 Gateway] 网关返回错误 (HTTP 422): {"detail":[{"type":"string_type","loc":["body","urls"],"msg":"Input should be a valid string","input":["magnet:?xt=urn:btih:af6107f52adf7a27a3958f5ab5a0ae04375962a2&dn=[javdb.com]OFJE-500-C S1女優68名の最高潮のイクイク！！ フィニッシュ前で盛り上がるクライマックス絶頂シーンだけ収録！！ 射精寸前ピストンラッシュ199連発","magnet:?xt=urn:btih:2bd432f8300a032a1b4ea94c86bcab66a6c39fbb&dn=[javdb.com]SIVR-394-C.torrent","magnet:?xt=urn:btih:5be54f9289994d0cd3b2837a80fca49175e845b4&dn=[javdb.com]OFJE-470-C 宙に浮くほどイキ反り飛び跳ねる！今世紀S1女優たちが一番絶頂した瞬間100本番","magnet:?xt=urn:btih:3cfc0198fa7020068474bf62b4938295baf05c4c&dn=[javdb.com]SSIS-162-C.torrent","magnet:?xt=urn:btih:b25ec447e5d8d54f0e5f7c3c8e6dd9d42f5c5e5f&dn=[javdb.com]SSIS-161-C.torrent"]}]}
[2026-08-11 23:22:54] [ERROR] [javdb_scraper.py:1377] - ❌ [115 Smart Push] 批次推送失败: 115 网关报错: {"detail":[{"type":"string_type","loc":["body","urls"],"msg":"Input should be a valid string","input":["magnet:?xt=urn:btih:af6107f52adf7a27a3958f5ab5a0ae04375962a2&dn=[javdb.com]OFJE-500-C S1女優68名の最高潮のイクイク！！ フィニッシュ前で盛り上がるクライマックス絶頂シーンだけ収録！！ 射精寸前ピストンラッシュ199連発","magnet:?xt=urn:btih:2bd432f8300a032a1b4ea94c86bcab66a6c39fbb&dn=[javdb.com]SIVR-394-C.torrent","magnet:?xt=urn:btih:5be54f9289994d0cd3b2837a80fca49175e845b4&dn=[javdb.com]OFJE-470-C 宙に浮くほどイキ反り飛び跳ねる！今世紀S1女優たちが一番絶頂した瞬間100本番","magnet:?xt=urn:btih:3cfc0198fa7020068474bf62b4938295baf05c4c&dn=[javdb.com]SSIS-162-C.torrent","magnet:?xt=urn:btih:b25ec447e5d8d54f0e5f7c3c8e6dd9d42f5c5e5f&dn=[javdb.com]SSIS-161-C.torrent"]}]}
[2026-08-11 23:22:58] [INFO] [javdb_scraper.py:1510] - 📊 [115 Quota] 离线配额 -> 总量: 1500, 已用: 10, 剩余可用: 1490
[2026-08-11 23:23:02] [INFO] [javdb_scraper.py:1090] - 🚀 [115 Gateway] 提交离线任务到 115 网关 | 保存路径: /有码/河北彩花/中字有码/2026-08-11
[2026-08-11 23:23:02] [ERROR] [javdb_scraper.py:1097] - ❌ [115 Gateway] 网关返回错误 (HTTP 422): {"detail":[{"type":"string_type","loc":["body","urls"],"msg":"Input should be a valid string","input":["magnet:?xt=urn:btih:c48b9f738c456fda5564806cb858606bd5609e47&dn=[javdb.com][7sht.me]SSNI-288-C.torrent","magnet:?xt=urn:btih:f3169c47c993235471ca28cc009ec54a3e252905&dn=[javdb.com][99u.me]SSNI-266-C","magnet:?xt=urn:btih:b7d6ce3a2cc56959ff3c1327f1155dd22bccd7bc&dn=[javdb.com][7sht.me]SSNI-240-C.torrent","magnet:?xt=urn:btih:2fe0cf1604da4377437dd9ec68ea7cc5559ec007&dn=[javdb.com][7sht.me]SSNI-216A-C.torrent","magnet:?xt=urn:btih:cb2570421dbd275c77578c02b53a9a5474f4d6f0&dn=[javdb.com][7sht.me]ssni-190-C.torrent"]}]}
[2026-08-11 23:23:02] [ERROR] [javdb_scraper.py:1377] - ❌ [115 Smart Push] 批次推送失败: 115 网关报错: {"detail":[{"type":"string_type","loc":["body","urls"],"msg":"Input should be a valid string","input":["magnet:?xt=urn:btih:c48b9f738c456fda5564806cb858606bd5609e47&dn=[javdb.com][7sht.me]SSNI-288-C.torrent","magnet:?xt=urn:btih:f3169c47c993235471ca28cc009ec54a3e252905&dn=[javdb.com][99u.me]SSNI-266-C","magnet:?xt=urn:btih:b7d6ce3a2cc56959ff3c1327f1155dd22bccd7bc&dn=[javdb.com][7sht.me]SSNI-240-C.torrent","magnet:?xt=urn:btih:2fe0cf1604da4377437dd9ec68ea7cc5559ec007&dn=[javdb.com][7sht.me]SSNI-216A-C.torrent","magnet:?xt=urn:btih:cb2570421dbd275c77578c02b53a9a5474f4d6f0&dn=[javdb.com][7sht.me]ssni-190-C.torrent"]}]}
[2026-08-11 23:23:02] [INFO] [javdb_scraper.py:1090] - 🚀 [115 Gateway] 提交离线任务到 115 网关 | 保存路径: /有码/妃莉奈/普通磁力/2026-08-11
[2026-08-11 23:23:02] [ERROR] [javdb_scraper.py:1097] - ❌ [115 Gateway] 网关返回错误 (HTTP 422): {"detail":[{"type":"string_type","loc":["body","urls"],"msg":"Input should be a valid string","input":["magnet:?xt=urn:btih:531bae18c953d85a96053016cc23a4153963b52e&dn=[javdb.com]300MIUM-1445"]}]}
[2026-08-11 23:23:02] [ERROR] [javdb_scraper.py:1377] - ❌ [115 Smart Push] 批次推送失败: 115 网关报错: {"detail":[{"type":"string_type","loc":["body","urls"],"msg":"Input should be a valid string","input":["magnet:?xt=urn:btih:531bae18c953d85a96053016cc23a4153963b52e&dn=[javdb.com]300MIUM-1445"]}]}
[2026-08-11 23:23:02] [INFO] [javdb_scraper.py:1090] - 🚀 [115 Gateway] 提交离线任务到 115 网关 | 保存路径: /有码/ユイさん/普通磁力/2026-08-11
[2026-08-11 23:23:02] [ERROR] [javdb_scraper.py:1097] - ❌ [115 Gateway] 网关返回错误 (HTTP 422): {"detail":[{"type":"string_type","loc":["body","urls"],"msg":"Input should be a valid string","input":["magnet:?xt=urn:btih:c0d9281460a80bf9f9c4600efefe16b8b8276b4f&dn=[javdb.com]259LUXU-1893"]}]}
[2026-08-11 23:23:02] [ERROR] [javdb_scraper.py:1377] - ❌ [115 Smart Push] 批次推送失败: 115 网关报错: {"detail":[{"type":"string_type","loc":["body","urls"],"msg":"Input should be a valid string","input":["magnet:?xt=urn:btih:c0d9281460a80bf9f9c4600efefe16b8b8276b4f&dn=[javdb.com]259LUXU-1893"]}]}
[2026-08-11 23:23:02] [INFO] [javdb_scraper.py:1090] - 🚀 [115 Gateway] 提交离线任务到 115 网关 | 保存路径: /有码/河北彩花/中字破解/2026-08-11
[2026-08-11 23:23:02] [ERROR] [javdb_scraper.py:1097] - ❌ [115 Gateway] 网关返回错误 (HTTP 422): {"detail":[{"type":"string_type","loc":["body","urls"],"msg":"Input should be a valid string","input":["magnet:?xt=urn:btih:7f4f9a6b220bfa9da3864774971a547533e4200b&dn=[javdb.com]SNOS-233-UC.无码破解.torrent","magnet:?xt=urn:btih:4017cc2d03b01cbfe9c5380c3bb83b914b3a0ef3&dn=[javdb.com]SNOS-056-UC.无码破解.torrent","magnet:?xt=urn:btih:6e0e74274b5dcb7d384346f43eee856fb411a1b1&dn=[javdb.com]SNOS-003-UC.无码破解.torrent","magnet:?xt=urn:btih:9b8ef97e4a31bdc47bc64751675bb3cf2a828721&dn=[javdb.com]SONE-817-UC.无码破解.torrent","magnet:?xt=urn:btih:92638eb849b945994b60e2d6df7e1295eb0d3355&dn=[javdb.com]SONE-967-UC.无码破解.torrent"]}]}
[2026-08-11 23:23:02] [ERROR] [javdb_scraper.py:1377] - ❌ [115 Smart Push] 批次推送失败: 115 网关报错: {"detail":[{"type":"string_type","loc":["body","urls"],"msg":"Input should be a valid string","input":["magnet:?xt=urn:btih:7f4f9a6b220bfa9da3864774971a547533e4200b&dn=[javdb.com]SNOS-233-UC.无码破解.torrent","magnet:?xt=urn:btih:4017cc2d03b01cbfe9c5380c3bb83b914b3a0ef3&dn=[javdb.com]SNOS-056-UC.无码破解.torrent","magnet:?xt=urn:btih:6e0e74274b5dcb7d384346f43eee856fb411a1b1&dn=[javdb.com]SNOS-003-UC.无码破解.torrent","magnet:?xt=urn:btih:9b8ef97e4a31bdc47bc64751675bb3cf2a828721&dn=[javdb.com]SONE-817-UC.无码破解.torrent","magnet:?xt=urn:btih:92638eb849b945994b60e2d6df7e1295eb0d3355&dn=[javdb.com]SONE-967-UC.无码破解.torrent"]}]}
[2026-08-11 23:23:05] [INFO] [javdb_scraper.py:1090] - 🚀 [115 Gateway] 提交离线任务到 115 网关 | 保存路径: /有码/河北彩花/中字破解/2026-08-11
[2026-08-11 23:23:05] [ERROR] [javdb_scraper.py:1097] - ❌ [115 Gateway] 网关返回错误 (HTTP 422): {"detail":[{"type":"string_type","loc":["body","urls"],"msg":"Input should be a valid string","input":["magnet:?xt=urn:btih:5ac8b45fc6a62c27a2a5585c142bdd464a5f98fd&dn=[javdb.com]SONE-853-UC.无码破解.torrent","magnet:?xt=urn:btih:628fc9ec80636e5707f2c0976f77ca7d3cfc7737&dn=[javdb.com]SONE-563-UC.无码破解.torrent","magnet:?xt=urn:btih:3cfcdf9e4fdc6c3e1bd85ce44347835976333bd9&dn=[javdb.com]SONE-763-UC.无码破解.torrent","magnet:?xt=urn:btih:d7432c675a5f889f6f97b8bb9de5d3523625e5a2&dn=[javdb.com]SONE-725-UC.无码破解.torrent","magnet:?xt=urn:btih:b2274dcac5f2d360aab2689046b8b281e5fd57c1&dn=[javdb.com]SONE-687-UC.无码破解.torrent"]}]}
[2026-08-11 23:23:05] [ERROR] [javdb_scraper.py:1377] - ❌ [115 Smart Push] 批次推送失败: 115 网关报错: {"detail":[{"type":"string_type","loc":["body","urls"],"msg":"Input should be a valid string","input":["magnet:?xt=urn:btih:5ac8b45fc6a62c27a2a5585c142bdd464a5f98fd&dn=[javdb.com]SONE-853-UC.无码破解.torrent","magnet:?xt=urn:btih:628fc9ec80636e5707f2c0976f77ca7d3cfc7737&dn=[javdb.com]SONE-563-UC.无码破解.torrent","magnet:?xt=urn:btih:3cfcdf9e4fdc6c3e1bd85ce44347835976333bd9&dn=[javdb.com]SONE-763-UC.无码破解.torrent","magnet:?xt=urn:btih:d7432c675a5f889f6f97b8bb9de5d3523625e5a2&dn=[javdb.com]SONE-725-UC.无码破解.torrent","magnet:?xt=urn:btih:b2274dcac5f2d360aab2689046b8b281e5fd57c1&dn=[javdb.com]SONE-687-UC.无码破解.torrent"]}]}
[2026-08-11 23:23:10] [INFO] [javdb_scraper.py:1090] - 🚀 [115 Gateway] 提交离线任务到 115 网关 | 保存路径: /有码/河北彩花/中字破解/2026-08-11
[2026-08-11 23:23:10] [ERROR] [javdb_scraper.py:1097] - ❌ [115 Gateway] 网关返回错误 (HTTP 422): {"detail":[{"type":"string_type","loc":["body","urls"],"msg":"Input should be a valid string","input":["magnet:?xt=urn:btih:87627517feb631cc0a1dfca22061d37cbef2aeee&dn=[javdb.com]SONE-561-UC.无码破解.torrent","magnet:?xt=urn:btih:73c22bfe02c7825c3d9be4dee1ecff2faf29ddbd&dn=[javdb.com]SONE-543-UC.torrent.无码破解","magnet:?xt=urn:btih:47d6fc1dc354103faeb18421407dc0c3feef8be4&dn=[javdb.com]SONE-642-UC.torrent.无码破解","magnet:?xt=urn:btih:9b414966009213430a0566a3eb8f68e01035ab87&dn=[javdb.com]SONE-499-UC.torrent.无码破解","magnet:?xt=urn:btih:f6f04fd0892f7f4dc4b8dfea3b6f2b6690bf9925&dn=[javdb.com]SONE-454-UC.torrent.无码破解"]}]}
[2026-08-11 23:23:10] [ERROR] [javdb_scraper.py:1377] - ❌ [115 Smart Push] 批次推送失败: 115 网关报错: {"detail":[{"type":"string_type","loc":["body","urls"],"msg":"Input should be a valid string","input":["magnet:?xt=urn:btih:87627517feb631cc0a1dfca22061d37cbef2aeee&dn=[javdb.com]SONE-561-UC.无码破解.torrent","magnet:?xt=urn:btih:73c22bfe02c7825c3d9be4dee1ecff2faf29ddbd&dn=[javdb.com]SONE-543-UC.torrent.无码破解","magnet:?xt=urn:btih:47d6fc1dc354103faeb18421407dc0c3feef8be4&dn=[javdb.com]SONE-642-UC.torrent.无码破解","magnet:?xt=urn:btih:9b414966009213430a0566a3eb8f68e01035ab87&dn=[javdb.com]SONE-499-UC.torrent.无码破解","magnet:?xt=urn:btih:f6f04fd0892f7f4dc4b8dfea3b6f2b6690bf9925&dn=[javdb.com]SONE-454-UC.torrent.无码破解"]}]}
[2026-08-11 23:23:13] [INFO] [javdb_scraper.py:1090] - 🚀 [115 Gateway] 提交离线任务到 115 网关 | 保存路径: /有码/河北彩花/中字破解/2026-08-11
[2026-08-11 23:23:13] [ERROR] [javdb_scraper.py:1097] - ❌ [115 Gateway] 网关返回错误 (HTTP 422): {"detail":[{"type":"string_type","loc":["body","urls"],"msg":"Input should be a valid string","input":["magnet:?xt=urn:btih:e16834571ea040bed162f9cb410d85e00ed1cadb&dn=[javdb.com]SONE-405-UC.torrent.无码破解","magnet:?xt=urn:btih:3cf95ce71d50219bd6f11ea69ea773a3c91aca53&dn=[javdb.com]SONE-360-UC.torrent.无码破解","magnet:?xt=urn:btih:41a8a057bcdc309ccad89c8a650b57c9786769d7&dn=[javdb.com]SONE-311-UC.torrent.无码破解","magnet:?xt=urn:btih:8b7f399f1d191521371ae89d46205155550fe281&dn=[javdb.com]SONE-266-UC.torrent.无码破解","magnet:?xt=urn:btih:f8a76c80d19406fe5a09d4f8d939f5d12917d0b9&dn=[javdb.com]SONE-228-UC.torrent.无码破解"]}]}
[2026-08-11 23:23:13] [ERROR] [javdb_scraper.py:1377] - ❌ [115 Smart Push] 批次推送失败: 115 网关报错: {"detail":[{"type":"string_type","loc":["body","urls"],"msg":"Input should be a valid string","input":["magnet:?xt=urn:btih:e16834571ea040bed162f9cb410d85e00ed1cadb&dn=[javdb.com]SONE-405-UC.torrent.无码破解","magnet:?xt=urn:btih:3cf95ce71d50219bd6f11ea69ea773a3c91aca53&dn=[javdb.com]SONE-360-UC.torrent.无码破解","magnet:?xt=urn:btih:41a8a057bcdc309ccad89c8a650b57c9786769d7&dn=[javdb.com]SONE-311-UC.torrent.无码破解","magnet:?xt=urn:btih:8b7f399f1d191521371ae89d46205155550fe281&dn=[javdb.com]SONE-266-UC.torrent.无码破解","magnet:?xt=urn:btih:f8a76c80d19406fe5a09d4f8d939f5d12917d0b9&dn=[javdb.com]SONE-228-UC.torrent.无码破解"]}]}
[2026-08-11 23:23:20] [INFO] [javdb_scraper.py:1090] - 🚀 [115 Gateway] 提交离线任务到 115 网关 | 保存路径: /有码/河北彩花/中字破解/2026-08-11
[2026-08-11 23:23:20] [ERROR] [javdb_scraper.py:1097] - ❌ [115 Gateway] 网关返回错误 (HTTP 422): {"detail":[{"type":"string_type","loc":["body","urls"],"msg":"Input should be a valid string","input":["magnet:?xt=urn:btih:dce3220f5aec277386160c9e2e2ff046cd0394f3&dn=[javdb.com]SONE-200-UC.torrent.无码破解","magnet:?xt=urn:btih:f78474b0c74ab14e931df2bdc0f6d8c11f76f9de&dn=[javdb.com]SONE-153-UC.torrent.无码破解","magnet:?xt=urn:btih:9bf5a0bfcde9d9c24e1e7d8219d901c69f95dac3&dn=[javdb.com]SONE-118-UC.torrent.无码破解","magnet:?xt=urn:btih:2d8339786d49165d984e717a431e1563e7d14646&dn=[javdb.com]SONE-071-UC.torrent.无码破解","magnet:?xt=urn:btih:23cdb976838d2a44955f92b66617df72b86ad01b&dn=[javdb.com]SONE-027-UC.torrent.无码破解"]}]}
[2026-08-11 23:23:20] [ERROR] [javdb_scraper.py:1377] - ❌ [115 Smart Push] 批次推送失败: 115 网关报错: {"detail":[{"type":"string_type","loc":["body","urls"],"msg":"Input should be a valid string","input":["magnet:?xt=urn:btih:dce3220f5aec277386160c9e2e2ff046cd0394f3&dn=[javdb.com]SONE-200-UC.torrent.无码破解","magnet:?xt=urn:btih:f78474b0c74ab14e931df2bdc0f6d8c11f76f9de&dn=[javdb.com]SONE-153-UC.torrent.无码破解","magnet:?xt=urn:btih:9bf5a0bfcde9d9c24e1e7d8219d901c69f95dac3&dn=[javdb.com]SONE-118-UC.torrent.无码破解","magnet:?xt=urn:btih:2d8339786d49165d984e717a431e1563e7d14646&dn=[javdb.com]SONE-071-UC.torrent.无码破解","magnet:?xt=urn:btih:23cdb976838d2a44955f92b66617df72b86ad01b&dn=[javdb.com]SONE-027-UC.torrent.无码破解"]}]}
[2026-08-11 23:23:28] [INFO] [javdb_scraper.py:1090] - 🚀 [115 Gateway] 提交离线任务到 115 网关 | 保存路径: /有码/河北彩花/中字破解/2026-08-11
[2026-08-11 23:23:28] [ERROR] [javdb_scraper.py:1097] - ❌ [115 Gateway] 网关返回错误 (HTTP 422): {"detail":[{"type":"string_type","loc":["body","urls"],"msg":"Input should be a valid string","input":["magnet:?xt=urn:btih:44a66e071013a3a3dc375b9a41446e597f521cb5&dn=[javdb.com]SSIS-984-UC.torrent.无码破解","magnet:?xt=urn:btih:0444672685d56198b7c71cadac6e83811555aa5c&dn=[javdb.com]SSIS-951-UC.torrent.无码破解","magnet:?xt=urn:btih:8d9fe2171c08639190f1f2ae072dd064acb03dde&dn=[javdb.com]SSIS-913-UC.torrent.无码破解","magnet:?xt=urn:btih:f3f41ed19144759cac0fa8cecf3351ea03f08792&dn=[javdb.com]SSIS-875-UC.torrent.无码破解","magnet:?xt=urn:btih:f94011591ff35b186c7ee066ac4f978b3c11b0b1&dn=[javdb.com]SSIS-801-UC.torrent.无码破解"]}]}
[2026-08-11 23:23:28] [ERROR] [javdb_scraper.py:1377] - ❌ [115 Smart Push] 批次推送失败: 115 网关报错: {"detail":[{"type":"string_type","loc":["body","urls"],"msg":"Input should be a valid string","input":["magnet:?xt=urn:btih:44a66e071013a3a3dc375b9a41446e597f521cb5&dn=[javdb.com]SSIS-984-UC.torrent.无码破解","magnet:?xt=urn:btih:0444672685d56198b7c71cadac6e83811555aa5c&dn=[javdb.com]SSIS-951-UC.torrent.无码破解","magnet:?xt=urn:btih:8d9fe2171c08639190f1f2ae072dd064acb03dde&dn=[javdb.com]SSIS-913-UC.torrent.无码破解","magnet:?xt=urn:btih:f3f41ed19144759cac0fa8cecf3351ea03f08792&dn=[javdb.com]SSIS-875-UC.torrent.无码破解","magnet:?xt=urn:btih:f94011591ff35b186c7ee066ac4f978b3c11b0b1&dn=[javdb.com]SSIS-801-UC.torrent.无码破解"]}]}
[2026-08-11 23:23:33] [INFO] [javdb_scraper.py:1090] - 🚀 [115 Gateway] 提交离线任务到 115 网关 | 保存路径: /有码/河北彩花/中字破解/2026-08-11
[2026-08-11 23:23:33] [ERROR] [javdb_scraper.py:1097] - ❌ [115 Gateway] 网关返回错误 (HTTP 422): {"detail":[{"type":"string_type","loc":["body","urls"],"msg":"Input should be a valid string","input":["magnet:?xt=urn:btih:8302ebbab5798430076c282859383aa261234e1b&dn=[javdb.com]SSIS-839-UC.torrent.无码破解","magnet:?xt=urn:btih:1e0e23ad6495548ddb8e2d2e716fa5e7399ac53c&dn=[javdb.com]SSIS-762-UC.torrent.无码破解","magnet:?xt=urn:btih:be52d09f32f3c9fe14c0d464c5e81d63c4bf03ec&dn=[javdb.com]SSIS-721-UC.torrent.无码破解","magnet:?xt=urn:btih:d5926c9530e965b00b8a7767b9e36d79a9e70294&dn=[javdb.com]SSIS-685-UC.torrent.无码破解","magnet:?xt=urn:btih:58ddc03460977e4856ef379e4898d541e9e59343&dn=[javdb.com]SSIS-607-C.torrent.无码破解"]}]}
[2026-08-11 23:23:33] [ERROR] [javdb_scraper.py:1377] - ❌ [115 Smart Push] 批次推送失败: 115 网关报错: {"detail":[{"type":"string_type","loc":["body","urls"],"msg":"Input should be a valid string","input":["magnet:?xt=urn:btih:8302ebbab5798430076c282859383aa261234e1b&dn=[javdb.com]SSIS-839-UC.torrent.无码破解","magnet:?xt=urn:btih:1e0e23ad6495548ddb8e2d2e716fa5e7399ac53c&dn=[javdb.com]SSIS-762-UC.torrent.无码破解","magnet:?xt=urn:btih:be52d09f32f3c9fe14c0d464c5e81d63c4bf03ec&dn=[javdb.com]SSIS-721-UC.torrent.无码破解","magnet:?xt=urn:btih:d5926c9530e965b00b8a7767b9e36d79a9e70294&dn=[javdb.com]SSIS-685-UC.torrent.无码破解","magnet:?xt=urn:btih:58ddc03460977e4856ef379e4898d541e9e59343&dn=[javdb.com]SSIS-607-C.torrent.无码破解"]}]}
[2026-08-11 23:23:38] [INFO] [javdb_scraper.py:1090] - 🚀 [115 Gateway] 提交离线任务到 115 网关 | 保存路径: /有码/河北彩花/中字破解/2026-08-11
[2026-08-11 23:23:38] [ERROR] [javdb_scraper.py:1097] - ❌ [115 Gateway] 网关返回错误 (HTTP 422): {"detail":[{"type":"string_type","loc":["body","urls"],"msg":"Input should be a valid string","input":["magnet:?xt=urn:btih:f86518ff0efea14716b6aee1b242b6fe02974818&dn=[javdb.com]SSIS-595-UC.torrent.无码破解","magnet:?xt=urn:btih:c6549d1de9568288c6b904bd88f77e37ddcad243&dn=[javdb.com]SSIS-586-UC.torrent.无码破解","magnet:?xt=urn:btih:7b429a279a09085e043510cb02c10fc7eba54c1a&dn=[javdb.com]SSIS-560-UC.torrent.无码破解","magnet:?xt=urn:btih:45888f5726bc5a6342799b9b4d25d6995e23ca0e&dn=[javdb.com]SSIS-531-UC.torrent.无码破解","magnet:?xt=urn:btih:46b94317f515acccc23ebf86a25628242f2bd5e3&dn=[javdb.com]SSIS-499-UC.torrent.无码破解"]}]}
[2026-08-11 23:23:38] [ERROR] [javdb_scraper.py:1377] - ❌ [115 Smart Push] 批次推送失败: 115 网关报错: {"detail":[{"type":"string_type","loc":["body","urls"],"msg":"Input should be a valid string","input":["magnet:?xt=urn:btih:f86518ff0efea14716b6aee1b242b6fe02974818&dn=[javdb.com]SSIS-595-UC.torrent.无码破解","magnet:?xt=urn:btih:c6549d1de9568288c6b904bd88f77e37ddcad243&dn=[javdb.com]SSIS-586-UC.torrent.无码破解","magnet:?xt=urn:btih:7b429a279a09085e043510cb02c10fc7eba54c1a&dn=[javdb.com]SSIS-560-UC.torrent.无码破解","magnet:?xt=urn:btih:45888f5726bc5a6342799b9b4d25d6995e23ca0e&dn=[javdb.com]SSIS-531-UC.torrent.无码破解","magnet:?xt=urn:btih:46b94317f515acccc23ebf86a25628242f2bd5e3&dn=[javdb.com]SSIS-499-UC.torrent.无码破解"]}]}
[2026-08-11 23:23:42] [INFO] [javdb_scraper.py:1090] - 🚀 [115 Gateway] 提交离线任务到 115 网关 | 保存路径: /有码/河北彩花/中字破解/2026-08-11
[2026-08-11 23:23:43] [ERROR] [javdb_scraper.py:1097] - ❌ [115 Gateway] 网关返回错误 (HTTP 422): {"detail":[{"type":"string_type","loc":["body","urls"],"msg":"Input should be a valid string","input":["magnet:?xt=urn:btih:d28750551333445d244a2c334f4b2f5b37fd6523&dn=[javdb.com]SSIS-468-UC.torrent.无码破解","magnet:?xt=urn:btih:9e9e3b8e52a86f184f396867c611524fa51290f4&dn=[javdb.com]SSIS-440-UC.torrent.无码破解","magnet:?xt=urn:btih:3600c6910410e1c4a0d0b30c1685a8530754d25f&dn=[javdb.com]SSIS-413-UC.torrent.无码破解","magnet:?xt=urn:btih:010c381eeda4cc5aed495b3d7f5cd8b175f1066a&dn=[javdb.com]SSIS-387-UC.torrent.无码破解","magnet:?xt=urn:btih:b688037c6d3371e8512e96133aa8d13699e58d80&dn=[javdb.com]SSIS-361-UC.torrent.无码破解"]}]}
[2026-08-11 23:23:43] [ERROR] [javdb_scraper.py:1377] - ❌ [115 Smart Push] 批次推送失败: 115 网关报错: {"detail":[{"type":"string_type","loc":["body","urls"],"msg":"Input should be a valid string","input":["magnet:?xt=urn:btih:d28750551333445d244a2c334f4b2f5b37fd6523&dn=[javdb.com]SSIS-468-UC.torrent.无码破解","magnet:?xt=urn:btih:9e9e3b8e52a86f184f396867c611524fa51290f4&dn=[javdb.com]SSIS-440-UC.torrent.无码破解","magnet:?xt=urn:btih:3600c6910410e1c4a0d0b30c1685a8530754d25f&dn=[javdb.com]SSIS-413-UC.torrent.无码破解","magnet:?xt=urn:btih:010c381eeda4cc5aed495b3d7f5cd8b175f1066a&dn=[javdb.com]SSIS-387-UC.torrent.无码破解","magnet:?xt=urn:btih:b688037c6d3371e8512e96133aa8d13699e58d80&dn=[javdb.com]SSIS-361-UC.torrent.无码破解"]}]}
[2026-08-11 23:24:37] [INFO] [server.py:226] - ⏰ APScheduler 定时任务引擎已启动
[2026-08-11 23:24:37] [INFO] [server.py:239] - 🔄 [Lifespan] 自动成功恢复了 2 个持久化 Cron 定时任务！
[2026-08-11 23:24:37] [INFO] [server.py:242] - 📥 异步任务队列 Consumer 已就绪
[2026-08-11 23:24:49] [INFO] [javdb_scraper.py:1510] - 📊 [115 Quota] 离线配额 -> 总量: 1500, 已用: 10, 剩余可用: 1490
[2026-08-11 23:26:16] [INFO] [javdb_scraper.py:1510] - 📊 [115 Quota] 离线配额 -> 总量: 1500, 已用: 10, 剩余可用: 1490
[2026-08-11 23:26:37] [INFO] [server.py:194] - 💾 已成功将 2 个定时任务持久化保存至 D:\JAVDB_AutoSpider_V1.2\backend\scheduled_jobs.json
[2026-08-11 23:26:39] [INFO] [server.py:570] - ⏰ [Cron 定时任务触发] ID: transfer_push_cron_msos1dcj | 115 离线自动推送 [时间段: 今天抓取 | 自动对齐115真实状态]
[2026-08-11 23:26:39] [INFO] [server.py:796] - 🚀 [Cron Trigger] 手动触发运行定时任务 ID: transfer_push_cron_msos1dcj (115 离线自动推送 [时间段: 今天抓取 | 自动对齐115真实状态])
[2026-08-11 23:26:39] [INFO] [server.py:588] - [115 离线自动推送 [时间段: 今天抓取 | 自动对齐115真实状态]] 🚀 [115 Cron] 启动 115 自动化离线推送: 时间段 [2026-08-11 00:00:00 ~ 2026-08-11 23:59:59], 磁力类型 [magnet_uc]
[2026-08-11 23:26:39] [INFO] [javdb_scraper.py:1510] - 📊 [115 Quota] 离线配额 -> 总量: 1500, 已用: 10, 剩余可用: 1490
[2026-08-11 23:26:39] [INFO] [javdb_scraper.py:1197] - 📦 [115 Push] 实际准备推送 178 条记录 (匹配总数: 178, 剩余配额: 1490)，开始分批提交...
[2026-08-11 23:26:39] [INFO] [javdb_scraper.py:1230] - ⏳ [115 Push] 推送批次 (1~5/54) -> 路径: /有码/河北彩花/中字破解/2026-08-11
[2026-08-11 23:26:39] [INFO] [javdb_scraper.py:1090] - 🚀 [115 Gateway] 提交离线任务到 115 网关 | 保存路径: /有码/河北彩花/中字破解/2026-08-11
[2026-08-11 23:26:48] [INFO] [javdb_scraper.py:1094] - ✅ [115 Gateway] 网关返回结果: {"code":0,"message":"处理完成。成功: 5 个任务，失败: 0 个任务","data":{"total":5,"success_count":5,"failed_count":0,"failed_details":[],"wp_path":"/有码/河北彩花/中字破解/2026-08-11","wp_path_id":"3493402250464724900"}}
[2026-08-11 23:26:48] [INFO] [javdb_scraper.py:1117] - 📝 [Push History] 记录番号 [SNOS-233] 离线任务 (Hash: 7f4f9a6b220bfa9da3864774971a547533e4200b)
[2026-08-11 23:26:48] [INFO] [javdb_scraper.py:1117] - 📝 [Push History] 记录番号 [SNOS-056] 离线任务 (Hash: 4017cc2d03b01cbfe9c5380c3bb83b914b3a0ef3)
[2026-08-11 23:26:48] [INFO] [javdb_scraper.py:1117] - 📝 [Push History] 记录番号 [SNOS-003] 离线任务 (Hash: 6e0e74274b5dcb7d384346f43eee856fb411a1b1)
[2026-08-11 23:26:48] [INFO] [javdb_scraper.py:1117] - 📝 [Push History] 记录番号 [SONE-817] 离线任务 (Hash: 9b8ef97e4a31bdc47bc64751675bb3cf2a828721)
[2026-08-11 23:26:48] [INFO] [javdb_scraper.py:1117] - 📝 [Push History] 记录番号 [SONE-967] 离线任务 (Hash: 92638eb849b945994b60e2d6df7e1295eb0d3355)
[2026-08-11 23:26:48] [INFO] [javdb_scraper.py:1242] - 🛡️ [115 防风控保护] 批次间随机休眠 3.5 秒...
[2026-08-11 23:26:51] [INFO] [javdb_scraper.py:1230] - ⏳ [115 Push] 推送批次 (6~10/54) -> 路径: /有码/河北彩花/中字破解/2026-08-11
[2026-08-11 23:26:51] [INFO] [javdb_scraper.py:1090] - 🚀 [115 Gateway] 提交离线任务到 115 网关 | 保存路径: /有码/河北彩花/中字破解/2026-08-11
[2026-08-11 23:26:54] [INFO] [javdb_scraper.py:1094] - ✅ [115 Gateway] 网关返回结果: {"code":0,"message":"处理完成。成功: 5 个任务，失败: 0 个任务","data":{"total":5,"success_count":5,"failed_count":0,"failed_details":[],"wp_path":"/有码/河北彩花/中字破解/2026-08-11","wp_path_id":"3493402250464724900"}}
[2026-08-11 23:26:54] [INFO] [javdb_scraper.py:1117] - 📝 [Push History] 记录番号 [SONE-853] 离线任务 (Hash: 5ac8b45fc6a62c27a2a5585c142bdd464a5f98fd)
[2026-08-11 23:26:54] [INFO] [javdb_scraper.py:1117] - 📝 [Push History] 记录番号 [SONE-563] 离线任务 (Hash: 628fc9ec80636e5707f2c0976f77ca7d3cfc7737)
[2026-08-11 23:26:54] [INFO] [javdb_scraper.py:1117] - 📝 [Push History] 记录番号 [SONE-763] 离线任务 (Hash: 3cfcdf9e4fdc6c3e1bd85ce44347835976333bd9)
[2026-08-11 23:26:54] [INFO] [javdb_scraper.py:1117] - 📝 [Push History] 记录番号 [SONE-725] 离线任务 (Hash: d7432c675a5f889f6f97b8bb9de5d3523625e5a2)
[2026-08-11 23:26:54] [INFO] [javdb_scraper.py:1117] - 📝 [Push History] 记录番号 [SONE-687] 离线任务 (Hash: b2274dcac5f2d360aab2689046b8b281e5fd57c1)
[2026-08-11 23:26:54] [INFO] [javdb_scraper.py:1242] - 🛡️ [115 防风控保护] 批次间随机休眠 7.4 秒...
[2026-08-11 23:27:01] [INFO] [javdb_scraper.py:1230] - ⏳ [115 Push] 推送批次 (11~15/54) -> 路径: /有码/河北彩花/中字破解/2026-08-11
[2026-08-11 23:27:01] [INFO] [javdb_scraper.py:1090] - 🚀 [115 Gateway] 提交离线任务到 115 网关 | 保存路径: /有码/河北彩花/中字破解/2026-08-11
[2026-08-11 23:27:04] [INFO] [javdb_scraper.py:1094] - ✅ [115 Gateway] 网关返回结果: {"code":0,"message":"处理完成。成功: 5 个任务，失败: 0 个任务","data":{"total":5,"success_count":5,"failed_count":0,"failed_details":[],"wp_path":"/有码/河北彩花/中字破解/2026-08-11","wp_path_id":"3493402250464724900"}}
[2026-08-11 23:27:04] [INFO] [javdb_scraper.py:1117] - 📝 [Push History] 记录番号 [SONE-561] 离线任务 (Hash: 87627517feb631cc0a1dfca22061d37cbef2aeee)
[2026-08-11 23:27:04] [INFO] [javdb_scraper.py:1117] - 📝 [Push History] 记录番号 [SONE-543] 离线任务 (Hash: 73c22bfe02c7825c3d9be4dee1ecff2faf29ddbd)
[2026-08-11 23:27:04] [INFO] [javdb_scraper.py:1117] - 📝 [Push History] 记录番号 [SONE-642] 离线任务 (Hash: 47d6fc1dc354103faeb18421407dc0c3feef8be4)
[2026-08-11 23:27:04] [INFO] [javdb_scraper.py:1117] - 📝 [Push History] 记录番号 [SONE-499] 离线任务 (Hash: 9b414966009213430a0566a3eb8f68e01035ab87)
[2026-08-11 23:27:04] [INFO] [javdb_scraper.py:1117] - 📝 [Push History] 记录番号 [SONE-454] 离线任务 (Hash: f6f04fd0892f7f4dc4b8dfea3b6f2b6690bf9925)
[2026-08-11 23:27:04] [INFO] [javdb_scraper.py:1242] - 🛡️ [115 防风控保护] 批次间随机休眠 4.3 秒...
[2026-08-11 23:27:08] [INFO] [javdb_scraper.py:1230] - ⏳ [115 Push] 推送批次 (16~20/54) -> 路径: /有码/河北彩花/中字破解/2026-08-11
[2026-08-11 23:27:08] [INFO] [javdb_scraper.py:1090] - 🚀 [115 Gateway] 提交离线任务到 115 网关 | 保存路径: /有码/河北彩花/中字破解/2026-08-11
[2026-08-11 23:27:11] [INFO] [javdb_scraper.py:1094] - ✅ [115 Gateway] 网关返回结果: {"code":0,"message":"处理完成。成功: 5 个任务，失败: 0 个任务","data":{"total":5,"success_count":5,"failed_count":0,"failed_details":[],"wp_path":"/有码/河北彩花/中字破解/2026-08-11","wp_path_id":"3493402250464724900"}}
[2026-08-11 23:27:11] [INFO] [javdb_scraper.py:1117] - 📝 [Push History] 记录番号 [SONE-405] 离线任务 (Hash: e16834571ea040bed162f9cb410d85e00ed1cadb)
[2026-08-11 23:27:11] [INFO] [javdb_scraper.py:1117] - 📝 [Push History] 记录番号 [SONE-360] 离线任务 (Hash: 3cf95ce71d50219bd6f11ea69ea773a3c91aca53)
[2026-08-11 23:27:11] [INFO] [javdb_scraper.py:1117] - 📝 [Push History] 记录番号 [SONE-311] 离线任务 (Hash: 41a8a057bcdc309ccad89c8a650b57c9786769d7)
[2026-08-11 23:27:11] [INFO] [javdb_scraper.py:1117] - 📝 [Push History] 记录番号 [SONE-266] 离线任务 (Hash: 8b7f399f1d191521371ae89d46205155550fe281)
[2026-08-11 23:27:11] [INFO] [javdb_scraper.py:1117] - 📝 [Push History] 记录番号 [SONE-228] 离线任务 (Hash: f8a76c80d19406fe5a09d4f8d939f5d12917d0b9)
[2026-08-11 23:27:11] [INFO] [javdb_scraper.py:1242] - 🛡️ [115 防风控保护] 批次间随机休眠 4.6 秒...
[2026-08-11 23:27:16] [INFO] [javdb_scraper.py:1230] - ⏳ [115 Push] 推送批次 (21~25/54) -> 路径: /有码/河北彩花/中字破解/2026-08-11
[2026-08-11 23:27:16] [INFO] [javdb_scraper.py:1090] - 🚀 [115 Gateway] 提交离线任务到 115 网关 | 保存路径: /有码/河北彩花/中字破解/2026-08-11
[2026-08-11 23:27:18] [INFO] [javdb_scraper.py:1094] - ✅ [115 Gateway] 网关返回结果: {"code":0,"message":"处理完成。成功: 5 个任务，失败: 0 个任务","data":{"total":5,"success_count":5,"failed_count":0,"failed_details":[],"wp_path":"/有码/河北彩花/中字破解/2026-08-11","wp_path_id":"3493402250464724900"}}
[2026-08-11 23:27:18] [INFO] [javdb_scraper.py:1117] - 📝 [Push History] 记录番号 [SONE-200] 离线任务 (Hash: dce3220f5aec277386160c9e2e2ff046cd0394f3)
[2026-08-11 23:27:18] [INFO] [javdb_scraper.py:1117] - 📝 [Push History] 记录番号 [SONE-153] 离线任务 (Hash: f78474b0c74ab14e931df2bdc0f6d8c11f76f9de)
[2026-08-11 23:27:18] [INFO] [javdb_scraper.py:1117] - 📝 [Push History] 记录番号 [SONE-118] 离线任务 (Hash: 9bf5a0bfcde9d9c24e1e7d8219d901c69f95dac3)
[2026-08-11 23:27:18] [INFO] [javdb_scraper.py:1117] - 📝 [Push History] 记录番号 [SONE-071] 离线任务 (Hash: 2d8339786d49165d984e717a431e1563e7d14646)
[2026-08-11 23:27:18] [INFO] [javdb_scraper.py:1117] - 📝 [Push History] 记录番号 [SONE-027] 离线任务 (Hash: 23cdb976838d2a44955f92b66617df72b86ad01b)
[2026-08-11 23:27:18] [INFO] [javdb_scraper.py:1242] - 🛡️ [115 防风控保护] 批次间随机休眠 5.3 秒...
[2026-08-11 23:27:24] [INFO] [javdb_scraper.py:1230] - ⏳ [115 Push] 推送批次 (26~30/54) -> 路径: /有码/河北彩花/中字破解/2026-08-11
[2026-08-11 23:27:24] [INFO] [javdb_scraper.py:1090] - 🚀 [115 Gateway] 提交离线任务到 115 网关 | 保存路径: /有码/河北彩花/中字破解/2026-08-11
[2026-08-11 23:27:26] [INFO] [javdb_scraper.py:1094] - ✅ [115 Gateway] 网关返回结果: {"code":0,"message":"处理完成。成功: 5 个任务，失败: 0 个任务","data":{"total":5,"success_count":5,"failed_count":0,"failed_details":[],"wp_path":"/有码/河北彩花/中字破解/2026-08-11","wp_path_id":"3493402250464724900"}}
[2026-08-11 23:27:26] [INFO] [javdb_scraper.py:1117] - 📝 [Push History] 记录番号 [SSIS-984] 离线任务 (Hash: 44a66e071013a3a3dc375b9a41446e597f521cb5)
[2026-08-11 23:27:26] [INFO] [javdb_scraper.py:1117] - 📝 [Push History] 记录番号 [SSIS-951] 离线任务 (Hash: 0444672685d56198b7c71cadac6e83811555aa5c)
[2026-08-11 23:27:26] [INFO] [javdb_scraper.py:1117] - 📝 [Push History] 记录番号 [SSIS-913] 离线任务 (Hash: 8d9fe2171c08639190f1f2ae072dd064acb03dde)
[2026-08-11 23:27:26] [INFO] [javdb_scraper.py:1117] - 📝 [Push History] 记录番号 [SSIS-875] 离线任务 (Hash: f3f41ed19144759cac0fa8cecf3351ea03f08792)
[2026-08-11 23:27:26] [INFO] [javdb_scraper.py:1117] - 📝 [Push History] 记录番号 [SSIS-801] 离线任务 (Hash: f94011591ff35b186c7ee066ac4f978b3c11b0b1)
[2026-08-11 23:27:26] [INFO] [javdb_scraper.py:1242] - 🛡️ [115 防风控保护] 批次间随机休眠 5.3 秒...
[2026-08-11 23:27:32] [INFO] [javdb_scraper.py:1230] - ⏳ [115 Push] 推送批次 (31~35/54) -> 路径: /有码/河北彩花/中字破解/2026-08-11
[2026-08-11 23:27:32] [INFO] [javdb_scraper.py:1090] - 🚀 [115 Gateway] 提交离线任务到 115 网关 | 保存路径: /有码/河北彩花/中字破解/2026-08-11
[2026-08-11 23:27:34] [INFO] [javdb_scraper.py:1094] - ✅ [115 Gateway] 网关返回结果: {"code":0,"message":"处理完成。成功: 5 个任务，失败: 0 个任务","data":{"total":5,"success_count":5,"failed_count":0,"failed_details":[],"wp_path":"/有码/河北彩花/中字破解/2026-08-11","wp_path_id":"3493402250464724900"}}
[2026-08-11 23:27:34] [INFO] [javdb_scraper.py:1117] - 📝 [Push History] 记录番号 [SSIS-839] 离线任务 (Hash: 8302ebbab5798430076c282859383aa261234e1b)
[2026-08-11 23:27:34] [INFO] [javdb_scraper.py:1117] - 📝 [Push History] 记录番号 [SSIS-762] 离线任务 (Hash: 1e0e23ad6495548ddb8e2d2e716fa5e7399ac53c)
[2026-08-11 23:27:34] [INFO] [javdb_scraper.py:1117] - 📝 [Push History] 记录番号 [SSIS-721] 离线任务 (Hash: be52d09f32f3c9fe14c0d464c5e81d63c4bf03ec)
[2026-08-11 23:27:34] [INFO] [javdb_scraper.py:1117] - 📝 [Push History] 记录番号 [SSIS-685] 离线任务 (Hash: d5926c9530e965b00b8a7767b9e36d79a9e70294)
[2026-08-11 23:27:34] [INFO] [javdb_scraper.py:1117] - 📝 [Push History] 记录番号 [SSIS-607] 离线任务 (Hash: 58ddc03460977e4856ef379e4898d541e9e59343)
[2026-08-11 23:27:34] [INFO] [javdb_scraper.py:1242] - 🛡️ [115 防风控保护] 批次间随机休眠 5.4 秒...
[2026-08-11 23:27:40] [INFO] [javdb_scraper.py:1230] - ⏳ [115 Push] 推送批次 (36~40/54) -> 路径: /有码/河北彩花/中字破解/2026-08-11
[2026-08-11 23:27:40] [INFO] [javdb_scraper.py:1090] - 🚀 [115 Gateway] 提交离线任务到 115 网关 | 保存路径: /有码/河北彩花/中字破解/2026-08-11
[2026-08-11 23:27:42] [INFO] [javdb_scraper.py:1094] - ✅ [115 Gateway] 网关返回结果: {"code":0,"message":"处理完成。成功: 5 个任务，失败: 0 个任务","data":{"total":5,"success_count":5,"failed_count":0,"failed_details":[],"wp_path":"/有码/河北彩花/中字破解/2026-08-11","wp_path_id":"3493402250464724900"}}
[2026-08-11 23:27:42] [INFO] [javdb_scraper.py:1117] - 📝 [Push History] 记录番号 [SSIS-595] 离线任务 (Hash: f86518ff0efea14716b6aee1b242b6fe02974818)
[2026-08-11 23:27:42] [INFO] [javdb_scraper.py:1117] - 📝 [Push History] 记录番号 [SSIS-586] 离线任务 (Hash: c6549d1de9568288c6b904bd88f77e37ddcad243)
[2026-08-11 23:27:42] [INFO] [javdb_scraper.py:1117] - 📝 [Push History] 记录番号 [SSIS-560] 离线任务 (Hash: 7b429a279a09085e043510cb02c10fc7eba54c1a)
[2026-08-11 23:27:42] [INFO] [javdb_scraper.py:1117] - 📝 [Push History] 记录番号 [SSIS-531] 离线任务 (Hash: 45888f5726bc5a6342799b9b4d25d6995e23ca0e)
[2026-08-11 23:27:42] [INFO] [javdb_scraper.py:1117] - 📝 [Push History] 记录番号 [SSIS-499] 离线任务 (Hash: 46b94317f515acccc23ebf86a25628242f2bd5e3)
[2026-08-11 23:27:42] [INFO] [javdb_scraper.py:1242] - 🛡️ [115 防风控保护] 批次间随机休眠 4.8 秒...
[2026-08-11 23:27:47] [INFO] [javdb_scraper.py:1230] - ⏳ [115 Push] 推送批次 (41~45/54) -> 路径: /有码/河北彩花/中字破解/2026-08-11
[2026-08-11 23:27:47] [INFO] [javdb_scraper.py:1090] - 🚀 [115 Gateway] 提交离线任务到 115 网关 | 保存路径: /有码/河北彩花/中字破解/2026-08-11
[2026-08-11 23:27:50] [INFO] [javdb_scraper.py:1094] - ✅ [115 Gateway] 网关返回结果: {"code":0,"message":"处理完成。成功: 5 个任务，失败: 0 个任务","data":{"total":5,"success_count":5,"failed_count":0,"failed_details":[],"wp_path":"/有码/河北彩花/中字破解/2026-08-11","wp_path_id":"3493402250464724900"}}
[2026-08-11 23:27:50] [INFO] [javdb_scraper.py:1117] - 📝 [Push History] 记录番号 [SSIS-468] 离线任务 (Hash: d28750551333445d244a2c334f4b2f5b37fd6523)
[2026-08-11 23:27:50] [INFO] [javdb_scraper.py:1117] - 📝 [Push History] 记录番号 [SSIS-440] 离线任务 (Hash: 9e9e3b8e52a86f184f396867c611524fa51290f4)
[2026-08-11 23:27:50] [INFO] [javdb_scraper.py:1117] - 📝 [Push History] 记录番号 [SSIS-413] 离线任务 (Hash: 3600c6910410e1c4a0d0b30c1685a8530754d25f)
[2026-08-11 23:27:50] [INFO] [javdb_scraper.py:1117] - 📝 [Push History] 记录番号 [SSIS-387] 离线任务 (Hash: 010c381eeda4cc5aed495b3d7f5cd8b175f1066a)
[2026-08-11 23:27:50] [INFO] [javdb_scraper.py:1117] - 📝 [Push History] 记录番号 [SSIS-361] 离线任务 (Hash: b688037c6d3371e8512e96133aa8d13699e58d80)
[2026-08-11 23:27:50] [INFO] [javdb_scraper.py:1242] - 🛡️ [115 防风控保护] 批次间随机休眠 4.2 秒...
[2026-08-11 23:27:54] [INFO] [javdb_scraper.py:1230] - ⏳ [115 Push] 推送批次 (46~50/54) -> 路径: /有码/河北彩花/中字破解/2026-08-11
[2026-08-11 23:27:54] [INFO] [javdb_scraper.py:1090] - 🚀 [115 Gateway] 提交离线任务到 115 网关 | 保存路径: /有码/河北彩花/中字破解/2026-08-11
[2026-08-11 23:27:57] [INFO] [javdb_scraper.py:1094] - ✅ [115 Gateway] 网关返回结果: {"code":0,"message":"处理完成。成功: 5 个任务，失败: 0 个任务","data":{"total":5,"success_count":5,"failed_count":0,"failed_details":[],"wp_path":"/有码/河北彩花/中字破解/2026-08-11","wp_path_id":"3493402250464724900"}}
[2026-08-11 23:27:57] [INFO] [javdb_scraper.py:1117] - 📝 [Push History] 记录番号 [SSIS-334] 离线任务 (Hash: 2ad290573ceaa175a2ca096d707a0e24a2107b89)
[2026-08-11 23:27:57] [INFO] [javdb_scraper.py:1117] - 📝 [Push History] 记录番号 [SSIS-308] 离线任务 (Hash: 918a7ae33a1faa7e8bf51e7e9dfc01ea73c47a56)
[2026-08-11 23:27:57] [INFO] [javdb_scraper.py:1117] - 📝 [Push History] 记录番号 [SSIS-280] 离线任务 (Hash: d7bc98e06314a7fa14bbae0c176962bbc14b6051)
[2026-08-11 23:27:57] [INFO] [javdb_scraper.py:1117] - 📝 [Push History] 记录番号 [SSIS-252] 离线任务 (Hash: f29db05a7a063724bfe8d731ab4928eca7e213f8)
[2026-08-11 23:27:57] [INFO] [javdb_scraper.py:1117] - 📝 [Push History] 记录番号 [SSIS-222] 离线任务 (Hash: 899ca31f81c92ed608cdaa97ea53987d3a135b34)
[2026-08-11 23:27:57] [INFO] [javdb_scraper.py:1242] - 🛡️ [115 防风控保护] 批次间随机休眠 3.2 秒...
[2026-08-11 23:28:00] [INFO] [javdb_scraper.py:1230] - ⏳ [115 Push] 推送批次 (51~54/54) -> 路径: /有码/河北彩花/中字破解/2026-08-11
[2026-08-11 23:28:00] [INFO] [javdb_scraper.py:1090] - 🚀 [115 Gateway] 提交离线任务到 115 网关 | 保存路径: /有码/河北彩花/中字破解/2026-08-11
[2026-08-11 23:28:02] [INFO] [javdb_scraper.py:1094] - ✅ [115 Gateway] 网关返回结果: {"code":0,"message":"处理完成。成功: 4 个任务，失败: 0 个任务","data":{"total":4,"success_count":4,"failed_count":0,"failed_details":[],"wp_path":"/有码/河北彩花/中字破解/2026-08-11","wp_path_id":"3493402250464724900"}}
[2026-08-11 23:28:02] [INFO] [javdb_scraper.py:1117] - 📝 [Push History] 记录番号 [SSIS-194] 离线任务 (Hash: 9f9a9e833ab62fe7686f2f9c1425a4a17532f359)
[2026-08-11 23:28:02] [INFO] [javdb_scraper.py:1117] - 📝 [Push History] 记录番号 [SSIS-158] 离线任务 (Hash: 0f8b7d472598d527cea659d0085f259b32d17f69)
[2026-08-11 23:28:02] [INFO] [javdb_scraper.py:1117] - 📝 [Push History] 记录番号 [SSIS-129] 离线任务 (Hash: 0e06b031d0e2fde515250764e8e3219f5c965a73)
[2026-08-11 23:28:02] [INFO] [javdb_scraper.py:1117] - 📝 [Push History] 记录番号 [SSNI-309] 离线任务 (Hash: 0f55523656ba998137322de2814b35abbd0fdc25)
[2026-08-11 23:28:02] [INFO] [javdb_scraper.py:1230] - ⏳ [115 Push] 推送批次 (1~5/16) -> 路径: /有码/瀬戸環奈/中字破解/2026-08-11
[2026-08-11 23:28:02] [INFO] [javdb_scraper.py:1090] - 🚀 [115 Gateway] 提交离线任务到 115 网关 | 保存路径: /有码/瀬戸環奈/中字破解/2026-08-11
[2026-08-11 23:28:10] [INFO] [javdb_scraper.py:1094] - ✅ [115 Gateway] 网关返回结果: {"code":0,"message":"处理完成。成功: 5 个任务，失败: 0 个任务","data":{"total":5,"success_count":5,"failed_count":0,"failed_details":[],"wp_path":"/有码/瀬戸環奈/中字破解/2026-08-11","wp_path_id":"3493402944705923071"}}
[2026-08-11 23:28:10] [INFO] [javdb_scraper.py:1117] - 📝 [Push History] 记录番号 [SNOS-334] 离线任务 (Hash: b45c88573b865eba7d59a96f9f19d3dc9ddbd3f6)
[2026-08-11 23:28:10] [INFO] [javdb_scraper.py:1117] - 📝 [Push History] 记录番号 [SNOS-209] 离线任务 (Hash: 6c4a6df999a6de5fd66ef37dc3822aa89b49915e)
[2026-08-11 23:28:10] [INFO] [javdb_scraper.py:1117] - 📝 [Push History] 记录番号 [SNOS-093] 离线任务 (Hash: de4288a115b7e8713321c1754e819c911ed69142)
[2026-08-11 23:28:10] [INFO] [javdb_scraper.py:1117] - 📝 [Push History] 记录番号 [SNOS-064] 离线任务 (Hash: f4200194165f1094c54ea1451533517d327f1c14)
[2026-08-11 23:28:11] [INFO] [javdb_scraper.py:1117] - 📝 [Push History] 记录番号 [SNOS-038] 离线任务 (Hash: dd9f282b9e3b623d19d06966f5f871f4676f5475)
[2026-08-11 23:28:11] [INFO] [javdb_scraper.py:1242] - 🛡️ [115 防风控保护] 批次间随机休眠 6.5 秒...
[2026-08-11 23:28:17] [INFO] [javdb_scraper.py:1230] - ⏳ [115 Push] 推送批次 (6~10/16) -> 路径: /有码/瀬戸環奈/中字破解/2026-08-11
[2026-08-11 23:28:17] [INFO] [javdb_scraper.py:1090] - 🚀 [115 Gateway] 提交离线任务到 115 网关 | 保存路径: /有码/瀬戸環奈/中字破解/2026-08-11
[2026-08-11 23:28:20] [INFO] [javdb_scraper.py:1094] - ✅ [115 Gateway] 网关返回结果: {"code":0,"message":"处理完成。成功: 5 个任务，失败: 0 个任务","data":{"total":5,"success_count":5,"failed_count":0,"failed_details":[],"wp_path":"/有码/瀬戸環奈/中字破解/2026-08-11","wp_path_id":"3493402944705923071"}}
[2026-08-11 23:28:20] [INFO] [javdb_scraper.py:1117] - 📝 [Push History] 记录番号 [SONE-991] 离线任务 (Hash: 394c82b8b0341e7baeb1ab762cd6d6cf83ef6757)
[2026-08-11 23:28:20] [INFO] [javdb_scraper.py:1117] - 📝 [Push History] 记录番号 [SONE-974] 离线任务 (Hash: 9e73c06c1ef2c64c5760b5c2ac38c756f75a6de3)
[2026-08-11 23:28:20] [INFO] [javdb_scraper.py:1117] - 📝 [Push History] 记录番号 [SONE-912] 离线任务 (Hash: fa7f345fccd49670e20b3c630b39fdbff8629e84)
[2026-08-11 23:28:20] [INFO] [javdb_scraper.py:1117] - 📝 [Push History] 记录番号 [SONE-846] 离线任务 (Hash: ae42ced78df8c7be64540fe5f1203d7b4f0c69bf)
[2026-08-11 23:28:20] [INFO] [javdb_scraper.py:1117] - 📝 [Push History] 记录番号 [SONE-811] 离线任务 (Hash: e14f912c7ff7d690b4bb69fa5c893bfe1f6a2acf)
[2026-08-11 23:28:20] [INFO] [javdb_scraper.py:1242] - 🛡️ [115 防风控保护] 批次间随机休眠 8.0 秒...
[2026-08-11 23:28:28] [INFO] [javdb_scraper.py:1230] - ⏳ [115 Push] 推送批次 (11~15/16) -> 路径: /有码/瀬戸環奈/中字破解/2026-08-11
[2026-08-11 23:28:28] [INFO] [javdb_scraper.py:1090] - 🚀 [115 Gateway] 提交离线任务到 115 网关 | 保存路径: /有码/瀬戸環奈/中字破解/2026-08-11
[2026-08-11 23:28:30] [INFO] [javdb_scraper.py:1094] - ✅ [115 Gateway] 网关返回结果: {"code":0,"message":"处理完成。成功: 5 个任务，失败: 0 个任务","data":{"total":5,"success_count":5,"failed_count":0,"failed_details":[],"wp_path":"/有码/瀬戸環奈/中字破解/2026-08-11","wp_path_id":"3493402944705923071"}}
[2026-08-11 23:28:30] [INFO] [javdb_scraper.py:1117] - 📝 [Push History] 记录番号 [SONE-758] 离线任务 (Hash: 4463ef2b04479950872e0d6586fd26872fc3ddcf)
[2026-08-11 23:28:30] [INFO] [javdb_scraper.py:1117] - 📝 [Push History] 记录番号 [SONE-720] 离线任务 (Hash: b215162251481064cf4b65b8017a0e9f9d9549af)
[2026-08-11 23:28:30] [INFO] [javdb_scraper.py:1117] - 📝 [Push History] 记录番号 [SONE-682] 离线任务 (Hash: 4c84283b8abc17d02ba2bdf3884d315c0a53b2be)
[2026-08-11 23:28:30] [INFO] [javdb_scraper.py:1117] - 📝 [Push History] 记录番号 [SONE-638] 离线任务 (Hash: 81a0098c69e0b5837f715644a0e352680828e7cc)
[2026-08-11 23:28:30] [INFO] [javdb_scraper.py:1117] - 📝 [Push History] 记录番号 [SONE-615] 离线任务 (Hash: d0d31828f07f3eece2d4f0c4a2695cc16cc3e2e0)
[2026-08-11 23:28:30] [INFO] [javdb_scraper.py:1242] - 🛡️ [115 防风控保护] 批次间随机休眠 6.3 秒...
[2026-08-11 23:28:37] [INFO] [javdb_scraper.py:1230] - ⏳ [115 Push] 推送批次 (16~16/16) -> 路径: /有码/瀬戸環奈/中字破解/2026-08-11
[2026-08-11 23:28:37] [INFO] [javdb_scraper.py:1090] - 🚀 [115 Gateway] 提交离线任务到 115 网关 | 保存路径: /有码/瀬戸環奈/中字破解/2026-08-11
[2026-08-11 23:28:37] [INFO] [javdb_scraper.py:1094] - ✅ [115 Gateway] 网关返回结果: {"code":0,"message":"处理完成。成功: 1 个任务，失败: 0 个任务","data":{"total":1,"success_count":1,"failed_count":0,"failed_details":[],"wp_path":"/有码/瀬戸環奈/中字破解/2026-08-11","wp_path_id":"3493402944705923071"}}
[2026-08-11 23:28:37] [INFO] [javdb_scraper.py:1117] - 📝 [Push History] 记录番号 [SONE-614] 离线任务 (Hash: 113bed313a4ed5e47495717de385942ab49768e7)
[2026-08-11 23:28:37] [INFO] [javdb_scraper.py:1230] - ⏳ [115 Push] 推送批次 (1~5/108) -> 路径: /有码/明里つむぎ/中字破解/2026-08-11
[2026-08-11 23:28:37] [INFO] [javdb_scraper.py:1090] - 🚀 [115 Gateway] 提交离线任务到 115 网关 | 保存路径: /有码/明里つむぎ/中字破解/2026-08-11
[2026-08-11 23:28:47] [INFO] [javdb_scraper.py:1094] - ✅ [115 Gateway] 网关返回结果: {"code":0,"message":"处理完成。成功: 5 个任务，失败: 0 个任务","data":{"total":5,"success_count":5,"failed_count":0,"failed_details":[],"wp_path":"/有码/明里つむぎ/中字破解/2026-08-11","wp_path_id":"3493403250797840129"}}
[2026-08-11 23:28:47] [INFO] [javdb_scraper.py:1117] - 📝 [Push History] 记录番号 [FNS-220] 离线任务 (Hash: 67395b73e34267035da8061a08e8cbdcd3754df1)
[2026-08-11 23:28:47] [INFO] [javdb_scraper.py:1117] - 📝 [Push History] 记录番号 [FNS-193] 离线任务 (Hash: 40006b04b7beafe49b976208e68ca90b69c319da)
[2026-08-11 23:28:47] [INFO] [javdb_scraper.py:1117] - 📝 [Push History] 记录番号 [FNS-166] 离线任务 (Hash: a7635beba64775497708f8a81ed0a10deb349d93)
[2026-08-11 23:28:47] [INFO] [javdb_scraper.py:1117] - 📝 [Push History] 记录番号 [FNS-154] 离线任务 (Hash: 8aa34cc2e5493375a84559216f13ef8319d4ff5b)
[2026-08-11 23:28:47] [INFO] [javdb_scraper.py:1117] - 📝 [Push History] 记录番号 [FNS-122] 离线任务 (Hash: f05b03fc826e86acdb28638b4501eed6a9746759)
[2026-08-11 23:28:47] [INFO] [javdb_scraper.py:1242] - 🛡️ [115 防风控保护] 批次间随机休眠 5.2 秒...
[2026-08-11 23:28:52] [INFO] [javdb_scraper.py:1230] - ⏳ [115 Push] 推送批次 (6~10/108) -> 路径: /有码/明里つむぎ/中字破解/2026-08-11
[2026-08-11 23:28:52] [INFO] [javdb_scraper.py:1090] - 🚀 [115 Gateway] 提交离线任务到 115 网关 | 保存路径: /有码/明里つむぎ/中字破解/2026-08-11
[2026-08-11 23:28:55] [INFO] [javdb_scraper.py:1094] - ✅ [115 Gateway] 网关返回结果: {"code":0,"message":"处理完成。成功: 5 个任务，失败: 0 个任务","data":{"total":5,"success_count":5,"failed_count":0,"failed_details":[],"wp_path":"/有码/明里つむぎ/中字破解/2026-08-11","wp_path_id":"3493403250797840129"}}
[2026-08-11 23:28:55] [INFO] [javdb_scraper.py:1117] - 📝 [Push History] 记录番号 [FNS-121] 离线任务 (Hash: e496d8ac1242cb25aa8b78e6a1dc9789a08c166f)
[2026-08-11 23:28:55] [INFO] [javdb_scraper.py:1117] - 📝 [Push History] 记录番号 [IPZZ-674] 离线任务 (Hash: c62258277e0f2fe1d8487e3935269a0b47dbd83b)
[2026-08-11 23:28:55] [INFO] [javdb_scraper.py:1117] - 📝 [Push History] 记录番号 [IPZZ-652] 离线任务 (Hash: 0ca11738aabf71170e0147efa3675d7547b743cc)
[2026-08-11 23:28:55] [INFO] [javdb_scraper.py:1117] - 📝 [Push History] 记录番号 [PRED-795] 离线任务 (Hash: 98ce1faee435ad48ea419e172f81ed316d1898f5)
[2026-08-11 23:28:55] [INFO] [javdb_scraper.py:1117] - 📝 [Push History] 记录番号 [IPZZ-629] 离线任务 (Hash: 652c7fcf440b4441fc1b03f92e527c9deb25dc65)
[2026-08-11 23:28:55] [INFO] [javdb_scraper.py:1242] - 🛡️ [115 防风控保护] 批次间随机休眠 3.4 秒...
[2026-08-11 23:28:58] [INFO] [javdb_scraper.py:1230] - ⏳ [115 Push] 推送批次 (11~15/108) -> 路径: /有码/明里つむぎ/中字破解/2026-08-11
[2026-08-11 23:28:58] [INFO] [javdb_scraper.py:1090] - 🚀 [115 Gateway] 提交离线任务到 115 网关 | 保存路径: /有码/明里つむぎ/中字破解/2026-08-11
[2026-08-11 23:29:01] [INFO] [javdb_scraper.py:1094] - ✅ [115 Gateway] 网关返回结果: {"code":0,"message":"处理完成。成功: 5 个任务，失败: 0 个任务","data":{"total":5,"success_count":5,"failed_count":0,"failed_details":[],"wp_path":"/有码/明里つむぎ/中字破解/2026-08-11","wp_path_id":"3493403250797840129"}}
[2026-08-11 23:29:01] [INFO] [javdb_scraper.py:1117] - 📝 [Push History] 记录番号 [PRED-785] 离线任务 (Hash: 4c50b46ad00dfa0e31c1406d7b3b2cffbc719bce)
[2026-08-11 23:29:01] [INFO] [javdb_scraper.py:1117] - 📝 [Push History] 记录番号 [IPZZ-599] 离线任务 (Hash: 148f95de0b53b5c3c29e80c74109eef617619289)
[2026-08-11 23:29:01] [INFO] [javdb_scraper.py:1117] - 📝 [Push History] 记录番号 [PRED-779] 离线任务 (Hash: e67ce11200bab2d6124a11838cb3f4d720e594c9)
[2026-08-11 23:29:01] [INFO] [javdb_scraper.py:1117] - 📝 [Push History] 记录番号 [IPZZ-576] 离线任务 (Hash: e7325c6a2f4ef3f5df70e2dc8819ddd353201150)
[2026-08-11 23:29:01] [INFO] [javdb_scraper.py:1117] - 📝 [Push History] 记录番号 [PRED-771] 离线任务 (Hash: 168a42d9f76b59ab49227066d4b703c82d32e7a7)
[2026-08-11 23:29:01] [INFO] [javdb_scraper.py:1242] - 🛡️ [115 防风控保护] 批次间随机休眠 4.5 秒...
[2026-08-11 23:29:06] [INFO] [javdb_scraper.py:1230] - ⏳ [115 Push] 推送批次 (16~20/108) -> 路径: /有码/明里つむぎ/中字破解/2026-08-11
[2026-08-11 23:29:06] [INFO] [javdb_scraper.py:1090] - 🚀 [115 Gateway] 提交离线任务到 115 网关 | 保存路径: /有码/明里つむぎ/中字破解/2026-08-11
[2026-08-11 23:29:08] [INFO] [javdb_scraper.py:1094] - ✅ [115 Gateway] 网关返回结果: {"code":0,"message":"处理完成。成功: 5 个任务，失败: 0 个任务","data":{"total":5,"success_count":5,"failed_count":0,"failed_details":[],"wp_path":"/有码/明里つむぎ/中字破解/2026-08-11","wp_path_id":"3493403250797840129"}}
[2026-08-11 23:29:08] [INFO] [javdb_scraper.py:1117] - 📝 [Push History] 记录番号 [IPZZ-547] 离线任务 (Hash: cf5559af293183d885d4b61e16a47eeccfa90ea5)
[2026-08-11 23:29:08] [INFO] [javdb_scraper.py:1117] - 📝 [Push History] 记录番号 [IPZZ-525] 离线任务 (Hash: baa34af26ebb7f01ded9a6cb3791c964aa70c277)
[2026-08-11 23:29:08] [INFO] [javdb_scraper.py:1117] - 📝 [Push History] 记录番号 [IPZZ-503] 离线任务 (Hash: 418c9d389643472a2ec9bb5fb0bfea6aaf2e9a65)
[2026-08-11 23:29:08] [INFO] [javdb_scraper.py:1117] - 📝 [Push History] 记录番号 [JUR-237] 离线任务 (Hash: 897e1e224536f575cb852ffba406c1bd61a3aa2b)
[2026-08-11 23:29:08] [INFO] [javdb_scraper.py:1117] - 📝 [Push History] 记录番号 [IPZZ-479] 离线任务 (Hash: a3c99847de88015eb52a1b6e39df022365985464)
[2026-08-11 23:29:08] [INFO] [javdb_scraper.py:1242] - 🛡️ [115 防风控保护] 批次间随机休眠 7.1 秒...
[2026-08-11 23:29:15] [INFO] [javdb_scraper.py:1230] - ⏳ [115 Push] 推送批次 (21~25/108) -> 路径: /有码/明里つむぎ/中字破解/2026-08-11
[2026-08-11 23:29:15] [INFO] [javdb_scraper.py:1090] - 🚀 [115 Gateway] 提交离线任务到 115 网关 | 保存路径: /有码/明里つむぎ/中字破解/2026-08-11
[2026-08-11 23:29:18] [INFO] [javdb_scraper.py:1094] - ✅ [115 Gateway] 网关返回结果: {"code":0,"message":"处理完成。成功: 5 个任务，失败: 0 个任务","data":{"total":5,"success_count":5,"failed_count":0,"failed_details":[],"wp_path":"/有码/明里つむぎ/中字破解/2026-08-11","wp_path_id":"3493403250797840129"}}
[2026-08-11 23:29:18] [INFO] [javdb_scraper.py:1117] - 📝 [Push History] 记录番号 [JUR-020] 离线任务 (Hash: 57ff4fa93748d7499b1b2be4fab045fdba41088a)
[2026-08-11 23:29:18] [INFO] [javdb_scraper.py:1117] - 📝 [Push History] 记录番号 [IPZZ-451] 离线任务 (Hash: 206c3ebb0807282dddc0d474590104f961ebe9af)
[2026-08-11 23:29:18] [INFO] [javdb_scraper.py:1117] - 📝 [Push History] 记录番号 [JUR-139] 离线任务 (Hash: 6565c3414d78e362d046160d79354fbd206ad6c0)
[2026-08-11 23:29:18] [INFO] [javdb_scraper.py:1117] - 📝 [Push History] 记录番号 [IPZZ-428] 离线任务 (Hash: 83a7f7c000b5a7a70fc63bb898252dff973e75d9)
[2026-08-11 23:29:18] [INFO] [javdb_scraper.py:1117] - 📝 [Push History] 记录番号 [JUR-153] 离线任务 (Hash: 2b13ac044a6235c4b40b2351578bbf7263c52ad3)
[2026-08-11 23:29:18] [INFO] [javdb_scraper.py:1242] - 🛡️ [115 防风控保护] 批次间随机休眠 5.4 秒...
[2026-08-11 23:29:23] [INFO] [javdb_scraper.py:1230] - ⏳ [115 Push] 推送批次 (26~30/108) -> 路径: /有码/明里つむぎ/中字破解/2026-08-11
[2026-08-11 23:29:23] [INFO] [javdb_scraper.py:1090] - 🚀 [115 Gateway] 提交离线任务到 115 网关 | 保存路径: /有码/明里つむぎ/中字破解/2026-08-11
[2026-08-11 23:29:26] [INFO] [javdb_scraper.py:1094] - ✅ [115 Gateway] 网关返回结果: {"code":0,"message":"处理完成。成功: 5 个任务，失败: 0 个任务","data":{"total":5,"success_count":5,"failed_count":0,"failed_details":[],"wp_path":"/有码/明里つむぎ/中字破解/2026-08-11","wp_path_id":"3493403250797840129"}}
[2026-08-11 23:29:26] [INFO] [javdb_scraper.py:1117] - 📝 [Push History] 记录番号 [IPZZ-408] 离线任务 (Hash: f261d4c8ea21f727431716ac44d80fe58edc0653)
[2026-08-11 23:29:26] [INFO] [javdb_scraper.py:1117] - 📝 [Push History] 记录番号 [JUQ-819] 离线任务 (Hash: 1b8a6fd1fea3717747d31eb31515a56dfb586198)
[2026-08-11 23:29:26] [INFO] [javdb_scraper.py:1117] - 📝 [Push History] 记录番号 [IPZZ-367] 离线任务 (Hash: 74a5db47db71aae8538986a9e2ca0fad36775212)
[2026-08-11 23:29:26] [INFO] [javdb_scraper.py:1117] - 📝 [Push History] 记录番号 [JUQ-907] 离线任务 (Hash: 05059925018b44781509e7294c2b1a5145dec75f)
[2026-08-11 23:29:26] [INFO] [javdb_scraper.py:1117] - 📝 [Push History] 记录番号 [IPZZ-389] 离线任务 (Hash: 5d983d6dc68ed7abb1c1fe320a91d83c02809409)
[2026-08-11 23:29:26] [INFO] [javdb_scraper.py:1242] - 🛡️ [115 防风控保护] 批次间随机休眠 5.5 秒...
[2026-08-11 23:29:32] [INFO] [javdb_scraper.py:1230] - ⏳ [115 Push] 推送批次 (31~35/108) -> 路径: /有码/明里つむぎ/中字破解/2026-08-11
[2026-08-11 23:29:32] [INFO] [javdb_scraper.py:1090] - 🚀 [115 Gateway] 提交离线任务到 115 网关 | 保存路径: /有码/明里つむぎ/中字破解/2026-08-11
[2026-08-11 23:29:34] [INFO] [javdb_scraper.py:1094] - ✅ [115 Gateway] 网关返回结果: {"code":0,"message":"处理完成。成功: 5 个任务，失败: 0 个任务","data":{"total":5,"success_count":5,"failed_count":0,"failed_details":[],"wp_path":"/有码/明里つむぎ/中字破解/2026-08-11","wp_path_id":"3493403250797840129"}}
[2026-08-11 23:29:34] [INFO] [javdb_scraper.py:1117] - 📝 [Push History] 记录番号 [JUQ-880] 离线任务 (Hash: 023743071dc2e2e5426d79160fd3f68484886498)
[2026-08-11 23:29:34] [INFO] [javdb_scraper.py:1117] - 📝 [Push History] 记录番号 [IPZZ-343] 离线任务 (Hash: ff253a687e84b989cd0b73d9992a58e902c4679b)
[2026-08-11 23:29:34] [INFO] [javdb_scraper.py:1117] - 📝 [Push History] 记录番号 [IPZZ-320] 离线任务 (Hash: 04a661250c23812f4f682f8c5927ca9c4c16f30b)
[2026-08-11 23:29:34] [INFO] [javdb_scraper.py:1117] - 📝 [Push History] 记录番号 [JUQ-775] 离线任务 (Hash: e37367e2201dd54b8e2d978adfbd677aaa669dde)
[2026-08-11 23:29:34] [INFO] [javdb_scraper.py:1117] - 📝 [Push History] 记录番号 [IPZZ-296] 离线任务 (Hash: 08f5b765a51d91af31171997958c7d1f65aaca32)
[2026-08-11 23:29:34] [INFO] [javdb_scraper.py:1242] - 🛡️ [115 防风控保护] 批次间随机休眠 6.4 秒...
[2026-08-11 23:29:41] [INFO] [javdb_scraper.py:1230] - ⏳ [115 Push] 推送批次 (36~40/108) -> 路径: /有码/明里つむぎ/中字破解/2026-08-11
[2026-08-11 23:29:41] [INFO] [javdb_scraper.py:1090] - 🚀 [115 Gateway] 提交离线任务到 115 网关 | 保存路径: /有码/明里つむぎ/中字破解/2026-08-11
[2026-08-11 23:29:43] [INFO] [javdb_scraper.py:1094] - ✅ [115 Gateway] 网关返回结果: {"code":0,"message":"处理完成。成功: 5 个任务，失败: 0 个任务","data":{"total":5,"success_count":5,"failed_count":0,"failed_details":[],"wp_path":"/有码/明里つむぎ/中字破解/2026-08-11","wp_path_id":"3493403250797840129"}}
[2026-08-11 23:29:43] [INFO] [javdb_scraper.py:1117] - 📝 [Push History] 记录番号 [JUQ-757] 离线任务 (Hash: 71d51d31585404f88512851626d332f8a13be02e)
[2026-08-11 23:29:43] [INFO] [javdb_scraper.py:1117] - 📝 [Push History] 记录番号 [IPZZ-250] 离线任务 (Hash: 46e4ab8d062fd8486a99324805f0851a66ebc1db)
[2026-08-11 23:29:43] [INFO] [javdb_scraper.py:1117] - 📝 [Push History] 记录番号 [JUQ-688] 离线任务 (Hash: f446e7dc618348f4b113f5b762c215fe6e8796b5)
[2026-08-11 23:29:43] [INFO] [javdb_scraper.py:1117] - 📝 [Push History] 记录番号 [IPZZ-228] 离线任务 (Hash: db42dcddd661a9d7412716720035b0dee1178972)
[2026-08-11 23:29:43] [INFO] [javdb_scraper.py:1117] - 📝 [Push History] 记录番号 [JUQ-641] 离线任务 (Hash: e687e20a14b40559532afbeaf0d8dbdb34963825)
[2026-08-11 23:29:43] [INFO] [javdb_scraper.py:1242] - 🛡️ [115 防风控保护] 批次间随机休眠 3.9 秒...
[2026-08-11 23:29:47] [INFO] [javdb_scraper.py:1230] - ⏳ [115 Push] 推送批次 (41~45/108) -> 路径: /有码/明里つむぎ/中字破解/2026-08-11
[2026-08-11 23:29:47] [INFO] [javdb_scraper.py:1090] - 🚀 [115 Gateway] 提交离线任务到 115 网关 | 保存路径: /有码/明里つむぎ/中字破解/2026-08-11
[2026-08-11 23:29:50] [INFO] [javdb_scraper.py:1094] - ✅ [115 Gateway] 网关返回结果: {"code":0,"message":"处理完成。成功: 5 个任务，失败: 0 个任务","data":{"total":5,"success_count":5,"failed_count":0,"failed_details":[],"wp_path":"/有码/明里つむぎ/中字破解/2026-08-11","wp_path_id":"3493403250797840129"}}
[2026-08-11 23:29:50] [INFO] [javdb_scraper.py:1117] - 📝 [Push History] 记录番号 [IPZZ-199] 离线任务 (Hash: 44c7feb761ced459a74efab4ddb458dcb82a1855)
[2026-08-11 23:29:50] [INFO] [javdb_scraper.py:1117] - 📝 [Push History] 记录番号 [JUQ-564] 离线任务 (Hash: 9626e5cac5b5a6cf8e33fd6bcc5a179701ca5ae0)
[2026-08-11 23:29:50] [INFO] [javdb_scraper.py:1117] - 📝 [Push History] 记录番号 [JUQ-541] 离线任务 (Hash: 120618ab41fa81e12231f4d80008c701bfec1fc6)
[2026-08-11 23:29:50] [INFO] [javdb_scraper.py:1117] - 📝 [Push History] 记录番号 [IPZZ-154] 离线任务 (Hash: efe43e765449b2e30d0e0e52fae5f14a00cd1c1e)
[2026-08-11 23:29:50] [INFO] [javdb_scraper.py:1117] - 📝 [Push History] 记录番号 [JUQ-471] 离线任务 (Hash: f04aa5f6e6dade545ed6a8638d3b55a6b2154c54)
[2026-08-11 23:29:50] [INFO] [javdb_scraper.py:1242] - 🛡️ [115 防风控保护] 批次间随机休眠 5.9 秒...
[2026-08-11 23:29:56] [INFO] [javdb_scraper.py:1230] - ⏳ [115 Push] 推送批次 (46~50/108) -> 路径: /有码/明里つむぎ/中字破解/2026-08-11
[2026-08-11 23:29:56] [INFO] [javdb_scraper.py:1090] - 🚀 [115 Gateway] 提交离线任务到 115 网关 | 保存路径: /有码/明里つむぎ/中字破解/2026-08-11
[2026-08-11 23:29:58] [INFO] [javdb_scraper.py:1094] - ✅ [115 Gateway] 网关返回结果: {"code":0,"message":"处理完成。成功: 5 个任务，失败: 0 个任务","data":{"total":5,"success_count":5,"failed_count":0,"failed_details":[],"wp_path":"/有码/明里つむぎ/中字破解/2026-08-11","wp_path_id":"3493403250797840129"}}
[2026-08-11 23:29:58] [INFO] [javdb_scraper.py:1117] - 📝 [Push History] 记录番号 [IPZZ-135] 离线任务 (Hash: be574a691b6c99647cb7640ecc54b30d013b2298)
[2026-08-11 23:29:58] [INFO] [javdb_scraper.py:1117] - 📝 [Push History] 记录番号 [JUQ-434] 离线任务 (Hash: 042143224cac561a6a7c03fe7c397ecbfd9071a5)
[2026-08-11 23:29:58] [INFO] [javdb_scraper.py:1117] - 📝 [Push History] 记录番号 [IPZZ-120] 离线任务 (Hash: e798348ddab3a62206ac854cc706dc31773da2a0)
[2026-08-11 23:29:58] [INFO] [javdb_scraper.py:1117] - 📝 [Push History] 记录番号 [JUQ-405] 离线任务 (Hash: d51a025650ac4c4d9f6914a1555998cdfae87ac6)
[2026-08-11 23:29:58] [INFO] [javdb_scraper.py:1117] - 📝 [Push History] 记录番号 [IPZZ-105] 离线任务 (Hash: 682744dc72611d0a4fd22a7761f0ea98606d8d57)
[2026-08-11 23:29:58] [INFO] [javdb_scraper.py:1242] - 🛡️ [115 防风控保护] 批次间随机休眠 7.2 秒...
[2026-08-11 23:30:06] [INFO] [javdb_scraper.py:1230] - ⏳ [115 Push] 推送批次 (51~55/108) -> 路径: /有码/明里つむぎ/中字破解/2026-08-11
[2026-08-11 23:30:06] [INFO] [javdb_scraper.py:1090] - 🚀 [115 Gateway] 提交离线任务到 115 网关 | 保存路径: /有码/明里つむぎ/中字破解/2026-08-11
[2026-08-11 23:30:08] [INFO] [javdb_scraper.py:1094] - ✅ [115 Gateway] 网关返回结果: {"code":0,"message":"处理完成。成功: 5 个任务，失败: 0 个任务","data":{"total":5,"success_count":5,"failed_count":0,"failed_details":[],"wp_path":"/有码/明里つむぎ/中字破解/2026-08-11","wp_path_id":"3493403250797840129"}}
[2026-08-11 23:30:08] [INFO] [javdb_scraper.py:1117] - 📝 [Push History] 记录番号 [JUQ-370] 离线任务 (Hash: e2ccad1ff68a86ba23f5a18495b64b4f30882595)
[2026-08-11 23:30:08] [INFO] [javdb_scraper.py:1117] - 📝 [Push History] 记录番号 [IPBZ-005] 离线任务 (Hash: e076173509fb955fbee1c7ffae985b2af189800b)
[2026-08-11 23:30:08] [INFO] [javdb_scraper.py:1117] - 📝 [Push History] 记录番号 [IPZZ-090] 离线任务 (Hash: a42d6b92a4d7f9a10c90b888802a027f2f19a2fb)
[2026-08-11 23:30:08] [INFO] [javdb_scraper.py:1117] - 📝 [Push History] 记录番号 [JUQ-358] 离线任务 (Hash: 5788161de35eaf81e92e9a723c27ea7d18391021)
[2026-08-11 23:30:08] [INFO] [javdb_scraper.py:1117] - 📝 [Push History] 记录番号 [IPZZ-065] 离线任务 (Hash: f373086d4ea430f6c3f048c4bcf4e4291dadce1a)
[2026-08-11 23:30:08] [INFO] [javdb_scraper.py:1242] - 🛡️ [115 防风控保护] 批次间随机休眠 5.7 秒...
[2026-08-11 23:30:14] [INFO] [javdb_scraper.py:1230] - ⏳ [115 Push] 推送批次 (56~60/108) -> 路径: /有码/明里つむぎ/中字破解/2026-08-11
[2026-08-11 23:30:14] [INFO] [javdb_scraper.py:1090] - 🚀 [115 Gateway] 提交离线任务到 115 网关 | 保存路径: /有码/明里つむぎ/中字破解/2026-08-11
[2026-08-11 23:30:17] [INFO] [javdb_scraper.py:1094] - ✅ [115 Gateway] 网关返回结果: {"code":0,"message":"处理完成。成功: 5 个任务，失败: 0 个任务","data":{"total":5,"success_count":5,"failed_count":0,"failed_details":[],"wp_path":"/有码/明里つむぎ/中字破解/2026-08-11","wp_path_id":"3493403250797840129"}}
[2026-08-11 23:30:17] [INFO] [javdb_scraper.py:1117] - 📝 [Push History] 记录番号 [IPZZ-052] 离线任务 (Hash: 94cb2d73bcb4d2356d6f0c1674a5fbdc9b5a9208)
[2026-08-11 23:30:17] [INFO] [javdb_scraper.py:1117] - 📝 [Push History] 记录番号 [MEYD-812] 离线任务 (Hash: fde2ac9d8e83e032a00928e4a8032475190585b4)
[2026-08-11 23:30:17] [INFO] [javdb_scraper.py:1117] - 📝 [Push History] 记录番号 [IPZZ-037] 离线任务 (Hash: 132d9aaa284c70a4a7c4abdb51619d24306bad7e)
[2026-08-11 23:30:17] [INFO] [javdb_scraper.py:1117] - 📝 [Push History] 记录番号 [MEYD-806] 离线任务 (Hash: 137d962551b98612dd4e6c532447ffabcba1d323)
[2026-08-11 23:30:17] [INFO] [javdb_scraper.py:1117] - 📝 [Push History] 记录番号 [IPZZ-023] 离线任务 (Hash: 5f77b038c6d666e63cd9d114969bcc67e8433704)
[2026-08-11 23:30:17] [INFO] [javdb_scraper.py:1242] - 🛡️ [115 防风控保护] 批次间随机休眠 4.1 秒...
[2026-08-11 23:30:21] [INFO] [javdb_scraper.py:1230] - ⏳ [115 Push] 推送批次 (61~65/108) -> 路径: /有码/明里つむぎ/中字破解/2026-08-11
[2026-08-11 23:30:21] [INFO] [javdb_scraper.py:1090] - 🚀 [115 Gateway] 提交离线任务到 115 网关 | 保存路径: /有码/明里つむぎ/中字破解/2026-08-11
[2026-08-11 23:30:23] [INFO] [javdb_scraper.py:1094] - ✅ [115 Gateway] 网关返回结果: {"code":0,"message":"处理完成。成功: 5 个任务，失败: 0 个任务","data":{"total":5,"success_count":5,"failed_count":0,"failed_details":[],"wp_path":"/有码/明里つむぎ/中字破解/2026-08-11","wp_path_id":"3493403250797840129"}}
[2026-08-11 23:30:23] [INFO] [javdb_scraper.py:1117] - 📝 [Push History] 记录番号 [ACHJ-008] 离线任务 (Hash: 33e936b30ced834f47099db94d138ab704909628)
[2026-08-11 23:30:23] [INFO] [javdb_scraper.py:1117] - 📝 [Push History] 记录番号 [MEYD-801] 离线任务 (Hash: d6dcece103bcf226b1760a19762664e00c4aa69e)
[2026-08-11 23:30:23] [INFO] [javdb_scraper.py:1117] - 📝 [Push History] 记录番号 [IPZZ-009] 离线任务 (Hash: eb42b05597de68a1ec8e73a1fcf5971b59761edf)
[2026-08-11 23:30:23] [INFO] [javdb_scraper.py:1117] - 📝 [Push History] 记录番号 [IPX-983] 离线任务 (Hash: ad7c268f2e6dca35dfff70bd0c0e33dd3037f101)
[2026-08-11 23:30:23] [INFO] [javdb_scraper.py:1117] - 📝 [Push History] 记录番号 [IPX-971] 离线任务 (Hash: 57a1f30f62a7ffaa5f220e5152eea0b83d052e1f)
[2026-08-11 23:30:23] [INFO] [javdb_scraper.py:1242] - 🛡️ [115 防风控保护] 批次间随机休眠 4.8 秒...
[2026-08-11 23:30:28] [INFO] [javdb_scraper.py:1230] - ⏳ [115 Push] 推送批次 (66~70/108) -> 路径: /有码/明里つむぎ/中字破解/2026-08-11
[2026-08-11 23:30:28] [INFO] [javdb_scraper.py:1090] - 🚀 [115 Gateway] 提交离线任务到 115 网关 | 保存路径: /有码/明里つむぎ/中字破解/2026-08-11
[2026-08-11 23:30:31] [INFO] [javdb_scraper.py:1094] - ✅ [115 Gateway] 网关返回结果: {"code":0,"message":"处理完成。成功: 5 个任务，失败: 0 个任务","data":{"total":5,"success_count":5,"failed_count":0,"failed_details":[],"wp_path":"/有码/明里つむぎ/中字破解/2026-08-11","wp_path_id":"3493403250797840129"}}
[2026-08-11 23:30:31] [INFO] [javdb_scraper.py:1117] - 📝 [Push History] 记录番号 [JUQ-163] 离线任务 (Hash: 7c46ee001e911f4fa5e7d305bf70ec9abffa6870)
[2026-08-11 23:30:31] [INFO] [javdb_scraper.py:1117] - 📝 [Push History] 记录番号 [JUQ-138] 离线任务 (Hash: 74ef27aec36d688a9caa61051c3533df54db2620)
[2026-08-11 23:30:31] [INFO] [javdb_scraper.py:1117] - 📝 [Push History] 记录番号 [IPX-954] 离线任务 (Hash: 936ec29df8c7f2413ad3fe4ce7da15a09ff6f31d)
[2026-08-11 23:30:31] [INFO] [javdb_scraper.py:1117] - 📝 [Push History] 记录番号 [IPX-937] 离线任务 (Hash: 7ee8b161ee9143abcc6a7d534c44f6fa61c8c7e8)
[2026-08-11 23:30:31] [INFO] [javdb_scraper.py:1117] - 📝 [Push History] 记录番号 [IPX-920] 离线任务 (Hash: 7768362e445476e8b2f50a5368e34901f31bc066)
[2026-08-11 23:30:31] [INFO] [javdb_scraper.py:1242] - 🛡️ [115 防风控保护] 批次间随机休眠 6.7 秒...
[2026-08-11 23:30:38] [INFO] [javdb_scraper.py:1230] - ⏳ [115 Push] 推送批次 (71~75/108) -> 路径: /有码/明里つむぎ/中字破解/2026-08-11
[2026-08-11 23:30:38] [INFO] [javdb_scraper.py:1090] - 🚀 [115 Gateway] 提交离线任务到 115 网关 | 保存路径: /有码/明里つむぎ/中字破解/2026-08-11
[2026-08-11 23:30:41] [INFO] [javdb_scraper.py:1094] - ✅ [115 Gateway] 网关返回结果: {"code":0,"message":"处理完成。成功: 5 个任务，失败: 0 个任务","data":{"total":5,"success_count":5,"failed_count":0,"failed_details":[],"wp_path":"/有码/明里つむぎ/中字破解/2026-08-11","wp_path_id":"3493403250797840129"}}
[2026-08-11 23:30:41] [INFO] [javdb_scraper.py:1117] - 📝 [Push History] 记录番号 [IPX-871] 离线任务 (Hash: 70ecc2e907de30bf1af621f0ece4ae312c17b401)
[2026-08-11 23:30:41] [INFO] [javdb_scraper.py:1117] - 📝 [Push History] 记录番号 [IPX-837] 离线任务 (Hash: 5346001bb812c0cdffdbed073426e894aebddbac)
[2026-08-11 23:30:41] [INFO] [javdb_scraper.py:1117] - 📝 [Push History] 记录番号 [IPX-817] 离线任务 (Hash: 3498ae2ee04d4ed49ed005bec69d7a1cb8257cef)
[2026-08-11 23:30:41] [INFO] [javdb_scraper.py:1117] - 📝 [Push History] 记录番号 [IPX-799] 离线任务 (Hash: 539721bade6a4a601581fc3db7d1e843a85280aa)
[2026-08-11 23:30:41] [INFO] [javdb_scraper.py:1117] - 📝 [Push History] 记录番号 [IPX-782] 离线任务 (Hash: ef2e166755c3e0a4f8ff80e8db383cec85fbe5cd)
[2026-08-11 23:30:41] [INFO] [javdb_scraper.py:1242] - 🛡️ [115 防风控保护] 批次间随机休眠 3.8 秒...
[2026-08-11 23:30:45] [INFO] [javdb_scraper.py:1230] - ⏳ [115 Push] 推送批次 (76~80/108) -> 路径: /有码/明里つむぎ/中字破解/2026-08-11
[2026-08-11 23:30:45] [INFO] [javdb_scraper.py:1090] - 🚀 [115 Gateway] 提交离线任务到 115 网关 | 保存路径: /有码/明里つむぎ/中字破解/2026-08-11
[2026-08-11 23:30:47] [INFO] [javdb_scraper.py:1094] - ✅ [115 Gateway] 网关返回结果: {"code":0,"message":"处理完成。成功: 5 个任务，失败: 0 个任务","data":{"total":5,"success_count":5,"failed_count":0,"failed_details":[],"wp_path":"/有码/明里つむぎ/中字破解/2026-08-11","wp_path_id":"3493403250797840129"}}
[2026-08-11 23:30:47] [INFO] [javdb_scraper.py:1117] - 📝 [Push History] 记录番号 [IPX-748] 离线任务 (Hash: 2dd2aca8583bb7bfaa83eefd973a7aa4cf0a90c5)
[2026-08-11 23:30:47] [INFO] [javdb_scraper.py:1117] - 📝 [Push History] 记录番号 [IPX-730] 离线任务 (Hash: 9efd4595549e392067783d11317b5dc508b4d18f)
[2026-08-11 23:30:47] [INFO] [javdb_scraper.py:1117] - 📝 [Push History] 记录番号 [IPX-695] 离线任务 (Hash: 992cea2cc145f47dbd744fcc8afe6cce867b5760)
[2026-08-11 23:30:47] [INFO] [javdb_scraper.py:1117] - 📝 [Push History] 记录番号 [IPX-662] 离线任务 (Hash: 0dbbbaacf94c5498141bfc56d6ba060c3ff9b4bd)
[2026-08-11 23:30:47] [INFO] [javdb_scraper.py:1117] - 📝 [Push History] 记录番号 [MEYD-664] 离线任务 (Hash: 31383e18fea1d33498f9d1dcc410103619a62034)
[2026-08-11 23:30:47] [INFO] [javdb_scraper.py:1242] - 🛡️ [115 防风控保护] 批次间随机休眠 4.4 秒...
[2026-08-11 23:30:52] [INFO] [javdb_scraper.py:1230] - ⏳ [115 Push] 推送批次 (81~85/108) -> 路径: /有码/明里つむぎ/中字破解/2026-08-11
[2026-08-11 23:30:52] [INFO] [javdb_scraper.py:1090] - 🚀 [115 Gateway] 提交离线任务到 115 网关 | 保存路径: /有码/明里つむぎ/中字破解/2026-08-11
[2026-08-11 23:30:54] [INFO] [javdb_scraper.py:1094] - ✅ [115 Gateway] 网关返回结果: {"code":0,"message":"处理完成。成功: 5 个任务，失败: 0 个任务","data":{"total":5,"success_count":5,"failed_count":0,"failed_details":[],"wp_path":"/有码/明里つむぎ/中字破解/2026-08-11","wp_path_id":"3493403250797840129"}}
[2026-08-11 23:30:54] [INFO] [javdb_scraper.py:1117] - 📝 [Push History] 记录番号 [IPX-647] 离线任务 (Hash: 395b7e2e8f65357f742c2391d7d0ddc6ab5da757)
[2026-08-11 23:30:54] [INFO] [javdb_scraper.py:1117] - 📝 [Push History] 记录番号 [IPX-618] 离线任务 (Hash: a29ca4c1a912841c0b7e3e6412d10d102e97c569)
[2026-08-11 23:30:54] [INFO] [javdb_scraper.py:1117] - 📝 [Push History] 记录番号 [IPX-586] 离线任务 (Hash: 73ffcd31b3f86365621dae43e3291240c746f8ff)
[2026-08-11 23:30:54] [INFO] [javdb_scraper.py:1117] - 📝 [Push History] 记录番号 [IPX-569] 离线任务 (Hash: a3c66e54457ce0b7f33faa816fdab659901eaa7c)
[2026-08-11 23:30:54] [INFO] [javdb_scraper.py:1117] - 📝 [Push History] 记录番号 [IPX-540] 离线任务 (Hash: ec01ed6318b7e76aa177d3755c9e08021b2c807c)
[2026-08-11 23:30:54] [INFO] [javdb_scraper.py:1242] - 🛡️ [115 防风控保护] 批次间随机休眠 3.8 秒...
[2026-08-11 23:30:58] [INFO] [javdb_scraper.py:1230] - ⏳ [115 Push] 推送批次 (86~90/108) -> 路径: /有码/明里つむぎ/中字破解/2026-08-11
[2026-08-11 23:30:58] [INFO] [javdb_scraper.py:1090] - 🚀 [115 Gateway] 提交离线任务到 115 网关 | 保存路径: /有码/明里つむぎ/中字破解/2026-08-11
[2026-08-11 23:31:01] [INFO] [javdb_scraper.py:1094] - ✅ [115 Gateway] 网关返回结果: {"code":0,"message":"处理完成。成功: 5 个任务，失败: 0 个任务","data":{"total":5,"success_count":5,"failed_count":0,"failed_details":[],"wp_path":"/有码/明里つむぎ/中字破解/2026-08-11","wp_path_id":"3493403250797840129"}}
[2026-08-11 23:31:01] [INFO] [javdb_scraper.py:1117] - 📝 [Push History] 记录番号 [IPX-518] 离线任务 (Hash: c10846fa54748f9c0477bc72e229db76cf63fd04)
[2026-08-11 23:31:01] [INFO] [javdb_scraper.py:1117] - 📝 [Push History] 记录番号 [IPX-507] 离线任务 (Hash: ed2e89e1ef73dda366534aec9343b4432534a7df)
[2026-08-11 23:31:01] [INFO] [javdb_scraper.py:1117] - 📝 [Push History] 记录番号 [IPX-489] 离线任务 (Hash: f7bfddd441deddb0d4824d7e0fb36a212332f24f)
[2026-08-11 23:31:01] [INFO] [javdb_scraper.py:1117] - 📝 [Push History] 记录番号 [IPX-473] 离线任务 (Hash: 3c96a44faae54b4bb2b4f8d894acb9f116531830)
[2026-08-11 23:31:01] [INFO] [javdb_scraper.py:1117] - 📝 [Push History] 记录番号 [IPX-457] 离线任务 (Hash: aca8a0b82610e64bf7599489a21264f76f6b1d60)
[2026-08-11 23:31:01] [INFO] [javdb_scraper.py:1242] - 🛡️ [115 防风控保护] 批次间随机休眠 6.3 秒...
[2026-08-11 23:31:07] [INFO] [javdb_scraper.py:1230] - ⏳ [115 Push] 推送批次 (91~95/108) -> 路径: /有码/明里つむぎ/中字破解/2026-08-11
[2026-08-11 23:31:07] [INFO] [javdb_scraper.py:1090] - 🚀 [115 Gateway] 提交离线任务到 115 网关 | 保存路径: /有码/明里つむぎ/中字破解/2026-08-11
[2026-08-11 23:31:10] [INFO] [javdb_scraper.py:1094] - ✅ [115 Gateway] 网关返回结果: {"code":0,"message":"处理完成。成功: 5 个任务，失败: 0 个任务","data":{"total":5,"success_count":5,"failed_count":0,"failed_details":[],"wp_path":"/有码/明里つむぎ/中字破解/2026-08-11","wp_path_id":"3493403250797840129"}}
[2026-08-11 23:31:10] [INFO] [javdb_scraper.py:1117] - 📝 [Push History] 记录番号 [ATID-399] 离线任务 (Hash: 50445aa0234b03e03c83513e380fc0c8843cff16)
[2026-08-11 23:31:10] [INFO] [javdb_scraper.py:1117] - 📝 [Push History] 记录番号 [IPX-430] 离线任务 (Hash: 35225b1dc3a811347e427b8aef80700ef694ea9e)
[2026-08-11 23:31:10] [INFO] [javdb_scraper.py:1117] - 📝 [Push History] 记录番号 [IPX-419] 离线任务 (Hash: 7eb5267ee9987cda5a1c074e11ed97473b18c98f)
[2026-08-11 23:31:10] [INFO] [javdb_scraper.py:1117] - 📝 [Push History] 记录番号 [IPX-404] 离线任务 (Hash: 8f7b938e674182d64664fdcfd9aebdc67e190326)
[2026-08-11 23:31:10] [INFO] [javdb_scraper.py:1117] - 📝 [Push History] 记录番号 [IPX-389] 离线任务 (Hash: 68e15973297ba5c60cdba719ded1044bb73405ca)
[2026-08-11 23:31:10] [INFO] [javdb_scraper.py:1242] - 🛡️ [115 防风控保护] 批次间随机休眠 5.2 秒...
[2026-08-11 23:31:15] [INFO] [javdb_scraper.py:1230] - ⏳ [115 Push] 推送批次 (96~100/108) -> 路径: /有码/明里つむぎ/中字破解/2026-08-11
[2026-08-11 23:31:15] [INFO] [javdb_scraper.py:1090] - 🚀 [115 Gateway] 提交离线任务到 115 网关 | 保存路径: /有码/明里つむぎ/中字破解/2026-08-11
[2026-08-11 23:31:18] [INFO] [javdb_scraper.py:1094] - ✅ [115 Gateway] 网关返回结果: {"code":0,"message":"处理完成。成功: 5 个任务，失败: 0 个任务","data":{"total":5,"success_count":5,"failed_count":0,"failed_details":[],"wp_path":"/有码/明里つむぎ/中字破解/2026-08-11","wp_path_id":"3493403250797840129"}}
[2026-08-11 23:31:18] [INFO] [javdb_scraper.py:1117] - 📝 [Push History] 记录番号 [IPX-374] 离线任务 (Hash: c730004358d4afd6424a7fac0176dbd88a89c609)
[2026-08-11 23:31:18] [INFO] [javdb_scraper.py:1117] - 📝 [Push History] 记录番号 [IPX-360] 离线任务 (Hash: 1da152ab01a4d012ebecbc51cf9382556c9409b2)
[2026-08-11 23:31:18] [INFO] [javdb_scraper.py:1117] - 📝 [Push History] 记录番号 [IPX-128] 离线任务 (Hash: a1d2bed111a15074af0a6ffa5be0670a064aba2a)
[2026-08-11 23:31:18] [INFO] [javdb_scraper.py:1117] - 📝 [Push History] 记录番号 [IPX-087] 离线任务 (Hash: f34698844926322c75801b6fb74463ae27c1cbdd)
[2026-08-11 23:31:18] [INFO] [javdb_scraper.py:1117] - 📝 [Push History] 记录番号 [IPX-071] 离线任务 (Hash: 8467c3c27706c8ce1e462fa237ac0268d50985df)
[2026-08-11 23:31:18] [INFO] [javdb_scraper.py:1242] - 🛡️ [115 防风控保护] 批次间随机休眠 6.6 秒...
[2026-08-11 23:31:24] [INFO] [javdb_scraper.py:1230] - ⏳ [115 Push] 推送批次 (101~105/108) -> 路径: /有码/明里つむぎ/中字破解/2026-08-11
[2026-08-11 23:31:24] [INFO] [javdb_scraper.py:1090] - 🚀 [115 Gateway] 提交离线任务到 115 网关 | 保存路径: /有码/明里つむぎ/中字破解/2026-08-11
[2026-08-11 23:31:27] [INFO] [javdb_scraper.py:1094] - ✅ [115 Gateway] 网关返回结果: {"code":0,"message":"处理完成。成功: 5 个任务，失败: 0 个任务","data":{"total":5,"success_count":5,"failed_count":0,"failed_details":[],"wp_path":"/有码/明里つむぎ/中字破解/2026-08-11","wp_path_id":"3493403250797840129"}}
[2026-08-11 23:31:27] [INFO] [javdb_scraper.py:1117] - 📝 [Push History] 记录番号 [IPX-053] 离线任务 (Hash: 6fdf0215684c1b02df95991eb52b6346f96c8fda)
[2026-08-11 23:31:27] [INFO] [javdb_scraper.py:1117] - 📝 [Push History] 记录番号 [IPX-037] 离线任务 (Hash: e73519f80de105e97091fba4970c551e18905949)
[2026-08-11 23:31:27] [INFO] [javdb_scraper.py:1117] - 📝 [Push History] 记录番号 [IPX-021] 离线任务 (Hash: d815de3c2a4f689c5b190ce1260baa2292c38819)
[2026-08-11 23:31:27] [INFO] [javdb_scraper.py:1117] - 📝 [Push History] 记录番号 [IPX-004] 离线任务 (Hash: 683504c23e8e6bf58856be03480350134a9080e1)
[2026-08-11 23:31:27] [INFO] [javdb_scraper.py:1117] - 📝 [Push History] 记录番号 [IPZ-985] 离线任务 (Hash: 4ad05aade9c212f9cfefae8f22a113b170c2d87e)
[2026-08-11 23:31:27] [INFO] [javdb_scraper.py:1242] - 🛡️ [115 防风控保护] 批次间随机休眠 3.6 秒...
[2026-08-11 23:31:31] [INFO] [javdb_scraper.py:1230] - ⏳ [115 Push] 推送批次 (106~108/108) -> 路径: /有码/明里つむぎ/中字破解/2026-08-11
[2026-08-11 23:31:31] [INFO] [javdb_scraper.py:1090] - 🚀 [115 Gateway] 提交离线任务到 115 网关 | 保存路径: /有码/明里つむぎ/中字破解/2026-08-11
[2026-08-11 23:31:32] [INFO] [javdb_scraper.py:1094] - ✅ [115 Gateway] 网关返回结果: {"code":0,"message":"处理完成。成功: 3 个任务，失败: 0 个任务","data":{"total":3,"success_count":3,"failed_count":0,"failed_details":[],"wp_path":"/有码/明里つむぎ/中字破解/2026-08-11","wp_path_id":"3493403250797840129"}}
[2026-08-11 23:31:32] [INFO] [javdb_scraper.py:1117] - 📝 [Push History] 记录番号 [IPZ-949] 离线任务 (Hash: 0a90821477abe00fb4d05b3cb7206cfa2afab26e)
[2026-08-11 23:31:32] [INFO] [javdb_scraper.py:1117] - 📝 [Push History] 记录番号 [IPZ-933] 离线任务 (Hash: 2faa20d5d7ff910a54b2e77009101391e1399cec)
[2026-08-11 23:31:32] [INFO] [javdb_scraper.py:1117] - 📝 [Push History] 记录番号 [IPZ-914] 离线任务 (Hash: 136f54302115249e4aa17d8fa11d33a6158a2905)
[2026-08-11 23:31:32] [INFO] [javdb_scraper.py:1249] - 🎉 [115 Push] 增量推送结束: 成功 178 条，失败/未推送 0 条
[2026-08-11 23:31:32] [INFO] [server.py:588] - [115 离线自动推送 [时间段: 今天抓取 | 自动对齐115真实状态]] 🎉 [115 Cron] 115 自动化离线推送完成: 增量推送完成：成功 178 条，失败/截断 0 条
[2026-08-11 23:31:32] [INFO] [server.py:588] - [115 离线自动推送 [时间段: 今天抓取 | 自动对齐115真实状态]] ⏳ [115 Auto Sync] 离线推送已完成，等待 180 秒 (3分钟) 以确保 115 离线服务器解析并完成云下载...
[2026-08-11 23:31:32] [INFO] [server.py:588] - [115 离线自动推送 [时间段: 今天抓取 | 自动对齐115真实状态]] ⏳ [115 Auto Sync] 倒计时 180s ... (等待 115 离线下载完成)
[2026-08-11 23:31:32] [ERROR] [server.py:737] - ❌ [Cron 定时任务异常] ID: transfer_push_cron_msos1dcj | 报错: name 'time' is not defined
[2026-08-11 23:35:05] [INFO] [javdb_scraper.py:1510] - 📊 [115 Quota] 离线配额 -> 总量: 1500, 已用: 188, 剩余可用: 1312
[2026-08-11 23:36:05] [INFO] [server.py:226] - ⏰ APScheduler 定时任务引擎已启动
[2026-08-11 23:36:05] [INFO] [server.py:239] - 🔄 [Lifespan] 自动成功恢复了 2 个持久化 Cron 定时任务！
[2026-08-11 23:36:05] [INFO] [server.py:242] - 📥 异步任务队列 Consumer 已就绪
[2026-08-11 23:37:26] [INFO] [server.py:227] - ⏰ APScheduler 定时任务引擎已启动
[2026-08-11 23:37:26] [INFO] [server.py:240] - 🔄 [Lifespan] 自动成功恢复了 2 个持久化 Cron 定时任务！
[2026-08-11 23:37:26] [INFO] [server.py:243] - 📥 异步任务队列 Consumer 已就绪
[2026-08-11 23:37:50] [INFO] [javdb_scraper.py:1395] - 🔄 [115 Sync] 正在单次请求拉取 115 网关全量离线任务 (不带 URL Query)...
[2026-08-11 23:37:59] [INFO] [javdb_scraper.py:1422] - 📊 [115 Sync] 成功获取到 115 网关 178 条远端全量离线任务
[2026-08-11 23:37:59] [INFO] [javdb_scraper.py:1452] - 🔄 [115 Sync] 番号 [SNOS-233] 状态对齐: 0 -> 2 (离线成功 🎉)
[2026-08-11 23:37:59] [INFO] [javdb_scraper.py:1452] - 🔄 [115 Sync] 番号 [SNOS-056] 状态对齐: 0 -> 2 (离线成功 🎉)
[2026-08-11 23:37:59] [INFO] [javdb_scraper.py:1452] - 🔄 [115 Sync] 番号 [SNOS-003] 状态对齐: 0 -> 2 (离线成功 🎉)
[2026-08-11 23:37:59] [INFO] [javdb_scraper.py:1452] - 🔄 [115 Sync] 番号 [SONE-817] 状态对齐: 0 -> 2 (离线成功 🎉)
[2026-08-11 23:37:59] [INFO] [javdb_scraper.py:1452] - 🔄 [115 Sync] 番号 [SONE-967] 状态对齐: 0 -> 2 (离线成功 🎉)
[2026-08-11 23:37:59] [INFO] [javdb_scraper.py:1452] - 🔄 [115 Sync] 番号 [SONE-853] 状态对齐: 0 -> 2 (离线成功 🎉)
[2026-08-11 23:37:59] [INFO] [javdb_scraper.py:1452] - 🔄 [115 Sync] 番号 [SONE-563] 状态对齐: 0 -> 2 (离线成功 🎉)
[2026-08-11 23:37:59] [INFO] [javdb_scraper.py:1452] - 🔄 [115 Sync] 番号 [SONE-763] 状态对齐: 0 -> 2 (离线成功 🎉)
[2026-08-11 23:37:59] [INFO] [javdb_scraper.py:1452] - 🔄 [115 Sync] 番号 [SONE-725] 状态对齐: 0 -> 2 (离线成功 🎉)
[2026-08-11 23:37:59] [INFO] [javdb_scraper.py:1452] - 🔄 [115 Sync] 番号 [SONE-687] 状态对齐: 0 -> 2 (离线成功 🎉)
[2026-08-11 23:37:59] [INFO] [javdb_scraper.py:1452] - 🔄 [115 Sync] 番号 [SONE-561] 状态对齐: 0 -> 2 (离线成功 🎉)
[2026-08-11 23:37:59] [INFO] [javdb_scraper.py:1452] - 🔄 [115 Sync] 番号 [SONE-543] 状态对齐: 0 -> 2 (离线成功 🎉)
[2026-08-11 23:37:59] [INFO] [javdb_scraper.py:1452] - 🔄 [115 Sync] 番号 [SONE-642] 状态对齐: 0 -> 2 (离线成功 🎉)
[2026-08-11 23:37:59] [INFO] [javdb_scraper.py:1452] - 🔄 [115 Sync] 番号 [SONE-499] 状态对齐: 0 -> 2 (离线成功 🎉)
[2026-08-11 23:37:59] [INFO] [javdb_scraper.py:1452] - 🔄 [115 Sync] 番号 [SONE-454] 状态对齐: 0 -> 2 (离线成功 🎉)
[2026-08-11 23:37:59] [INFO] [javdb_scraper.py:1452] - 🔄 [115 Sync] 番号 [SONE-405] 状态对齐: 0 -> 2 (离线成功 🎉)
[2026-08-11 23:37:59] [INFO] [javdb_scraper.py:1452] - 🔄 [115 Sync] 番号 [SONE-360] 状态对齐: 0 -> 2 (离线成功 🎉)
[2026-08-11 23:37:59] [INFO] [javdb_scraper.py:1452] - 🔄 [115 Sync] 番号 [SONE-311] 状态对齐: 0 -> 2 (离线成功 🎉)
[2026-08-11 23:37:59] [INFO] [javdb_scraper.py:1452] - 🔄 [115 Sync] 番号 [SONE-266] 状态对齐: 0 -> 2 (离线成功 🎉)
[2026-08-11 23:37:59] [INFO] [javdb_scraper.py:1452] - 🔄 [115 Sync] 番号 [SONE-228] 状态对齐: 0 -> 2 (离线成功 🎉)
[2026-08-11 23:37:59] [INFO] [javdb_scraper.py:1452] - 🔄 [115 Sync] 番号 [SONE-200] 状态对齐: 0 -> 2 (离线成功 🎉)
[2026-08-11 23:37:59] [INFO] [javdb_scraper.py:1452] - 🔄 [115 Sync] 番号 [SONE-153] 状态对齐: 0 -> 2 (离线成功 🎉)
[2026-08-11 23:37:59] [INFO] [javdb_scraper.py:1452] - 🔄 [115 Sync] 番号 [SONE-118] 状态对齐: 0 -> 2 (离线成功 🎉)
[2026-08-11 23:37:59] [INFO] [javdb_scraper.py:1452] - 🔄 [115 Sync] 番号 [SONE-071] 状态对齐: 0 -> 2 (离线成功 🎉)
[2026-08-11 23:37:59] [INFO] [javdb_scraper.py:1452] - 🔄 [115 Sync] 番号 [SONE-027] 状态对齐: 0 -> 2 (离线成功 🎉)
[2026-08-11 23:37:59] [INFO] [javdb_scraper.py:1452] - 🔄 [115 Sync] 番号 [SSIS-984] 状态对齐: 0 -> 2 (离线成功 🎉)
[2026-08-11 23:37:59] [INFO] [javdb_scraper.py:1452] - 🔄 [115 Sync] 番号 [SSIS-951] 状态对齐: 0 -> 2 (离线成功 🎉)
[2026-08-11 23:37:59] [INFO] [javdb_scraper.py:1452] - 🔄 [115 Sync] 番号 [SSIS-913] 状态对齐: 0 -> 2 (离线成功 🎉)
[2026-08-11 23:37:59] [INFO] [javdb_scraper.py:1452] - 🔄 [115 Sync] 番号 [SSIS-875] 状态对齐: 0 -> 2 (离线成功 🎉)
[2026-08-11 23:37:59] [INFO] [javdb_scraper.py:1452] - 🔄 [115 Sync] 番号 [SSIS-801] 状态对齐: 0 -> 2 (离线成功 🎉)
[2026-08-11 23:37:59] [INFO] [javdb_scraper.py:1452] - 🔄 [115 Sync] 番号 [SSIS-839] 状态对齐: 0 -> 2 (离线成功 🎉)
[2026-08-11 23:37:59] [INFO] [javdb_scraper.py:1452] - 🔄 [115 Sync] 番号 [SSIS-762] 状态对齐: 0 -> 2 (离线成功 🎉)
[2026-08-11 23:37:59] [INFO] [javdb_scraper.py:1452] - 🔄 [115 Sync] 番号 [SSIS-721] 状态对齐: 0 -> 2 (离线成功 🎉)
[2026-08-11 23:37:59] [INFO] [javdb_scraper.py:1452] - 🔄 [115 Sync] 番号 [SSIS-685] 状态对齐: 0 -> 2 (离线成功 🎉)
[2026-08-11 23:37:59] [INFO] [javdb_scraper.py:1452] - 🔄 [115 Sync] 番号 [SSIS-607] 状态对齐: 0 -> 2 (离线成功 🎉)
[2026-08-11 23:37:59] [INFO] [javdb_scraper.py:1452] - 🔄 [115 Sync] 番号 [SSIS-595] 状态对齐: 0 -> 2 (离线成功 🎉)
[2026-08-11 23:37:59] [INFO] [javdb_scraper.py:1452] - 🔄 [115 Sync] 番号 [SSIS-586] 状态对齐: 0 -> 2 (离线成功 🎉)
[2026-08-11 23:37:59] [INFO] [javdb_scraper.py:1452] - 🔄 [115 Sync] 番号 [SSIS-560] 状态对齐: 0 -> 2 (离线成功 🎉)
[2026-08-11 23:37:59] [INFO] [javdb_scraper.py:1452] - 🔄 [115 Sync] 番号 [SSIS-531] 状态对齐: 0 -> 2 (离线成功 🎉)
[2026-08-11 23:37:59] [INFO] [javdb_scraper.py:1452] - 🔄 [115 Sync] 番号 [SSIS-499] 状态对齐: 0 -> 2 (离线成功 🎉)
[2026-08-11 23:37:59] [INFO] [javdb_scraper.py:1452] - 🔄 [115 Sync] 番号 [SSIS-468] 状态对齐: 0 -> 2 (离线成功 🎉)
[2026-08-11 23:37:59] [INFO] [javdb_scraper.py:1452] - 🔄 [115 Sync] 番号 [SSIS-440] 状态对齐: 0 -> 2 (离线成功 🎉)
[2026-08-11 23:37:59] [INFO] [javdb_scraper.py:1452] - 🔄 [115 Sync] 番号 [SSIS-413] 状态对齐: 0 -> 2 (离线成功 🎉)
[2026-08-11 23:37:59] [INFO] [javdb_scraper.py:1452] - 🔄 [115 Sync] 番号 [SSIS-387] 状态对齐: 0 -> 2 (离线成功 🎉)
[2026-08-11 23:37:59] [INFO] [javdb_scraper.py:1452] - 🔄 [115 Sync] 番号 [SSIS-361] 状态对齐: 0 -> 2 (离线成功 🎉)
[2026-08-11 23:37:59] [INFO] [javdb_scraper.py:1452] - 🔄 [115 Sync] 番号 [SSIS-334] 状态对齐: 0 -> 2 (离线成功 🎉)
[2026-08-11 23:37:59] [INFO] [javdb_scraper.py:1452] - 🔄 [115 Sync] 番号 [SSIS-308] 状态对齐: 0 -> 2 (离线成功 🎉)
[2026-08-11 23:37:59] [INFO] [javdb_scraper.py:1452] - 🔄 [115 Sync] 番号 [SSIS-280] 状态对齐: 0 -> 2 (离线成功 🎉)
[2026-08-11 23:37:59] [INFO] [javdb_scraper.py:1452] - 🔄 [115 Sync] 番号 [SSIS-252] 状态对齐: 0 -> 2 (离线成功 🎉)
[2026-08-11 23:37:59] [INFO] [javdb_scraper.py:1452] - 🔄 [115 Sync] 番号 [SSIS-222] 状态对齐: 0 -> 2 (离线成功 🎉)
[2026-08-11 23:37:59] [INFO] [javdb_scraper.py:1452] - 🔄 [115 Sync] 番号 [SSIS-194] 状态对齐: 0 -> 2 (离线成功 🎉)
[2026-08-11 23:37:59] [INFO] [javdb_scraper.py:1452] - 🔄 [115 Sync] 番号 [SSIS-158] 状态对齐: 0 -> 2 (离线成功 🎉)
[2026-08-11 23:37:59] [INFO] [javdb_scraper.py:1452] - 🔄 [115 Sync] 番号 [SSIS-129] 状态对齐: 0 -> 2 (离线成功 🎉)
[2026-08-11 23:37:59] [INFO] [javdb_scraper.py:1452] - 🔄 [115 Sync] 番号 [SSNI-309] 状态对齐: 0 -> 2 (离线成功 🎉)
[2026-08-11 23:37:59] [INFO] [javdb_scraper.py:1452] - 🔄 [115 Sync] 番号 [SNOS-334] 状态对齐: 0 -> 2 (离线成功 🎉)
[2026-08-11 23:37:59] [INFO] [javdb_scraper.py:1452] - 🔄 [115 Sync] 番号 [SNOS-209] 状态对齐: 0 -> 2 (离线成功 🎉)
[2026-08-11 23:37:59] [INFO] [javdb_scraper.py:1452] - 🔄 [115 Sync] 番号 [SNOS-093] 状态对齐: 0 -> 2 (离线成功 🎉)
[2026-08-11 23:37:59] [INFO] [javdb_scraper.py:1452] - 🔄 [115 Sync] 番号 [SNOS-064] 状态对齐: 0 -> 2 (离线成功 🎉)
[2026-08-11 23:37:59] [INFO] [javdb_scraper.py:1452] - 🔄 [115 Sync] 番号 [SNOS-038] 状态对齐: 0 -> 2 (离线成功 🎉)
[2026-08-11 23:37:59] [INFO] [javdb_scraper.py:1452] - 🔄 [115 Sync] 番号 [SONE-991] 状态对齐: 0 -> 2 (离线成功 🎉)
[2026-08-11 23:37:59] [INFO] [javdb_scraper.py:1452] - 🔄 [115 Sync] 番号 [SONE-974] 状态对齐: 0 -> 2 (离线成功 🎉)
[2026-08-11 23:37:59] [INFO] [javdb_scraper.py:1452] - 🔄 [115 Sync] 番号 [SONE-912] 状态对齐: 0 -> 2 (离线成功 🎉)
[2026-08-11 23:37:59] [INFO] [javdb_scraper.py:1452] - 🔄 [115 Sync] 番号 [SONE-846] 状态对齐: 0 -> 2 (离线成功 🎉)
[2026-08-11 23:37:59] [INFO] [javdb_scraper.py:1452] - 🔄 [115 Sync] 番号 [SONE-811] 状态对齐: 0 -> 2 (离线成功 🎉)
[2026-08-11 23:37:59] [INFO] [javdb_scraper.py:1452] - 🔄 [115 Sync] 番号 [SONE-758] 状态对齐: 0 -> 2 (离线成功 🎉)
[2026-08-11 23:37:59] [INFO] [javdb_scraper.py:1452] - 🔄 [115 Sync] 番号 [SONE-720] 状态对齐: 0 -> 2 (离线成功 🎉)
[2026-08-11 23:37:59] [INFO] [javdb_scraper.py:1452] - 🔄 [115 Sync] 番号 [SONE-682] 状态对齐: 0 -> 2 (离线成功 🎉)
[2026-08-11 23:37:59] [INFO] [javdb_scraper.py:1452] - 🔄 [115 Sync] 番号 [SONE-638] 状态对齐: 0 -> 2 (离线成功 🎉)
[2026-08-11 23:37:59] [INFO] [javdb_scraper.py:1452] - 🔄 [115 Sync] 番号 [SONE-615] 状态对齐: 0 -> 2 (离线成功 🎉)
[2026-08-11 23:37:59] [INFO] [javdb_scraper.py:1452] - 🔄 [115 Sync] 番号 [SONE-614] 状态对齐: 0 -> 2 (离线成功 🎉)
[2026-08-11 23:37:59] [INFO] [javdb_scraper.py:1452] - 🔄 [115 Sync] 番号 [FNS-220] 状态对齐: 0 -> 2 (离线成功 🎉)
[2026-08-11 23:37:59] [INFO] [javdb_scraper.py:1452] - 🔄 [115 Sync] 番号 [FNS-193] 状态对齐: 0 -> 2 (离线成功 🎉)
[2026-08-11 23:37:59] [INFO] [javdb_scraper.py:1452] - 🔄 [115 Sync] 番号 [FNS-166] 状态对齐: 0 -> 2 (离线成功 🎉)
[2026-08-11 23:37:59] [INFO] [javdb_scraper.py:1452] - 🔄 [115 Sync] 番号 [FNS-154] 状态对齐: 0 -> 2 (离线成功 🎉)
[2026-08-11 23:37:59] [INFO] [javdb_scraper.py:1452] - 🔄 [115 Sync] 番号 [FNS-122] 状态对齐: 0 -> 2 (离线成功 🎉)
[2026-08-11 23:37:59] [INFO] [javdb_scraper.py:1452] - 🔄 [115 Sync] 番号 [FNS-121] 状态对齐: 0 -> 2 (离线成功 🎉)
[2026-08-11 23:37:59] [INFO] [javdb_scraper.py:1452] - 🔄 [115 Sync] 番号 [IPZZ-674] 状态对齐: 0 -> 2 (离线成功 🎉)
[2026-08-11 23:37:59] [INFO] [javdb_scraper.py:1452] - 🔄 [115 Sync] 番号 [IPZZ-652] 状态对齐: 0 -> 2 (离线成功 🎉)
[2026-08-11 23:37:59] [INFO] [javdb_scraper.py:1452] - 🔄 [115 Sync] 番号 [PRED-795] 状态对齐: 0 -> 2 (离线成功 🎉)
[2026-08-11 23:37:59] [INFO] [javdb_scraper.py:1452] - 🔄 [115 Sync] 番号 [IPZZ-629] 状态对齐: 0 -> 2 (离线成功 🎉)
[2026-08-11 23:37:59] [INFO] [javdb_scraper.py:1452] - 🔄 [115 Sync] 番号 [PRED-785] 状态对齐: 0 -> 2 (离线成功 🎉)
[2026-08-11 23:37:59] [INFO] [javdb_scraper.py:1452] - 🔄 [115 Sync] 番号 [IPZZ-599] 状态对齐: 0 -> 2 (离线成功 🎉)
[2026-08-11 23:37:59] [INFO] [javdb_scraper.py:1452] - 🔄 [115 Sync] 番号 [PRED-779] 状态对齐: 0 -> 2 (离线成功 🎉)
[2026-08-11 23:37:59] [INFO] [javdb_scraper.py:1452] - 🔄 [115 Sync] 番号 [IPZZ-576] 状态对齐: 0 -> 2 (离线成功 🎉)
[2026-08-11 23:37:59] [INFO] [javdb_scraper.py:1452] - 🔄 [115 Sync] 番号 [PRED-771] 状态对齐: 0 -> 2 (离线成功 🎉)
[2026-08-11 23:37:59] [INFO] [javdb_scraper.py:1452] - 🔄 [115 Sync] 番号 [IPZZ-547] 状态对齐: 0 -> 2 (离线成功 🎉)
[2026-08-11 23:37:59] [INFO] [javdb_scraper.py:1452] - 🔄 [115 Sync] 番号 [IPZZ-525] 状态对齐: 0 -> 2 (离线成功 🎉)
[2026-08-11 23:37:59] [INFO] [javdb_scraper.py:1452] - 🔄 [115 Sync] 番号 [IPZZ-503] 状态对齐: 0 -> 2 (离线成功 🎉)
[2026-08-11 23:37:59] [INFO] [javdb_scraper.py:1452] - 🔄 [115 Sync] 番号 [JUR-237] 状态对齐: 0 -> 2 (离线成功 🎉)
[2026-08-11 23:37:59] [INFO] [javdb_scraper.py:1452] - 🔄 [115 Sync] 番号 [IPZZ-479] 状态对齐: 0 -> 2 (离线成功 🎉)
[2026-08-11 23:37:59] [INFO] [javdb_scraper.py:1452] - 🔄 [115 Sync] 番号 [JUR-020] 状态对齐: 0 -> 2 (离线成功 🎉)
[2026-08-11 23:37:59] [INFO] [javdb_scraper.py:1452] - 🔄 [115 Sync] 番号 [IPZZ-451] 状态对齐: 0 -> 2 (离线成功 🎉)
[2026-08-11 23:37:59] [INFO] [javdb_scraper.py:1452] - 🔄 [115 Sync] 番号 [JUR-139] 状态对齐: 0 -> 2 (离线成功 🎉)
[2026-08-11 23:37:59] [INFO] [javdb_scraper.py:1452] - 🔄 [115 Sync] 番号 [IPZZ-428] 状态对齐: 0 -> 2 (离线成功 🎉)
[2026-08-11 23:37:59] [INFO] [javdb_scraper.py:1452] - 🔄 [115 Sync] 番号 [JUR-153] 状态对齐: 0 -> 2 (离线成功 🎉)
[2026-08-11 23:37:59] [INFO] [javdb_scraper.py:1452] - 🔄 [115 Sync] 番号 [IPZZ-408] 状态对齐: 0 -> 2 (离线成功 🎉)
[2026-08-11 23:37:59] [INFO] [javdb_scraper.py:1452] - 🔄 [115 Sync] 番号 [JUQ-819] 状态对齐: 0 -> 2 (离线成功 🎉)
[2026-08-11 23:37:59] [INFO] [javdb_scraper.py:1452] - 🔄 [115 Sync] 番号 [IPZZ-367] 状态对齐: 0 -> 2 (离线成功 🎉)
[2026-08-11 23:37:59] [INFO] [javdb_scraper.py:1452] - 🔄 [115 Sync] 番号 [JUQ-907] 状态对齐: 0 -> 2 (离线成功 🎉)
[2026-08-11 23:37:59] [INFO] [javdb_scraper.py:1452] - 🔄 [115 Sync] 番号 [IPZZ-389] 状态对齐: 0 -> 2 (离线成功 🎉)
[2026-08-11 23:37:59] [INFO] [javdb_scraper.py:1452] - 🔄 [115 Sync] 番号 [JUQ-880] 状态对齐: 0 -> 2 (离线成功 🎉)
[2026-08-11 23:37:59] [INFO] [javdb_scraper.py:1452] - 🔄 [115 Sync] 番号 [IPZZ-343] 状态对齐: 0 -> 2 (离线成功 🎉)
[2026-08-11 23:37:59] [INFO] [javdb_scraper.py:1452] - 🔄 [115 Sync] 番号 [IPZZ-320] 状态对齐: 0 -> 2 (离线成功 🎉)
[2026-08-11 23:37:59] [INFO] [javdb_scraper.py:1452] - 🔄 [115 Sync] 番号 [JUQ-775] 状态对齐: 0 -> 2 (离线成功 🎉)
[2026-08-11 23:37:59] [INFO] [javdb_scraper.py:1452] - 🔄 [115 Sync] 番号 [IPZZ-296] 状态对齐: 0 -> 2 (离线成功 🎉)
[2026-08-11 23:37:59] [INFO] [javdb_scraper.py:1452] - 🔄 [115 Sync] 番号 [JUQ-757] 状态对齐: 0 -> 2 (离线成功 🎉)
[2026-08-11 23:37:59] [INFO] [javdb_scraper.py:1452] - 🔄 [115 Sync] 番号 [IPZZ-250] 状态对齐: 0 -> 2 (离线成功 🎉)
[2026-08-11 23:37:59] [INFO] [javdb_scraper.py:1452] - 🔄 [115 Sync] 番号 [JUQ-688] 状态对齐: 0 -> 2 (离线成功 🎉)
[2026-08-11 23:37:59] [INFO] [javdb_scraper.py:1452] - 🔄 [115 Sync] 番号 [IPZZ-228] 状态对齐: 0 -> 2 (离线成功 🎉)
[2026-08-11 23:37:59] [INFO] [javdb_scraper.py:1452] - 🔄 [115 Sync] 番号 [JUQ-641] 状态对齐: 0 -> 2 (离线成功 🎉)
[2026-08-11 23:37:59] [INFO] [javdb_scraper.py:1452] - 🔄 [115 Sync] 番号 [IPZZ-199] 状态对齐: 0 -> 2 (离线成功 🎉)
[2026-08-11 23:37:59] [INFO] [javdb_scraper.py:1452] - 🔄 [115 Sync] 番号 [JUQ-564] 状态对齐: 0 -> 2 (离线成功 🎉)
[2026-08-11 23:37:59] [INFO] [javdb_scraper.py:1452] - 🔄 [115 Sync] 番号 [JUQ-541] 状态对齐: 0 -> 2 (离线成功 🎉)
[2026-08-11 23:37:59] [INFO] [javdb_scraper.py:1452] - 🔄 [115 Sync] 番号 [IPZZ-154] 状态对齐: 0 -> 2 (离线成功 🎉)
[2026-08-11 23:37:59] [INFO] [javdb_scraper.py:1452] - 🔄 [115 Sync] 番号 [JUQ-471] 状态对齐: 0 -> 2 (离线成功 🎉)
[2026-08-11 23:37:59] [INFO] [javdb_scraper.py:1452] - 🔄 [115 Sync] 番号 [IPZZ-135] 状态对齐: 0 -> 2 (离线成功 🎉)
[2026-08-11 23:37:59] [INFO] [javdb_scraper.py:1452] - 🔄 [115 Sync] 番号 [JUQ-434] 状态对齐: 0 -> 2 (离线成功 🎉)
[2026-08-11 23:37:59] [INFO] [javdb_scraper.py:1452] - 🔄 [115 Sync] 番号 [IPZZ-120] 状态对齐: 0 -> 2 (离线成功 🎉)
[2026-08-11 23:37:59] [INFO] [javdb_scraper.py:1452] - 🔄 [115 Sync] 番号 [JUQ-405] 状态对齐: 0 -> 2 (离线成功 🎉)
[2026-08-11 23:37:59] [INFO] [javdb_scraper.py:1452] - 🔄 [115 Sync] 番号 [IPZZ-105] 状态对齐: 0 -> 2 (离线成功 🎉)
[2026-08-11 23:37:59] [INFO] [javdb_scraper.py:1452] - 🔄 [115 Sync] 番号 [JUQ-370] 状态对齐: 0 -> 2 (离线成功 🎉)
[2026-08-11 23:37:59] [INFO] [javdb_scraper.py:1452] - 🔄 [115 Sync] 番号 [IPBZ-005] 状态对齐: 0 -> 2 (离线成功 🎉)
[2026-08-11 23:37:59] [INFO] [javdb_scraper.py:1452] - 🔄 [115 Sync] 番号 [IPZZ-090] 状态对齐: 0 -> 2 (离线成功 🎉)
[2026-08-11 23:37:59] [INFO] [javdb_scraper.py:1452] - 🔄 [115 Sync] 番号 [JUQ-358] 状态对齐: 0 -> 2 (离线成功 🎉)
[2026-08-11 23:37:59] [INFO] [javdb_scraper.py:1452] - 🔄 [115 Sync] 番号 [IPZZ-065] 状态对齐: 0 -> 2 (离线成功 🎉)
[2026-08-11 23:37:59] [INFO] [javdb_scraper.py:1452] - 🔄 [115 Sync] 番号 [IPZZ-052] 状态对齐: 0 -> 2 (离线成功 🎉)
[2026-08-11 23:37:59] [INFO] [javdb_scraper.py:1452] - 🔄 [115 Sync] 番号 [MEYD-812] 状态对齐: 0 -> 2 (离线成功 🎉)
[2026-08-11 23:37:59] [INFO] [javdb_scraper.py:1452] - 🔄 [115 Sync] 番号 [IPZZ-037] 状态对齐: 0 -> 2 (离线成功 🎉)
[2026-08-11 23:37:59] [INFO] [javdb_scraper.py:1452] - 🔄 [115 Sync] 番号 [MEYD-806] 状态对齐: 0 -> 2 (离线成功 🎉)
[2026-08-11 23:37:59] [INFO] [javdb_scraper.py:1452] - 🔄 [115 Sync] 番号 [IPZZ-023] 状态对齐: 0 -> 2 (离线成功 🎉)
[2026-08-11 23:37:59] [INFO] [javdb_scraper.py:1452] - 🔄 [115 Sync] 番号 [ACHJ-008] 状态对齐: 0 -> 2 (离线成功 🎉)
[2026-08-11 23:37:59] [INFO] [javdb_scraper.py:1452] - 🔄 [115 Sync] 番号 [MEYD-801] 状态对齐: 0 -> 2 (离线成功 🎉)
[2026-08-11 23:37:59] [INFO] [javdb_scraper.py:1452] - 🔄 [115 Sync] 番号 [IPZZ-009] 状态对齐: 0 -> 2 (离线成功 🎉)
[2026-08-11 23:37:59] [INFO] [javdb_scraper.py:1452] - 🔄 [115 Sync] 番号 [IPX-983] 状态对齐: 0 -> 2 (离线成功 🎉)
[2026-08-11 23:37:59] [INFO] [javdb_scraper.py:1452] - 🔄 [115 Sync] 番号 [IPX-971] 状态对齐: 0 -> 2 (离线成功 🎉)
[2026-08-11 23:37:59] [INFO] [javdb_scraper.py:1452] - 🔄 [115 Sync] 番号 [JUQ-163] 状态对齐: 0 -> 2 (离线成功 🎉)
[2026-08-11 23:37:59] [INFO] [javdb_scraper.py:1452] - 🔄 [115 Sync] 番号 [JUQ-138] 状态对齐: 0 -> 2 (离线成功 🎉)
[2026-08-11 23:37:59] [INFO] [javdb_scraper.py:1452] - 🔄 [115 Sync] 番号 [IPX-954] 状态对齐: 0 -> 2 (离线成功 🎉)
[2026-08-11 23:37:59] [INFO] [javdb_scraper.py:1452] - 🔄 [115 Sync] 番号 [IPX-937] 状态对齐: 0 -> 2 (离线成功 🎉)
[2026-08-11 23:37:59] [INFO] [javdb_scraper.py:1452] - 🔄 [115 Sync] 番号 [IPX-920] 状态对齐: 0 -> 2 (离线成功 🎉)
[2026-08-11 23:37:59] [INFO] [javdb_scraper.py:1452] - 🔄 [115 Sync] 番号 [IPX-871] 状态对齐: 0 -> 2 (离线成功 🎉)
[2026-08-11 23:37:59] [INFO] [javdb_scraper.py:1452] - 🔄 [115 Sync] 番号 [IPX-837] 状态对齐: 0 -> 2 (离线成功 🎉)
[2026-08-11 23:37:59] [INFO] [javdb_scraper.py:1452] - 🔄 [115 Sync] 番号 [IPX-817] 状态对齐: 0 -> 2 (离线成功 🎉)
[2026-08-11 23:37:59] [INFO] [javdb_scraper.py:1452] - 🔄 [115 Sync] 番号 [IPX-799] 状态对齐: 0 -> 2 (离线成功 🎉)
[2026-08-11 23:37:59] [INFO] [javdb_scraper.py:1452] - 🔄 [115 Sync] 番号 [IPX-782] 状态对齐: 0 -> 2 (离线成功 🎉)
[2026-08-11 23:37:59] [INFO] [javdb_scraper.py:1452] - 🔄 [115 Sync] 番号 [IPX-748] 状态对齐: 0 -> 2 (离线成功 🎉)
[2026-08-11 23:37:59] [INFO] [javdb_scraper.py:1452] - 🔄 [115 Sync] 番号 [IPX-730] 状态对齐: 0 -> 2 (离线成功 🎉)
[2026-08-11 23:37:59] [INFO] [javdb_scraper.py:1452] - 🔄 [115 Sync] 番号 [IPX-695] 状态对齐: 0 -> 2 (离线成功 🎉)
[2026-08-11 23:37:59] [INFO] [javdb_scraper.py:1452] - 🔄 [115 Sync] 番号 [IPX-662] 状态对齐: 0 -> 2 (离线成功 🎉)
[2026-08-11 23:37:59] [INFO] [javdb_scraper.py:1452] - 🔄 [115 Sync] 番号 [MEYD-664] 状态对齐: 0 -> 2 (离线成功 🎉)
[2026-08-11 23:37:59] [INFO] [javdb_scraper.py:1452] - 🔄 [115 Sync] 番号 [IPX-647] 状态对齐: 0 -> 2 (离线成功 🎉)
[2026-08-11 23:37:59] [INFO] [javdb_scraper.py:1452] - 🔄 [115 Sync] 番号 [IPX-618] 状态对齐: 0 -> 2 (离线成功 🎉)
[2026-08-11 23:37:59] [INFO] [javdb_scraper.py:1452] - 🔄 [115 Sync] 番号 [IPX-586] 状态对齐: 0 -> 2 (离线成功 🎉)
[2026-08-11 23:37:59] [INFO] [javdb_scraper.py:1452] - 🔄 [115 Sync] 番号 [IPX-569] 状态对齐: 0 -> 2 (离线成功 🎉)
[2026-08-11 23:37:59] [INFO] [javdb_scraper.py:1452] - 🔄 [115 Sync] 番号 [IPX-540] 状态对齐: 0 -> 2 (离线成功 🎉)
[2026-08-11 23:37:59] [INFO] [javdb_scraper.py:1452] - 🔄 [115 Sync] 番号 [IPX-518] 状态对齐: 0 -> 2 (离线成功 🎉)
[2026-08-11 23:37:59] [INFO] [javdb_scraper.py:1452] - 🔄 [115 Sync] 番号 [IPX-507] 状态对齐: 0 -> 2 (离线成功 🎉)
[2026-08-11 23:37:59] [INFO] [javdb_scraper.py:1452] - 🔄 [115 Sync] 番号 [IPX-489] 状态对齐: 0 -> 2 (离线成功 🎉)
[2026-08-11 23:37:59] [INFO] [javdb_scraper.py:1452] - 🔄 [115 Sync] 番号 [IPX-473] 状态对齐: 0 -> 2 (离线成功 🎉)
[2026-08-11 23:37:59] [INFO] [javdb_scraper.py:1452] - 🔄 [115 Sync] 番号 [IPX-457] 状态对齐: 0 -> 2 (离线成功 🎉)
[2026-08-11 23:37:59] [INFO] [javdb_scraper.py:1452] - 🔄 [115 Sync] 番号 [ATID-399] 状态对齐: 0 -> 2 (离线成功 🎉)
[2026-08-11 23:37:59] [INFO] [javdb_scraper.py:1452] - 🔄 [115 Sync] 番号 [IPX-430] 状态对齐: 0 -> 2 (离线成功 🎉)
[2026-08-11 23:37:59] [INFO] [javdb_scraper.py:1452] - 🔄 [115 Sync] 番号 [IPX-419] 状态对齐: 0 -> 2 (离线成功 🎉)
[2026-08-11 23:37:59] [INFO] [javdb_scraper.py:1452] - 🔄 [115 Sync] 番号 [IPX-404] 状态对齐: 0 -> 2 (离线成功 🎉)
[2026-08-11 23:37:59] [INFO] [javdb_scraper.py:1452] - 🔄 [115 Sync] 番号 [IPX-389] 状态对齐: 0 -> 2 (离线成功 🎉)
[2026-08-11 23:37:59] [INFO] [javdb_scraper.py:1452] - 🔄 [115 Sync] 番号 [IPX-374] 状态对齐: 0 -> 2 (离线成功 🎉)
[2026-08-11 23:37:59] [INFO] [javdb_scraper.py:1452] - 🔄 [115 Sync] 番号 [IPX-360] 状态对齐: 0 -> 2 (离线成功 🎉)
[2026-08-11 23:37:59] [INFO] [javdb_scraper.py:1452] - 🔄 [115 Sync] 番号 [IPX-128] 状态对齐: 0 -> 2 (离线成功 🎉)
[2026-08-11 23:37:59] [INFO] [javdb_scraper.py:1452] - 🔄 [115 Sync] 番号 [IPX-087] 状态对齐: 0 -> 2 (离线成功 🎉)
[2026-08-11 23:37:59] [INFO] [javdb_scraper.py:1452] - 🔄 [115 Sync] 番号 [IPX-071] 状态对齐: 0 -> 2 (离线成功 🎉)
[2026-08-11 23:37:59] [INFO] [javdb_scraper.py:1452] - 🔄 [115 Sync] 番号 [IPX-053] 状态对齐: 0 -> 2 (离线成功 🎉)
[2026-08-11 23:37:59] [INFO] [javdb_scraper.py:1452] - 🔄 [115 Sync] 番号 [IPX-037] 状态对齐: 0 -> 2 (离线成功 🎉)
[2026-08-11 23:37:59] [INFO] [javdb_scraper.py:1452] - 🔄 [115 Sync] 番号 [IPX-021] 状态对齐: 0 -> 2 (离线成功 🎉)
[2026-08-11 23:37:59] [INFO] [javdb_scraper.py:1452] - 🔄 [115 Sync] 番号 [IPX-004] 状态对齐: 0 -> 2 (离线成功 🎉)
[2026-08-11 23:37:59] [INFO] [javdb_scraper.py:1452] - 🔄 [115 Sync] 番号 [IPZ-985] 状态对齐: 0 -> 2 (离线成功 🎉)
[2026-08-11 23:37:59] [INFO] [javdb_scraper.py:1452] - 🔄 [115 Sync] 番号 [IPZ-949] 状态对齐: 0 -> 2 (离线成功 🎉)
[2026-08-11 23:37:59] [INFO] [javdb_scraper.py:1452] - 🔄 [115 Sync] 番号 [IPZ-933] 状态对齐: 0 -> 2 (离线成功 🎉)
[2026-08-11 23:37:59] [INFO] [javdb_scraper.py:1452] - 🔄 [115 Sync] 番号 [IPZ-914] 状态对齐: 0 -> 2 (离线成功 🎉)
[2026-08-11 23:37:59] [INFO] [javdb_scraper.py:1457] - ✅ [115 Sync] 任务状态比对对齐完成，更新了 178 条离线记录
[2026-08-11 23:38:17] [INFO] [server.py:195] - 💾 已成功将 2 个定时任务持久化保存至 D:\JAVDB_AutoSpider_V1.2\backend\scheduled_jobs.json
[2026-08-11 23:38:18] [INFO] [server.py:571] - ⏰ [Cron 定时任务触发] ID: transfer_push_cron_msos1dcj | 115 离线自动推送 [时间段: 今天抓取 | 自动对齐115真实状态]
[2026-08-11 23:38:18] [INFO] [server.py:797] - 🚀 [Cron Trigger] 手动触发运行定时任务 ID: transfer_push_cron_msos1dcj (115 离线自动推送 [时间段: 今天抓取 | 自动对齐115真实状态])
[2026-08-11 23:38:18] [INFO] [server.py:589] - [115 离线自动推送 [时间段: 今天抓取 | 自动对齐115真实状态]] 🚀 [115 Cron] 启动 115 自动化离线推送: 时间段 [2026-08-11 00:00:00 ~ 2026-08-11 23:59:59], 磁力类型 [magnet_4k]
[2026-08-11 23:38:19] [INFO] [javdb_scraper.py:1510] - 📊 [115 Quota] 离线配额 -> 总量: 1500, 已用: 188, 剩余可用: 1312
[2026-08-11 23:38:19] [INFO] [javdb_scraper.py:1197] - 📦 [115 Push] 实际准备推送 50 条记录 (匹配总数: 50, 剩余配额: 1312)，开始分批提交...
[2026-08-11 23:38:19] [INFO] [javdb_scraper.py:1230] - ⏳ [115 Push] 推送批次 (1~4/4) -> 路径: /有码/彩月七緒/4K超清/2026-08-11
[2026-08-11 23:38:19] [INFO] [javdb_scraper.py:1090] - 🚀 [115 Gateway] 提交离线任务到 115 网关 | 保存路径: /有码/彩月七緒/4K超清/2026-08-11
[2026-08-11 23:38:26] [INFO] [javdb_scraper.py:1094] - ✅ [115 Gateway] 网关返回结果: {"code":0,"message":"处理完成。成功: 4 个任务，失败: 0 个任务","data":{"total":4,"success_count":4,"failed_count":0,"failed_details":[],"wp_path":"/有码/彩月七緒/4K超清/2026-08-11","wp_path_id":"3493408117213890517"}}
[2026-08-11 23:38:27] [INFO] [javdb_scraper.py:1117] - 📝 [Push History] 记录番号 [NAAC-036] 离线任务 (Hash: 5f34038ef3918595109108e8b93b1da59f46032c)
[2026-08-11 23:38:27] [INFO] [javdb_scraper.py:1117] - 📝 [Push History] 记录番号 [SDHS-062] 离线任务 (Hash: 67d91f2f0ceb7025e76e5b635406f86f866790f1)
[2026-08-11 23:38:27] [INFO] [javdb_scraper.py:1117] - 📝 [Push History] 记录番号 [START-327] 离线任务 (Hash: df47e20b3efe2fd9fe1375769faa613034971400)
[2026-08-11 23:38:27] [INFO] [javdb_scraper.py:1117] - 📝 [Push History] 记录番号 [START-298] 离线任务 (Hash: 2df83ba40e3f14e0da5bbf2921a5900eea23b70d)
[2026-08-11 23:38:27] [INFO] [javdb_scraper.py:1230] - ⏳ [115 Push] 推送批次 (1~5/33) -> 路径: /有码/河北彩花/4K超清/2026-08-11
[2026-08-11 23:38:27] [INFO] [javdb_scraper.py:1090] - 🚀 [115 Gateway] 提交离线任务到 115 网关 | 保存路径: /有码/河北彩花/4K超清/2026-08-11
[2026-08-11 23:38:35] [INFO] [javdb_scraper.py:1094] - ✅ [115 Gateway] 网关返回结果: {"code":0,"message":"处理完成。成功: 5 个任务，失败: 0 个任务","data":{"total":5,"success_count":5,"failed_count":0,"failed_details":[],"wp_path":"/有码/河北彩花/4K超清/2026-08-11","wp_path_id":"3493408183634888366"}}
[2026-08-11 23:38:35] [INFO] [javdb_scraper.py:1117] - 📝 [Push History] 记录番号 [SNOS-056] 离线任务 (Hash: ee7aa0a89f620a7a969a7d2140743c066de9c52e)
[2026-08-11 23:38:35] [INFO] [javdb_scraper.py:1117] - 📝 [Push History] 记录番号 [SNOS-003] 离线任务 (Hash: a4dc331894edcb3a9d8a962ec970b4166465326e)
[2026-08-11 23:38:35] [INFO] [javdb_scraper.py:1117] - 📝 [Push History] 记录番号 [SONE-853] 离线任务 (Hash: bf49f65e2053419c0fc575e78b1e2eb63ce3b28c)
[2026-08-11 23:38:35] [INFO] [javdb_scraper.py:1117] - 📝 [Push History] 记录番号 [SONE-563] 离线任务 (Hash: e4d05b4def859084527e78556082272f03ce592d)
[2026-08-11 23:38:35] [INFO] [javdb_scraper.py:1117] - 📝 [Push History] 记录番号 [SONE-763] 离线任务 (Hash: 8844dcb94c1e61ee4ceb35f804f4ee2c44f342ac)
[2026-08-11 23:38:35] [INFO] [javdb_scraper.py:1242] - 🛡️ [115 防风控保护] 批次间随机休眠 4.4 秒...
[2026-08-11 23:38:39] [INFO] [javdb_scraper.py:1230] - ⏳ [115 Push] 推送批次 (6~10/33) -> 路径: /有码/河北彩花/4K超清/2026-08-11
[2026-08-11 23:38:39] [INFO] [javdb_scraper.py:1090] - 🚀 [115 Gateway] 提交离线任务到 115 网关 | 保存路径: /有码/河北彩花/4K超清/2026-08-11
[2026-08-11 23:38:42] [INFO] [javdb_scraper.py:1094] - ✅ [115 Gateway] 网关返回结果: {"code":0,"message":"处理完成。成功: 5 个任务，失败: 0 个任务","data":{"total":5,"success_count":5,"failed_count":0,"failed_details":[],"wp_path":"/有码/河北彩花/4K超清/2026-08-11","wp_path_id":"3493408183634888366"}}
[2026-08-11 23:38:42] [INFO] [javdb_scraper.py:1117] - 📝 [Push History] 记录番号 [SONE-687] 离线任务 (Hash: 03ca5db1f49f79c52952c6a4eff8a5d54b965ab5)
[2026-08-11 23:38:42] [INFO] [javdb_scraper.py:1117] - 📝 [Push History] 记录番号 [SONE-561] 离线任务 (Hash: 0efd474449fd7e1a96e68a16c29ae007140a6872)
[2026-08-11 23:38:42] [INFO] [javdb_scraper.py:1117] - 📝 [Push History] 记录番号 [SONE-499] 离线任务 (Hash: d9130cc08bb1cceba80165360fbd7c05ea97084b)
[2026-08-11 23:38:42] [INFO] [javdb_scraper.py:1117] - 📝 [Push History] 记录番号 [SONE-405] 离线任务 (Hash: 1c745782c4d64ee19c7dc563e2159c125104747a)
[2026-08-11 23:38:42] [INFO] [javdb_scraper.py:1117] - 📝 [Push History] 记录番号 [SONE-360] 离线任务 (Hash: b475dc259075f2f0ec4718c3c6100f8ce9ecac28)
[2026-08-11 23:38:42] [INFO] [javdb_scraper.py:1242] - 🛡️ [115 防风控保护] 批次间随机休眠 5.6 秒...
[2026-08-11 23:38:48] [INFO] [javdb_scraper.py:1230] - ⏳ [115 Push] 推送批次 (11~15/33) -> 路径: /有码/河北彩花/4K超清/2026-08-11
[2026-08-11 23:38:48] [INFO] [javdb_scraper.py:1090] - 🚀 [115 Gateway] 提交离线任务到 115 网关 | 保存路径: /有码/河北彩花/4K超清/2026-08-11
[2026-08-11 23:38:50] [INFO] [javdb_scraper.py:1094] - ✅ [115 Gateway] 网关返回结果: {"code":0,"message":"处理完成。成功: 5 个任务，失败: 0 个任务","data":{"total":5,"success_count":5,"failed_count":0,"failed_details":[],"wp_path":"/有码/河北彩花/4K超清/2026-08-11","wp_path_id":"3493408183634888366"}}
[2026-08-11 23:38:50] [INFO] [javdb_scraper.py:1117] - 📝 [Push History] 记录番号 [SONE-311] 离线任务 (Hash: 6ca57d7574de6d8afb63bca9a14e802cda003ed2)
[2026-08-11 23:38:50] [INFO] [javdb_scraper.py:1117] - 📝 [Push History] 记录番号 [SONE-266] 离线任务 (Hash: eb11936e964c470cb52414ae5d8ba00a82a1a413)
[2026-08-11 23:38:50] [INFO] [javdb_scraper.py:1117] - 📝 [Push History] 记录番号 [SONE-228] 离线任务 (Hash: eae6cd04c9d5da3489c97be12d5a001984869d26)
[2026-08-11 23:38:50] [INFO] [javdb_scraper.py:1117] - 📝 [Push History] 记录番号 [SONE-200] 离线任务 (Hash: c7a551a264ffc9684ee1c4ae1f04ea8634e0fa15)
[2026-08-11 23:38:50] [INFO] [javdb_scraper.py:1117] - 📝 [Push History] 记录番号 [SONE-153] 离线任务 (Hash: 843882d6de05285a696dbb55a76bd6ef04956961)
[2026-08-11 23:38:50] [INFO] [javdb_scraper.py:1242] - 🛡️ [115 防风控保护] 批次间随机休眠 3.0 秒...
[2026-08-11 23:38:53] [INFO] [javdb_scraper.py:1230] - ⏳ [115 Push] 推送批次 (16~20/33) -> 路径: /有码/河北彩花/4K超清/2026-08-11
[2026-08-11 23:38:53] [INFO] [javdb_scraper.py:1090] - 🚀 [115 Gateway] 提交离线任务到 115 网关 | 保存路径: /有码/河北彩花/4K超清/2026-08-11
[2026-08-11 23:38:56] [INFO] [javdb_scraper.py:1094] - ✅ [115 Gateway] 网关返回结果: {"code":0,"message":"处理完成。成功: 5 个任务，失败: 0 个任务","data":{"total":5,"success_count":5,"failed_count":0,"failed_details":[],"wp_path":"/有码/河北彩花/4K超清/2026-08-11","wp_path_id":"3493408183634888366"}}
[2026-08-11 23:38:56] [INFO] [javdb_scraper.py:1117] - 📝 [Push History] 记录番号 [SONE-118] 离线任务 (Hash: daffade950b363954bf460f55e6764bf3fff6412)
[2026-08-11 23:38:56] [INFO] [javdb_scraper.py:1117] - 📝 [Push History] 记录番号 [SSIS-913] 离线任务 (Hash: a98c10ed51ed3165cc82fbadc4f4bb5ad7ce16d3)
[2026-08-11 23:38:56] [INFO] [javdb_scraper.py:1117] - 📝 [Push History] 记录番号 [SSIS-801] 离线任务 (Hash: 9289909411dd06e81aa7b0c6589415d92288003f)
[2026-08-11 23:38:56] [INFO] [javdb_scraper.py:1117] - 📝 [Push History] 记录番号 [SSIS-762] 离线任务 (Hash: a87f1a8d92a4c4d2100f349b25ca1f096ba0349c)
[2026-08-11 23:38:56] [INFO] [javdb_scraper.py:1117] - 📝 [Push History] 记录番号 [SSIS-685] 离线任务 (Hash: 8f2431ae6e05c2bb0ca36fbe59871afde4b92528)
[2026-08-11 23:38:56] [INFO] [javdb_scraper.py:1242] - 🛡️ [115 防风控保护] 批次间随机休眠 6.4 秒...
[2026-08-11 23:39:02] [INFO] [javdb_scraper.py:1230] - ⏳ [115 Push] 推送批次 (21~25/33) -> 路径: /有码/河北彩花/4K超清/2026-08-11
[2026-08-11 23:39:02] [INFO] [javdb_scraper.py:1090] - 🚀 [115 Gateway] 提交离线任务到 115 网关 | 保存路径: /有码/河北彩花/4K超清/2026-08-11
[2026-08-11 23:39:05] [INFO] [javdb_scraper.py:1094] - ✅ [115 Gateway] 网关返回结果: {"code":0,"message":"处理完成。成功: 5 个任务，失败: 0 个任务","data":{"total":5,"success_count":5,"failed_count":0,"failed_details":[],"wp_path":"/有码/河北彩花/4K超清/2026-08-11","wp_path_id":"3493408183634888366"}}
[2026-08-11 23:39:05] [INFO] [javdb_scraper.py:1117] - 📝 [Push History] 记录番号 [SSIS-607] 离线任务 (Hash: a94462b8159388894cb4e59433b78a900e1aa7d1)
[2026-08-11 23:39:05] [INFO] [javdb_scraper.py:1117] - 📝 [Push History] 记录番号 [SSIS-595] 离线任务 (Hash: aa6e1222cf443bf64d8608923388826536c6ef9e)
[2026-08-11 23:39:05] [INFO] [javdb_scraper.py:1117] - 📝 [Push History] 记录番号 [SSIS-586] 离线任务 (Hash: 2f2aa4c3109667a11eee17fededf304ef68c9185)
[2026-08-11 23:39:05] [INFO] [javdb_scraper.py:1117] - 📝 [Push History] 记录番号 [SSIS-531] 离线任务 (Hash: b2ee4ed59de25ef54464184e6d754dfd552a53a9)
[2026-08-11 23:39:05] [INFO] [javdb_scraper.py:1117] - 📝 [Push History] 记录番号 [SSIS-499] 离线任务 (Hash: 896c622b598720756c327f286b15d1b9c6aa3ee2)
[2026-08-11 23:39:05] [INFO] [javdb_scraper.py:1242] - 🛡️ [115 防风控保护] 批次间随机休眠 4.1 秒...
[2026-08-11 23:39:09] [INFO] [javdb_scraper.py:1230] - ⏳ [115 Push] 推送批次 (26~30/33) -> 路径: /有码/河北彩花/4K超清/2026-08-11
[2026-08-11 23:39:09] [INFO] [javdb_scraper.py:1090] - 🚀 [115 Gateway] 提交离线任务到 115 网关 | 保存路径: /有码/河北彩花/4K超清/2026-08-11
[2026-08-11 23:39:12] [INFO] [javdb_scraper.py:1094] - ✅ [115 Gateway] 网关返回结果: {"code":0,"message":"处理完成。成功: 5 个任务，失败: 0 个任务","data":{"total":5,"success_count":5,"failed_count":0,"failed_details":[],"wp_path":"/有码/河北彩花/4K超清/2026-08-11","wp_path_id":"3493408183634888366"}}
[2026-08-11 23:39:12] [INFO] [javdb_scraper.py:1117] - 📝 [Push History] 记录番号 [SSIS-468] 离线任务 (Hash: 8bc263c601c19bc95fb7710774df6a31c33d15bb)
[2026-08-11 23:39:12] [INFO] [javdb_scraper.py:1117] - 📝 [Push History] 记录番号 [SSIS-440] 离线任务 (Hash: c8b2d153d59df9adddc570c3c18886bd1cd0633a)
[2026-08-11 23:39:12] [INFO] [javdb_scraper.py:1117] - 📝 [Push History] 记录番号 [SIVR-191] 离线任务 (Hash: 6086a6c938a7f78edde2da9fba804b72923ed78a)
[2026-08-11 23:39:12] [INFO] [javdb_scraper.py:1117] - 📝 [Push History] 记录番号 [SSIS-334] 离线任务 (Hash: ed2e19e93dedb11005483dc4ef59d9f7edbf6326)
[2026-08-11 23:39:12] [INFO] [javdb_scraper.py:1117] - 📝 [Push History] 记录番号 [SSIS-308] 离线任务 (Hash: 0cdcbcda736f157a17813eeaffcf032b1a5004c6)
[2026-08-11 23:39:12] [INFO] [javdb_scraper.py:1242] - 🛡️ [115 防风控保护] 批次间随机休眠 5.9 秒...
[2026-08-11 23:39:18] [INFO] [javdb_scraper.py:1230] - ⏳ [115 Push] 推送批次 (31~33/33) -> 路径: /有码/河北彩花/4K超清/2026-08-11
[2026-08-11 23:39:18] [INFO] [javdb_scraper.py:1090] - 🚀 [115 Gateway] 提交离线任务到 115 网关 | 保存路径: /有码/河北彩花/4K超清/2026-08-11
[2026-08-11 23:39:19] [INFO] [javdb_scraper.py:1094] - ✅ [115 Gateway] 网关返回结果: {"code":0,"message":"处理完成。成功: 3 个任务，失败: 0 个任务","data":{"total":3,"success_count":3,"failed_count":0,"failed_details":[],"wp_path":"/有码/河北彩花/4K超清/2026-08-11","wp_path_id":"3493408183634888366"}}
[2026-08-11 23:39:19] [INFO] [javdb_scraper.py:1117] - 📝 [Push History] 记录番号 [SSIS-280] 离线任务 (Hash: 9c1575cc0f984345703b370336c648e9829c11bb)
[2026-08-11 23:39:19] [INFO] [javdb_scraper.py:1117] - 📝 [Push History] 记录番号 [SSIS-252] 离线任务 (Hash: 30ec4fdb4fd91f186cc3aa2ec577e005155e3143)
[2026-08-11 23:39:19] [INFO] [javdb_scraper.py:1117] - 📝 [Push History] 记录番号 [SSIS-194] 离线任务 (Hash: 0b49e31b0efc8185cf5a93039e39aae51959bfe1)
[2026-08-11 23:39:19] [INFO] [javdb_scraper.py:1230] - ⏳ [115 Push] 推送批次 (1~5/7) -> 路径: /有码/瀬戸環奈/4K超清/2026-08-11
[2026-08-11 23:39:19] [INFO] [javdb_scraper.py:1090] - 🚀 [115 Gateway] 提交离线任务到 115 网关 | 保存路径: /有码/瀬戸環奈/4K超清/2026-08-11
[2026-08-11 23:39:28] [INFO] [javdb_scraper.py:1094] - ✅ [115 Gateway] 网关返回结果: {"code":0,"message":"处理完成。成功: 5 个任务，失败: 0 个任务","data":{"total":5,"success_count":5,"failed_count":0,"failed_details":[],"wp_path":"/有码/瀬戸環奈/4K超清/2026-08-11","wp_path_id":"3493408625597089358"}}
[2026-08-11 23:39:28] [INFO] [javdb_scraper.py:1117] - 📝 [Push History] 记录番号 [SNOS-064] 离线任务 (Hash: 55b861d93ca0829aa77b655d6870dbe96829e67a)
[2026-08-11 23:39:28] [INFO] [javdb_scraper.py:1117] - 📝 [Push History] 记录番号 [SNOS-038] 离线任务 (Hash: 52aa94a37ed404f6452bde59e4032bfb468ca3ef)
[2026-08-11 23:39:28] [INFO] [javdb_scraper.py:1117] - 📝 [Push History] 记录番号 [SONE-991] 离线任务 (Hash: 78454482b154fd28d2a517124ec0e6ca2c3745f5)
[2026-08-11 23:39:28] [INFO] [javdb_scraper.py:1117] - 📝 [Push History] 记录番号 [SONE-974] 离线任务 (Hash: 45199104021cc55c10eefd312ee8402d2fbe1451)
[2026-08-11 23:39:28] [INFO] [javdb_scraper.py:1117] - 📝 [Push History] 记录番号 [SONE-811] 离线任务 (Hash: 449d44930dc026ee60f71703c37d5c4142dd18f7)
[2026-08-11 23:39:28] [INFO] [javdb_scraper.py:1242] - 🛡️ [115 防风控保护] 批次间随机休眠 3.8 秒...
[2026-08-11 23:39:31] [INFO] [javdb_scraper.py:1230] - ⏳ [115 Push] 推送批次 (6~7/7) -> 路径: /有码/瀬戸環奈/4K超清/2026-08-11
[2026-08-11 23:39:31] [INFO] [javdb_scraper.py:1090] - 🚀 [115 Gateway] 提交离线任务到 115 网关 | 保存路径: /有码/瀬戸環奈/4K超清/2026-08-11
[2026-08-11 23:39:32] [INFO] [javdb_scraper.py:1094] - ✅ [115 Gateway] 网关返回结果: {"code":0,"message":"处理完成。成功: 2 个任务，失败: 0 个任务","data":{"total":2,"success_count":2,"failed_count":0,"failed_details":[],"wp_path":"/有码/瀬戸環奈/4K超清/2026-08-11","wp_path_id":"3493408625597089358"}}
[2026-08-11 23:39:32] [INFO] [javdb_scraper.py:1117] - 📝 [Push History] 记录番号 [SONE-638] 离线任务 (Hash: 25b7ce027a4fc562b6aa152fb2ef1f72b2ab0d93)
[2026-08-11 23:39:32] [INFO] [javdb_scraper.py:1117] - 📝 [Push History] 记录番号 [FWAY-088] 离线任务 (Hash: d30e75aa13cf3b3ab6c68538269a8eb349d1c013)
[2026-08-11 23:39:32] [INFO] [javdb_scraper.py:1230] - ⏳ [115 Push] 推送批次 (1~5/6) -> 路径: /有码/明里つむぎ/4K超清/2026-08-11
[2026-08-11 23:39:32] [INFO] [javdb_scraper.py:1090] - 🚀 [115 Gateway] 提交离线任务到 115 网关 | 保存路径: /有码/明里つむぎ/4K超清/2026-08-11
[2026-08-11 23:39:41] [INFO] [javdb_scraper.py:1094] - ✅ [115 Gateway] 网关返回结果: {"code":0,"message":"处理完成。成功: 5 个任务，失败: 0 个任务","data":{"total":5,"success_count":5,"failed_count":0,"failed_details":[],"wp_path":"/有码/明里つむぎ/4K超清/2026-08-11","wp_path_id":"3493408735974393068"}}
[2026-08-11 23:39:41] [INFO] [javdb_scraper.py:1117] - 📝 [Push History] 记录番号 [FNS-121] 离线任务 (Hash: 6045fa4644351216684742a32d0d06fd0466e6dd)
[2026-08-11 23:39:41] [INFO] [javdb_scraper.py:1117] - 📝 [Push History] 记录番号 [FNS-120] 离线任务 (Hash: 69f8df3e2f3223910d32173d2cfe02618749de68)
[2026-08-11 23:39:41] [INFO] [javdb_scraper.py:1117] - 📝 [Push History] 记录番号 [JUQ-819] 离线任务 (Hash: 8ccf09ccaa30c548f907ed35c113c760005b865f)
[2026-08-11 23:39:41] [INFO] [javdb_scraper.py:1117] - 📝 [Push History] 记录番号 [JUQ-880] 离线任务 (Hash: 56a5d76934a353230639ffa8834341677a022e11)
[2026-08-11 23:39:41] [INFO] [javdb_scraper.py:1117] - 📝 [Push History] 记录番号 [MEYD-812] 离线任务 (Hash: 4f6740cafa19b63f2048ef6530a4ad830b3e2c56)
[2026-08-11 23:39:41] [INFO] [javdb_scraper.py:1242] - 🛡️ [115 防风控保护] 批次间随机休眠 3.4 秒...
[2026-08-11 23:39:44] [INFO] [javdb_scraper.py:1230] - ⏳ [115 Push] 推送批次 (6~6/6) -> 路径: /有码/明里つむぎ/4K超清/2026-08-11
[2026-08-11 23:39:44] [INFO] [javdb_scraper.py:1090] - 🚀 [115 Gateway] 提交离线任务到 115 网关 | 保存路径: /有码/明里つむぎ/4K超清/2026-08-11
[2026-08-11 23:39:45] [INFO] [javdb_scraper.py:1094] - ✅ [115 Gateway] 网关返回结果: {"code":0,"message":"处理完成。成功: 1 个任务，失败: 0 个任务","data":{"total":1,"success_count":1,"failed_count":0,"failed_details":[],"wp_path":"/有码/明里つむぎ/4K超清/2026-08-11","wp_path_id":"3493408735974393068"}}
[2026-08-11 23:39:45] [INFO] [javdb_scraper.py:1117] - 📝 [Push History] 记录番号 [IPX-712] 离线任务 (Hash: 4371f4f9052ce67890120599beb016534930ae08)
[2026-08-11 23:39:45] [INFO] [javdb_scraper.py:1249] - 🎉 [115 Push] 增量推送结束: 成功 50 条，失败/未推送 0 条
[2026-08-11 23:39:45] [INFO] [server.py:589] - [115 离线自动推送 [时间段: 今天抓取 | 自动对齐115真实状态]] 🎉 [115 Cron] 115 自动化离线推送完成: 增量推送完成：成功 50 条，失败/截断 0 条
[2026-08-11 23:39:45] [INFO] [server.py:589] - [115 离线自动推送 [时间段: 今天抓取 | 自动对齐115真实状态]] ⏳ [115 Auto Sync] 离线推送已完成，等待 180 秒 (3分钟) 以确保 115 离线服务器解析并完成云下载...
[2026-08-11 23:39:45] [INFO] [server.py:589] - [115 离线自动推送 [时间段: 今天抓取 | 自动对齐115真实状态]] ⏳ [115 Auto Sync] 倒计时 180s ... (等待 115 离线下载完成)
[2026-08-11 23:39:55] [INFO] [server.py:589] - [115 离线自动推送 [时间段: 今天抓取 | 自动对齐115真实状态]] ⏳ [115 Auto Sync] 倒计时 170s ... (等待 115 离线下载完成)
[2026-08-11 23:40:05] [INFO] [server.py:589] - [115 离线自动推送 [时间段: 今天抓取 | 自动对齐115真实状态]] ⏳ [115 Auto Sync] 倒计时 160s ... (等待 115 离线下载完成)
[2026-08-11 23:42:31] [INFO] [server.py:227] - ⏰ APScheduler 定时任务引擎已启动
[2026-08-11 23:42:31] [INFO] [server.py:240] - 🔄 [Lifespan] 自动成功恢复了 2 个持久化 Cron 定时任务！
[2026-08-11 23:42:31] [INFO] [server.py:243] - 📥 异步任务队列 Consumer 已就绪
[2026-08-11 23:42:32] [INFO] [javdb_scraper.py:1510] - 📊 [115 Quota] 离线配额 -> 总量: 1500, 已用: 238, 剩余可用: 1262
[2026-08-11 23:44:46] [INFO] [server.py:571] - ⏰ [Cron 定时任务触发] ID: transfer_push_cron_msos1dcj | 115 离线自动推送 [时间段: 今天抓取 | 自动对齐115真实状态]
[2026-08-11 23:44:46] [INFO] [server.py:797] - 🚀 [Cron Trigger] 手动触发运行定时任务 ID: transfer_push_cron_msos1dcj (115 离线自动推送 [时间段: 今天抓取 | 自动对齐115真实状态])
[2026-08-11 23:44:46] [INFO] [server.py:589] - [115 离线自动推送 [时间段: 今天抓取 | 自动对齐115真实状态]] 🚀 [115 Cron] 启动 115 自动化离线推送: 时间段 [2026-08-11 00:00:00 ~ 2026-08-11 23:59:59], 磁力类型 [magnet_4k]
[2026-08-11 23:44:46] [INFO] [javdb_scraper.py:196] - ℹ️ [115 Push] 时间范围内无待推送的 [magnet_4k] 磁力
[2026-08-11 23:44:46] [INFO] [server.py:589] - [115 离线自动推送 [时间段: 今天抓取 | 自动对齐115真实状态]] ℹ️ [115 Push] 时间范围内无待推送的 [magnet_4k] 磁力
[2026-08-11 23:44:46] [INFO] [server.py:589] - [115 离线自动推送 [时间段: 今天抓取 | 自动对齐115真实状态]] 🎉 [115 Cron] 115 自动化离线推送完成: 无新磁力需要推送
[2026-08-11 23:44:46] [INFO] [server.py:589] - [115 离线自动推送 [时间段: 今天抓取 | 自动对齐115真实状态]] ⏳ [115 Auto Sync] 离线推送已完成，等待 180 秒 (3分钟) 以确保 115 离线服务器解析并完成云下载...
[2026-08-11 23:44:46] [INFO] [server.py:589] - [115 离线自动推送 [时间段: 今天抓取 | 自动对齐115真实状态]] ⏳ [115 Auto Sync] 倒计时 180s ... (等待 115 离线下载完成)
[2026-08-11 23:44:56] [INFO] [server.py:589] - [115 离线自动推送 [时间段: 今天抓取 | 自动对齐115真实状态]] ⏳ [115 Auto Sync] 倒计时 170s ... (等待 115 离线下载完成)
[2026-08-11 23:45:06] [INFO] [server.py:589] - [115 离线自动推送 [时间段: 今天抓取 | 自动对齐115真实状态]] ⏳ [115 Auto Sync] 倒计时 160s ... (等待 115 离线下载完成)
[2026-08-11 23:45:16] [INFO] [server.py:589] - [115 离线自动推送 [时间段: 今天抓取 | 自动对齐115真实状态]] ⏳ [115 Auto Sync] 倒计时 150s ... (等待 115 离线下载完成)
[2026-08-12 18:19:55] [INFO] [server.py:227] - ⏰ APScheduler 定时任务引擎已启动
[2026-08-12 18:19:55] [INFO] [server.py:240] - 🔄 [Lifespan] 自动成功恢复了 2 个持久化 Cron 定时任务！
[2026-08-12 18:19:55] [INFO] [server.py:243] - 📥 异步任务队列 Consumer 已就绪
[2026-08-12 18:22:44] [INFO] [javdb_scraper.py:1510] - 📊 [115 Quota] 离线配额 -> 总量: 1500, 已用: 238, 剩余可用: 1262
[2026-08-12 18:23:51] [INFO] [javdb_scraper.py:196] - 🔄 [115 Sync] 正在单次请求拉取 115 网关全量离线任务 (不带 URL Query)...
[2026-08-12 18:24:03] [INFO] [javdb_scraper.py:196] - 📊 [115 Sync] 成功获取到 115 网关 228 条远端全量离线任务
[2026-08-12 18:24:03] [INFO] [javdb_scraper.py:196] - 🔄 [115 Sync] 番号 [NAAC-036] 状态对齐: 0 -> 2 (离线成功 🎉)
[2026-08-12 18:24:03] [INFO] [javdb_scraper.py:196] - 🔄 [115 Sync] 番号 [SDHS-062] 状态对齐: 0 -> 1 (下载中 📥)
[2026-08-12 18:24:03] [INFO] [javdb_scraper.py:196] - 🔄 [115 Sync] 番号 [START-327] 状态对齐: 0 -> 2 (离线成功 🎉)
[2026-08-12 18:24:03] [INFO] [javdb_scraper.py:196] - 🔄 [115 Sync] 番号 [START-298] 状态对齐: 0 -> 2 (离线成功 🎉)
[2026-08-12 18:24:03] [INFO] [javdb_scraper.py:196] - 🔄 [115 Sync] 番号 [SNOS-056] 状态对齐: 0 -> 2 (离线成功 🎉)
[2026-08-12 18:24:03] [INFO] [javdb_scraper.py:196] - 🔄 [115 Sync] 番号 [SNOS-003] 状态对齐: 0 -> 2 (离线成功 🎉)
[2026-08-12 18:24:03] [INFO] [javdb_scraper.py:196] - 🔄 [115 Sync] 番号 [SONE-853] 状态对齐: 0 -> 2 (离线成功 🎉)
[2026-08-12 18:24:03] [INFO] [javdb_scraper.py:196] - 🔄 [115 Sync] 番号 [SONE-563] 状态对齐: 0 -> 2 (离线成功 🎉)
[2026-08-12 18:24:03] [INFO] [javdb_scraper.py:196] - 🔄 [115 Sync] 番号 [SONE-763] 状态对齐: 0 -> 2 (离线成功 🎉)
[2026-08-12 18:24:03] [INFO] [javdb_scraper.py:196] - 🔄 [115 Sync] 番号 [SONE-687] 状态对齐: 0 -> 2 (离线成功 🎉)
[2026-08-12 18:24:03] [INFO] [javdb_scraper.py:196] - 🔄 [115 Sync] 番号 [SONE-561] 状态对齐: 0 -> 2 (离线成功 🎉)
[2026-08-12 18:24:03] [INFO] [javdb_scraper.py:196] - 🔄 [115 Sync] 番号 [SONE-499] 状态对齐: 0 -> 1 (下载中 📥)
[2026-08-12 18:24:03] [INFO] [javdb_scraper.py:196] - 🔄 [115 Sync] 番号 [SONE-405] 状态对齐: 0 -> 2 (离线成功 🎉)
[2026-08-12 18:24:03] [INFO] [javdb_scraper.py:196] - 🔄 [115 Sync] 番号 [SONE-360] 状态对齐: 0 -> 2 (离线成功 🎉)
[2026-08-12 18:24:03] [INFO] [javdb_scraper.py:196] - 🔄 [115 Sync] 番号 [SONE-311] 状态对齐: 0 -> 2 (离线成功 🎉)
[2026-08-12 18:24:03] [INFO] [javdb_scraper.py:196] - 🔄 [115 Sync] 番号 [SONE-266] 状态对齐: 0 -> 2 (离线成功 🎉)
[2026-08-12 18:24:03] [INFO] [javdb_scraper.py:196] - 🔄 [115 Sync] 番号 [SONE-228] 状态对齐: 0 -> 2 (离线成功 🎉)
[2026-08-12 18:24:03] [INFO] [javdb_scraper.py:196] - 🔄 [115 Sync] 番号 [SONE-200] 状态对齐: 0 -> 2 (离线成功 🎉)
[2026-08-12 18:24:03] [INFO] [javdb_scraper.py:196] - 🔄 [115 Sync] 番号 [SONE-153] 状态对齐: 0 -> 2 (离线成功 🎉)
[2026-08-12 18:24:03] [INFO] [javdb_scraper.py:196] - 🔄 [115 Sync] 番号 [SONE-118] 状态对齐: 0 -> 2 (离线成功 🎉)
[2026-08-12 18:24:03] [INFO] [javdb_scraper.py:196] - 🔄 [115 Sync] 番号 [SSIS-913] 状态对齐: 0 -> 2 (离线成功 🎉)
[2026-08-12 18:24:03] [INFO] [javdb_scraper.py:196] - 🔄 [115 Sync] 番号 [SSIS-801] 状态对齐: 0 -> 2 (离线成功 🎉)
[2026-08-12 18:24:03] [INFO] [javdb_scraper.py:196] - 🔄 [115 Sync] 番号 [SSIS-762] 状态对齐: 0 -> 2 (离线成功 🎉)
[2026-08-12 18:24:03] [INFO] [javdb_scraper.py:196] - 🔄 [115 Sync] 番号 [SSIS-685] 状态对齐: 0 -> 2 (离线成功 🎉)
[2026-08-12 18:24:03] [INFO] [javdb_scraper.py:196] - 🔄 [115 Sync] 番号 [SSIS-607] 状态对齐: 0 -> 2 (离线成功 🎉)
[2026-08-12 18:24:03] [INFO] [javdb_scraper.py:196] - 🔄 [115 Sync] 番号 [SSIS-595] 状态对齐: 0 -> 2 (离线成功 🎉)
[2026-08-12 18:24:03] [INFO] [javdb_scraper.py:196] - 🔄 [115 Sync] 番号 [SSIS-586] 状态对齐: 0 -> 2 (离线成功 🎉)
[2026-08-12 18:24:03] [INFO] [javdb_scraper.py:196] - 🔄 [115 Sync] 番号 [SSIS-531] 状态对齐: 0 -> 2 (离线成功 🎉)
[2026-08-12 18:24:03] [INFO] [javdb_scraper.py:196] - 🔄 [115 Sync] 番号 [SSIS-499] 状态对齐: 0 -> 2 (离线成功 🎉)
[2026-08-12 18:24:03] [INFO] [javdb_scraper.py:196] - 🔄 [115 Sync] 番号 [SSIS-468] 状态对齐: 0 -> 2 (离线成功 🎉)
[2026-08-12 18:24:03] [INFO] [javdb_scraper.py:196] - 🔄 [115 Sync] 番号 [SSIS-440] 状态对齐: 0 -> 2 (离线成功 🎉)
[2026-08-12 18:24:03] [INFO] [javdb_scraper.py:196] - 🔄 [115 Sync] 番号 [SIVR-191] 状态对齐: 0 -> 2 (离线成功 🎉)
[2026-08-12 18:24:03] [INFO] [javdb_scraper.py:196] - 🔄 [115 Sync] 番号 [SSIS-334] 状态对齐: 0 -> 2 (离线成功 🎉)
[2026-08-12 18:24:03] [INFO] [javdb_scraper.py:196] - 🔄 [115 Sync] 番号 [SSIS-308] 状态对齐: 0 -> 2 (离线成功 🎉)
[2026-08-12 18:24:03] [INFO] [javdb_scraper.py:196] - 🔄 [115 Sync] 番号 [SSIS-280] 状态对齐: 0 -> 2 (离线成功 🎉)
[2026-08-12 18:24:03] [INFO] [javdb_scraper.py:196] - 🔄 [115 Sync] 番号 [SSIS-252] 状态对齐: 0 -> 2 (离线成功 🎉)
[2026-08-12 18:24:03] [INFO] [javdb_scraper.py:196] - 🔄 [115 Sync] 番号 [SSIS-194] 状态对齐: 0 -> 2 (离线成功 🎉)
[2026-08-12 18:24:03] [INFO] [javdb_scraper.py:196] - 🔄 [115 Sync] 番号 [SNOS-064] 状态对齐: 0 -> 2 (离线成功 🎉)
[2026-08-12 18:24:03] [INFO] [javdb_scraper.py:196] - 🔄 [115 Sync] 番号 [SNOS-038] 状态对齐: 0 -> 2 (离线成功 🎉)
[2026-08-12 18:24:03] [INFO] [javdb_scraper.py:196] - 🔄 [115 Sync] 番号 [SONE-991] 状态对齐: 0 -> 2 (离线成功 🎉)
[2026-08-12 18:24:03] [INFO] [javdb_scraper.py:196] - 🔄 [115 Sync] 番号 [SONE-974] 状态对齐: 0 -> 2 (离线成功 🎉)
[2026-08-12 18:24:03] [INFO] [javdb_scraper.py:196] - 🔄 [115 Sync] 番号 [SONE-811] 状态对齐: 0 -> 2 (离线成功 🎉)
[2026-08-12 18:24:03] [INFO] [javdb_scraper.py:196] - 🔄 [115 Sync] 番号 [SONE-638] 状态对齐: 0 -> 2 (离线成功 🎉)
[2026-08-12 18:24:03] [INFO] [javdb_scraper.py:196] - 🔄 [115 Sync] 番号 [FWAY-088] 状态对齐: 0 -> 2 (离线成功 🎉)
[2026-08-12 18:24:03] [INFO] [javdb_scraper.py:196] - 🔄 [115 Sync] 番号 [FNS-121] 状态对齐: 0 -> 2 (离线成功 🎉)
[2026-08-12 18:24:03] [INFO] [javdb_scraper.py:196] - 🔄 [115 Sync] 番号 [FNS-120] 状态对齐: 0 -> 2 (离线成功 🎉)
[2026-08-12 18:24:03] [INFO] [javdb_scraper.py:196] - 🔄 [115 Sync] 番号 [JUQ-819] 状态对齐: 0 -> 2 (离线成功 🎉)
[2026-08-12 18:24:03] [INFO] [javdb_scraper.py:196] - 🔄 [115 Sync] 番号 [JUQ-880] 状态对齐: 0 -> 2 (离线成功 🎉)
[2026-08-12 18:24:03] [INFO] [javdb_scraper.py:196] - 🔄 [115 Sync] 番号 [MEYD-812] 状态对齐: 0 -> 2 (离线成功 🎉)
[2026-08-12 18:24:03] [INFO] [javdb_scraper.py:196] - 🔄 [115 Sync] 番号 [IPX-712] 状态对齐: 0 -> 2 (离线成功 🎉)
[2026-08-12 18:24:03] [INFO] [javdb_scraper.py:196] - ✅ [115 Sync] 任务状态比对对齐完成，更新了 50 条离线记录
[2026-08-12 18:26:01] [INFO] [javdb_scraper.py:379] - 🎭 [User] 正在拉取用户订阅演员...
[2026-08-12 18:26:05] [INFO] [javdb_scraper.py:397] - ✅ [User] 成功拉取到 3 位已订阅演员
[2026-08-12 18:29:16] [INFO] [javdb_scraper.py:1510] - 📊 [115 Quota] 离线配额 -> 总量: 1500, 已用: 238, 剩余可用: 1262
[2026-08-12 18:31:25] [INFO] [javdb_scraper.py:1510] - 📊 [115 Quota] 离线配额 -> 总量: 1500, 已用: 238, 剩余可用: 1262
[2026-08-12 18:32:15] [INFO] [javdb_scraper.py:1510] - 📊 [115 Quota] 离线配额 -> 总量: 1500, 已用: 238, 剩余可用: 1262
[2026-08-12 18:33:08] [INFO] [javdb_scraper.py:1510] - 📊 [115 Quota] 离线配额 -> 总量: 1500, 已用: 238, 剩余可用: 1262
[2026-08-12 18:34:14] [INFO] [server.py:227] - ⏰ APScheduler 定时任务引擎已启动
[2026-08-12 18:34:14] [INFO] [server.py:240] - 🔄 [Lifespan] 自动成功恢复了 2 个持久化 Cron 定时任务！
[2026-08-12 18:34:14] [INFO] [server.py:243] - 📥 异步任务队列 Consumer 已就绪
[2026-08-12 18:34:50] [INFO] [javdb_scraper.py:1510] - 📊 [115 Quota] 离线配额 -> 总量: 1500, 已用: 238, 剩余可用: 1262
[2026-08-12 18:40:08] [INFO] [server.py:316] - 🔑 user.db 数据库安全结构校验完成
[2026-08-12 18:40:08] [INFO] [server.py:319] - ⏰ APScheduler 定时任务引擎已启动
[2026-08-12 18:40:08] [INFO] [server.py:332] - 🔄 [Lifespan] 自动成功恢复了 2 个持久化 Cron 定时任务！
[2026-08-12 18:40:08] [INFO] [server.py:335] - 📥 异步任务队列 Consumer 已就绪
[2026-08-12 18:40:20] [INFO] [server.py:316] - 🔑 user.db 数据库安全结构校验完成
[2026-08-12 18:40:20] [INFO] [server.py:319] - ⏰ APScheduler 定时任务引擎已启动
[2026-08-12 18:40:20] [INFO] [server.py:332] - 🔄 [Lifespan] 自动成功恢复了 2 个持久化 Cron 定时任务！
[2026-08-12 18:40:20] [INFO] [server.py:335] - 📥 异步任务队列 Consumer 已就绪
[2026-08-12 18:40:31] [INFO] [server.py:565] - 🔑 [System Auth] 首次部署完成！初始化管理员账号: [testadmin]
[2026-08-12 18:40:31] [INFO] [server.py:592] - 🔑 [System Auth] 用户 [testadmin] 验证成功，已颁发 Session Token
[2026-08-12 18:41:35] [INFO] [server.py:565] - 🔑 [System Auth] 首次部署完成！初始化管理员账号: [root]
[2026-08-12 18:41:36] [INFO] [javdb_scraper.py:1510] - 📊 [115 Quota] 离线配额 -> 总量: 1500, 已用: 238, 剩余可用: 1262
[2026-08-12 18:42:01] [INFO] [server.py:592] - 🔑 [System Auth] 用户 [root] 验证成功，已颁发 Session Token
[2026-08-12 18:43:25] [INFO] [server.py:157] - ▶️ [Queue] 开始执行队列任务 [15928608] | 任务 [15928608]
[2026-08-12 18:43:25] [INFO] [javdb_scraper.py:907] - 🔍 [Search] 精准搜索番号 [BAGBD-068] -> URL: https://javdb.com/search?q=BAGBD-068&sb=0
[2026-08-12 18:43:29] [INFO] [javdb_scraper.py:925] - 🔗 [Search] 匹配到番号 [BAGBD-068] 目标链接: https://javdb.com/v/mezVD
[2026-08-12 18:43:31] [INFO] [javdb_scraper.py:936] - 📥 [DB] 番号 [BAGBD-068] 存库成功
[2026-08-12 19:12:59] [INFO] [javdb_scraper.py:1510] - 📊 [115 Quota] 离线配额 -> 总量: 1500, 已用: 238, 剩余可用: 1262
[2026-08-12 19:14:46] [INFO] [javdb_scraper.py:49] - 🔑 [Auth] 正在请求 JavDB 登录页面获取 CSRF Token: https://javdb.com/login
[2026-08-12 19:14:47] [INFO] [javdb_scraper.py:73] - 🧩 [Auth] 识别到图形验证码，正在获取验证码图片...
[2026-08-12 19:14:47] [INFO] [javdb_scraper.py:78] - ✅ [Auth] 验证码图片 Base64 解析成功
[2026-08-12 19:14:47] [INFO] [javdb_scraper.py:90] - 💡 [Auth] 成功创建登录临时会话, Session ID: b6443eb1b255411e89182e3455ffdd90
[2026-08-12 19:22:10] [INFO] [javdb_scraper.py:1510] - 📊 [115 Quota] 离线配额 -> 总量: 1500, 已用: 238, 剩余可用: 1262
[2026-08-12 19:37:18] [INFO] [javdb_scraper.py:1510] - 📊 [115 Quota] 离线配额 -> 总量: 1500, 已用: 238, 剩余可用: 1262
[2026-08-12 19:42:26] [INFO] [javdb_scraper.py:1510] - 📊 [115 Quota] 离线配额 -> 总量: 1500, 已用: 238, 剩余可用: 1262
[2026-08-12 19:48:52] [INFO] [javdb_scraper.py:1510] - 📊 [115 Quota] 离线配额 -> 总量: 1500, 已用: 238, 剩余可用: 1262
[2026-08-12 19:49:30] [INFO] [server.py:157] - ▶️ [Queue] 开始执行队列任务 [56067743] | 清单 [預設清單] - 智能增量更新
[2026-08-12 19:49:30] [INFO] [javdb_scraper.py:196] - 📄 [Scrape] 正在抓取索引页 [1]: https://javdb.com/users/list_detail?id=NwDvJ4&lst=0
[2026-08-12 19:49:33] [INFO] [javdb_scraper.py:743] - 📥 [DB] 索引记录批量存库成功 (1 条)
[2026-08-12 19:49:33] [INFO] [javdb_scraper.py:196] - 📥 [DB] 索引记录批量存库成功 (1 条)
[2026-08-12 19:49:33] [INFO] [javdb_scraper.py:196] - 🔚 [Scrape] 抓取至末页
[2026-08-12 19:49:33] [INFO] [javdb_scraper.py:196] - 🚀 [Scrape] 筛选出 1 部待更新/追踪巡检影片
[2026-08-12 19:49:33] [INFO] [javdb_scraper.py:196] - 🔎 [1/1] 抓取详情: MIUM-1445 (https://javdb.com/v/96Qq95)
[2026-08-12 19:49:36] [INFO] [javdb_scraper.py:196] - 💾 [DB] 番号 [MIUM-1445] 详情与磁力存库成功 (已获取 6 条磁力 | 无码中字: ❌)
[2026-08-12 19:54:25] [INFO] [server.py:592] - 🔑 [System Auth] 用户 [root] 验证成功，已颁发 Session Token
[2026-08-12 19:54:25] [INFO] [javdb_scraper.py:379] - 🎭 [User] 正在拉取用户订阅演员...
[2026-08-12 19:54:26] [INFO] [javdb_scraper.py:1510] - 📊 [115 Quota] 离线配额 -> 总量: 1500, 已用: 238, 剩余可用: 1262
[2026-08-12 19:54:28] [INFO] [javdb_scraper.py:397] - ✅ [User] 成功拉取到 3 位已订阅演员
[2026-08-12 19:55:30] [INFO] [server.py:316] - 🔑 user.db 数据库安全结构校验完成
[2026-08-12 19:55:30] [INFO] [server.py:319] - ⏰ APScheduler 定时任务引擎已启动
[2026-08-12 19:55:30] [INFO] [server.py:332] - 🔄 [Lifespan] 自动成功恢复了 2 个持久化 Cron 定时任务！
[2026-08-12 19:55:30] [INFO] [server.py:335] - 📥 异步任务队列 Consumer 已就绪
[2026-08-12 19:56:21] [INFO] [server.py:592] - 🔑 [System Auth] 用户 [root] 验证成功，已颁发 Session Token
[2026-08-12 19:56:51] [INFO] [javdb_scraper.py:379] - 🎭 [User] 正在拉取用户订阅演员...
[2026-08-12 19:56:55] [INFO] [javdb_scraper.py:397] - ✅ [User] 成功拉取到 3 位已订阅演员
[2026-08-12 20:03:18] [INFO] [javdb_scraper.py:1510] - 📊 [115 Quota] 离线配额 -> 总量: 1500, 已用: 238, 剩余可用: 1262
[2026-08-12 20:03:55] [INFO] [server.py:316] - 🔑 user.db 数据库安全结构校验完成
[2026-08-12 20:03:55] [INFO] [server.py:319] - ⏰ APScheduler 定时任务引擎已启动
[2026-08-12 20:03:55] [INFO] [server.py:332] - 🔄 [Lifespan] 自动成功恢复了 2 个持久化 Cron 定时任务！
[2026-08-12 20:03:55] [INFO] [server.py:335] - 📥 异步任务队列 Consumer 已就绪
[2026-08-12 20:04:23] [INFO] [server.py:316] - 🔑 user.db 数据库安全结构校验完成
[2026-08-12 20:04:23] [INFO] [server.py:319] - ⏰ APScheduler 定时任务引擎已启动
[2026-08-12 20:04:23] [INFO] [server.py:332] - 🔄 [Lifespan] 自动成功恢复了 2 个持久化 Cron 定时任务！
[2026-08-12 20:04:23] [INFO] [server.py:335] - 📥 异步任务队列 Consumer 已就绪
[2026-08-12 20:07:31] [INFO] [server.py:316] - 🔑 user.db 数据库安全结构校验完成
[2026-08-12 20:07:31] [INFO] [server.py:319] - ⏰ APScheduler 定时任务引擎已启动
[2026-08-12 20:07:31] [INFO] [server.py:332] - 🔄 [Lifespan] 自动成功恢复了 2 个持久化 Cron 定时任务！
[2026-08-12 20:07:31] [INFO] [server.py:335] - 📥 异步任务队列 Consumer 已就绪
[2026-08-12 20:08:08] [INFO] [javdb_scraper.py:1510] - 📊 [115 Quota] 离线配额 -> 总量: 1500, 已用: 238, 剩余可用: 1262
[2026-08-12 20:13:13] [INFO] [javdb_scraper.py:402] - 📋 [User] 正在拉取用户清单目录 (类型: mine)...
[2026-08-12 20:13:17] [INFO] [javdb_scraper.py:463] - ✅ [User] 成功拉取到 3 个 [mine] 清单
[2026-08-12 20:15:32] [INFO] [javdb_scraper.py:1510] - 📊 [115 Quota] 离线配额 -> 总量: 1500, 已用: 238, 剩余可用: 1262
[2026-08-12 20:16:13] [INFO] [server.py:316] - 🔑 user.db 数据库安全结构校验完成
[2026-08-12 20:16:13] [INFO] [server.py:319] - ⏰ APScheduler 定时任务引擎已启动
[2026-08-12 20:16:13] [INFO] [server.py:332] - 🔄 [Lifespan] 自动成功恢复了 2 个持久化 Cron 定时任务！
[2026-08-12 20:16:13] [INFO] [server.py:335] - 📥 异步任务队列 Consumer 已就绪
[2026-08-12 20:16:23] [INFO] [javdb_scraper.py:196] - 🎬 [115 Actor Push] 匹配到演员 [明里つむぎ] 共 336 部影片，开始智能推送...
[2026-08-12 20:16:23] [INFO] [javdb_scraper.py:1642] - 📊 [115 Quota] 离线配额 -> 总量: 1500, 已用: 238, 剩余可用: 1262
[2026-08-12 20:16:23] [INFO] [javdb_scraper.py:196] - 🚀 [115 Smart Push] 开始批量提交 131 条高优先级/升阶磁力推送...
[2026-08-12 20:16:23] [INFO] [javdb_scraper.py:196] - 🚀 [115 Gateway] 提交离线任务到 115 网关 | 保存路径: /有码/明里つむぎ/中字有码/2026-08-12
[2026-08-12 20:16:28] [INFO] [javdb_scraper.py:1642] - 📊 [115 Quota] 离线配额 -> 总量: 1500, 已用: 238, 剩余可用: 1262
[2026-08-12 20:16:32] [INFO] [javdb_scraper.py:196] - ✅ [115 Gateway] 网关返回结果: {"code":0,"message":"处理完成。成功: 5 个任务，失败: 0 个任务","data":{"total":5,"success_count":5,"failed_count":0,"failed_details":[],"wp_path":"/有码/明里つむぎ/中字有码/2026-08-12","wp_path_id":"3494031299948054405"}}
[2026-08-12 20:16:32] [INFO] [javdb_scraper.py:196] - 📝 [Push History] 记录番号 [ADN-188] 离线任务 (Hash: a905eb2371975a47d4f1f43f7955c4e1d2c6b9cd)
[2026-08-12 20:16:32] [INFO] [javdb_scraper.py:196] - ✅ [115 Smart Push] 番号 [ADN-188] 推送成功 (首次离线) -> [/有码/明里つむぎ/中字有码/2026-08-12]
[2026-08-12 20:16:32] [INFO] [javdb_scraper.py:196] - 📝 [Push History] 记录番号 [ADN-210] 离线任务 (Hash: 831dc35b1cf8a4c4e5130e121969167f3d6beec8)
[2026-08-12 20:16:32] [INFO] [javdb_scraper.py:196] - ✅ [115 Smart Push] 番号 [ADN-210] 推送成功 (首次离线) -> [/有码/明里つむぎ/中字有码/2026-08-12]
[2026-08-12 20:16:32] [INFO] [javdb_scraper.py:196] - 📝 [Push History] 记录番号 [ADN-243] 离线任务 (Hash: 8093fe76b9f5c60ad08dded5caaca3391724f85a)
[2026-08-12 20:16:32] [INFO] [javdb_scraper.py:196] - ✅ [115 Smart Push] 番号 [ADN-243] 推送成功 (首次离线) -> [/有码/明里つむぎ/中字有码/2026-08-12]
[2026-08-12 20:16:32] [INFO] [javdb_scraper.py:196] - 📝 [Push History] 记录番号 [ADN-251] 离线任务 (Hash: e3e4c84785972ba5ad727c6132859da13558a8ab)
[2026-08-12 20:16:32] [INFO] [javdb_scraper.py:196] - ✅ [115 Smart Push] 番号 [ADN-251] 推送成功 (首次离线) -> [/有码/明里つむぎ/中字有码/2026-08-12]
[2026-08-12 20:16:32] [INFO] [javdb_scraper.py:196] - 📝 [Push History] 记录番号 [ADN-256] 离线任务 (Hash: 75df36a6726446166bce03691cbd113bbcfe7160)
[2026-08-12 20:16:32] [INFO] [javdb_scraper.py:196] - ✅ [115 Smart Push] 番号 [ADN-256] 推送成功 (首次离线) -> [/有码/明里つむぎ/中字有码/2026-08-12]
[2026-08-12 20:16:36] [INFO] [javdb_scraper.py:196] - 🚀 [115 Gateway] 提交离线任务到 115 网关 | 保存路径: /有码/明里つむぎ/中字有码/2026-08-12
[2026-08-12 20:16:38] [INFO] [javdb_scraper.py:196] - ✅ [115 Gateway] 网关返回结果: {"code":0,"message":"处理完成。成功: 5 个任务，失败: 0 个任务","data":{"total":5,"success_count":5,"failed_count":0,"failed_details":[],"wp_path":"/有码/明里つむぎ/中字有码/2026-08-12","wp_path_id":"3494031299948054405"}}
[2026-08-12 20:16:39] [INFO] [javdb_scraper.py:196] - 📝 [Push History] 记录番号 [ADN-262] 离线任务 (Hash: ce29aa36b571cf7c20d0b754b02c6e1ceddc61bd)
[2026-08-12 20:16:39] [INFO] [javdb_scraper.py:196] - ✅ [115 Smart Push] 番号 [ADN-262] 推送成功 (首次离线) -> [/有码/明里つむぎ/中字有码/2026-08-12]
[2026-08-12 20:16:39] [INFO] [javdb_scraper.py:196] - 📝 [Push History] 记录番号 [ADN-267] 离线任务 (Hash: 83a006728fee72941b7cedc0a72147bbc13e5144)
[2026-08-12 20:16:39] [INFO] [javdb_scraper.py:196] - ✅ [115 Smart Push] 番号 [ADN-267] 推送成功 (首次离线) -> [/有码/明里つむぎ/中字有码/2026-08-12]
[2026-08-12 20:16:39] [INFO] [javdb_scraper.py:196] - 📝 [Push History] 记录番号 [ADN-277] 离线任务 (Hash: b9ced2b500d2e68cf289f848cd025af82a4e3319)
[2026-08-12 20:16:39] [INFO] [javdb_scraper.py:196] - ✅ [115 Smart Push] 番号 [ADN-277] 推送成功 (首次离线) -> [/有码/明里つむぎ/中字有码/2026-08-12]
[2026-08-12 20:16:39] [INFO] [javdb_scraper.py:196] - 📝 [Push History] 记录番号 [ADN-298] 离线任务 (Hash: 06659ec9fb213a7a67e5153444fa47b291fdc9c5)
[2026-08-12 20:16:39] [INFO] [javdb_scraper.py:196] - ✅ [115 Smart Push] 番号 [ADN-298] 推送成功 (首次离线) -> [/有码/明里つむぎ/中字有码/2026-08-12]
[2026-08-12 20:16:39] [INFO] [javdb_scraper.py:196] - 📝 [Push History] 记录番号 [ADN-302] 离线任务 (Hash: 7206145a0d6a3a0b6cb9a496f2a522e329187ae9)
[2026-08-12 20:16:39] [INFO] [javdb_scraper.py:196] - ✅ [115 Smart Push] 番号 [ADN-302] 推送成功 (首次离线) -> [/有码/明里つむぎ/中字有码/2026-08-12]
[2026-08-12 20:16:44] [INFO] [javdb_scraper.py:196] - 🚀 [115 Gateway] 提交离线任务到 115 网关 | 保存路径: /有码/明里つむぎ/中字有码/2026-08-12
[2026-08-12 20:16:47] [INFO] [javdb_scraper.py:196] - ✅ [115 Gateway] 网关返回结果: {"code":0,"message":"处理完成。成功: 5 个任务，失败: 0 个任务","data":{"total":5,"success_count":5,"failed_count":0,"failed_details":[],"wp_path":"/有码/明里つむぎ/中字有码/2026-08-12","wp_path_id":"3494031299948054405"}}
[2026-08-12 20:16:47] [INFO] [javdb_scraper.py:196] - 📝 [Push History] 记录番号 [ADN-314] 离线任务 (Hash: e57db0c14261e4f29c37f4cf68a393e8c0058b8e)
[2026-08-12 20:16:47] [INFO] [javdb_scraper.py:196] - ✅ [115 Smart Push] 番号 [ADN-314] 推送成功 (首次离线) -> [/有码/明里つむぎ/中字有码/2026-08-12]
[2026-08-12 20:16:47] [INFO] [javdb_scraper.py:196] - 📝 [Push History] 记录番号 [ADN-328] 离线任务 (Hash: 4d4be054c7f786eb1e192d8d1e058b613bdddaa6)
[2026-08-12 20:16:47] [INFO] [javdb_scraper.py:196] - ✅ [115 Smart Push] 番号 [ADN-328] 推送成功 (首次离线) -> [/有码/明里つむぎ/中字有码/2026-08-12]
[2026-08-12 20:16:47] [INFO] [javdb_scraper.py:196] - 📝 [Push History] 记录番号 [ADN-341] 离线任务 (Hash: 4df76a5e0e6e95a8074093cebcac65866f0d96c4)
[2026-08-12 20:16:47] [INFO] [javdb_scraper.py:196] - ✅ [115 Smart Push] 番号 [ADN-341] 推送成功 (首次离线) -> [/有码/明里つむぎ/中字有码/2026-08-12]
[2026-08-12 20:16:47] [INFO] [javdb_scraper.py:196] - 📝 [Push History] 记录番号 [ADN-347] 离线任务 (Hash: 91cc465e2a0ea4c3c02db2f111caf6bee3a623ab)
[2026-08-12 20:16:47] [INFO] [javdb_scraper.py:196] - ✅ [115 Smart Push] 番号 [ADN-347] 推送成功 (首次离线) -> [/有码/明里つむぎ/中字有码/2026-08-12]
[2026-08-12 20:16:47] [INFO] [javdb_scraper.py:196] - 📝 [Push History] 记录番号 [ADN-366] 离线任务 (Hash: 65836a417e539a05973d0d5afcb4d91e3d376187)
[2026-08-12 20:16:47] [INFO] [javdb_scraper.py:196] - ✅ [115 Smart Push] 番号 [ADN-366] 推送成功 (首次离线) -> [/有码/明里つむぎ/中字有码/2026-08-12]
[2026-08-12 20:16:51] [INFO] [javdb_scraper.py:196] - 🚀 [115 Gateway] 提交离线任务到 115 网关 | 保存路径: /有码/明里つむぎ/中字有码/2026-08-12
[2026-08-12 20:16:54] [INFO] [javdb_scraper.py:196] - ✅ [115 Gateway] 网关返回结果: {"code":0,"message":"处理完成。成功: 5 个任务，失败: 0 个任务","data":{"total":5,"success_count":5,"failed_count":0,"failed_details":[],"wp_path":"/有码/明里つむぎ/中字有码/2026-08-12","wp_path_id":"3494031299948054405"}}
[2026-08-12 20:16:54] [INFO] [javdb_scraper.py:196] - 📝 [Push History] 记录番号 [ADN-381] 离线任务 (Hash: 1086a3bffecc2d078b4265e798a16aeddf5532cf)
[2026-08-12 20:16:54] [INFO] [javdb_scraper.py:196] - ✅ [115 Smart Push] 番号 [ADN-381] 推送成功 (首次离线) -> [/有码/明里つむぎ/中字有码/2026-08-12]
[2026-08-12 20:16:54] [INFO] [javdb_scraper.py:196] - 📝 [Push History] 记录番号 [ADN-400] 离线任务 (Hash: f9a7e7e66a7988bcadb95da341d82add840af48a)
[2026-08-12 20:16:54] [INFO] [javdb_scraper.py:196] - ✅ [115 Smart Push] 番号 [ADN-400] 推送成功 (首次离线) -> [/有码/明里つむぎ/中字有码/2026-08-12]
[2026-08-12 20:16:54] [INFO] [javdb_scraper.py:196] - 📝 [Push History] 记录番号 [ATID-318] 离线任务 (Hash: aab36202bd2abe9db0c706edf9d60ce335715a73)
[2026-08-12 20:16:54] [INFO] [javdb_scraper.py:196] - ✅ [115 Smart Push] 番号 [ATID-318] 推送成功 (首次离线) -> [/有码/明里つむぎ/中字有码/2026-08-12]
[2026-08-12 20:16:54] [INFO] [javdb_scraper.py:196] - 📝 [Push History] 记录番号 [ATID-368] 离线任务 (Hash: afd48a7876a68f9d19bcbd7376b90ab9118b54ea)
[2026-08-12 20:16:54] [INFO] [javdb_scraper.py:196] - ✅ [115 Smart Push] 番号 [ATID-368] 推送成功 (首次离线) -> [/有码/明里つむぎ/中字有码/2026-08-12]
[2026-08-12 20:16:54] [INFO] [javdb_scraper.py:196] - 📝 [Push History] 记录番号 [ATID-379] 离线任务 (Hash: 33c22f86922c399083ef1f7354b686a22c4f65cf)
[2026-08-12 20:16:54] [INFO] [javdb_scraper.py:196] - ✅ [115 Smart Push] 番号 [ATID-379] 推送成功 (首次离线) -> [/有码/明里つむぎ/中字有码/2026-08-12]
[2026-08-12 20:17:02] [INFO] [javdb_scraper.py:196] - 🚀 [115 Gateway] 提交离线任务到 115 网关 | 保存路径: /有码/明里つむぎ/中字有码/2026-08-12
[2026-08-12 20:17:04] [INFO] [javdb_scraper.py:196] - ✅ [115 Gateway] 网关返回结果: {"code":0,"message":"处理完成。成功: 5 个任务，失败: 0 个任务","data":{"total":5,"success_count":5,"failed_count":0,"failed_details":[],"wp_path":"/有码/明里つむぎ/中字有码/2026-08-12","wp_path_id":"3494031299948054405"}}
[2026-08-12 20:17:04] [INFO] [javdb_scraper.py:196] - 📝 [Push History] 记录番号 [ATID-394] 离线任务 (Hash: 990f14cd1c3bab5fc761c0d2edea7f13aaffa1a1)
[2026-08-12 20:17:04] [INFO] [javdb_scraper.py:196] - ✅ [115 Smart Push] 番号 [ATID-394] 推送成功 (首次离线) -> [/有码/明里つむぎ/中字有码/2026-08-12]
[2026-08-12 20:17:04] [INFO] [javdb_scraper.py:196] - 📝 [Push History] 记录番号 [ATID-421] 离线任务 (Hash: 65834a2f5fc56ee72dd7340c44aecebf83db260b)
[2026-08-12 20:17:04] [INFO] [javdb_scraper.py:196] - ✅ [115 Smart Push] 番号 [ATID-421] 推送成功 (首次离线) -> [/有码/明里つむぎ/中字有码/2026-08-12]
[2026-08-12 20:17:04] [INFO] [javdb_scraper.py:196] - 📝 [Push History] 记录番号 [ATID-431] 离线任务 (Hash: cc6c0baf1acf406e253c347aafe6e04e078c9d77)
[2026-08-12 20:17:04] [INFO] [javdb_scraper.py:196] - ✅ [115 Smart Push] 番号 [ATID-431] 推送成功 (首次离线) -> [/有码/明里つむぎ/中字有码/2026-08-12]
[2026-08-12 20:17:04] [INFO] [javdb_scraper.py:196] - 📝 [Push History] 记录番号 [ATID-456] 离线任务 (Hash: 2707afc821dd19fa53d14699e3c334f291a1227e)
[2026-08-12 20:17:04] [INFO] [javdb_scraper.py:196] - ✅ [115 Smart Push] 番号 [ATID-456] 推送成功 (首次离线) -> [/有码/明里つむぎ/中字有码/2026-08-12]
[2026-08-12 20:17:04] [INFO] [javdb_scraper.py:196] - 📝 [Push History] 记录番号 [ATID-489] 离线任务 (Hash: 446cacdd9bbb390e4c41fa28ce3c70ec388bcaaa)
[2026-08-12 20:17:04] [INFO] [javdb_scraper.py:196] - ✅ [115 Smart Push] 番号 [ATID-489] 推送成功 (首次离线) -> [/有码/明里つむぎ/中字有码/2026-08-12]
[2026-08-12 20:17:11] [INFO] [javdb_scraper.py:196] - 🚀 [115 Gateway] 提交离线任务到 115 网关 | 保存路径: /有码/明里つむぎ/中字有码/2026-08-12
[2026-08-12 20:17:13] [INFO] [javdb_scraper.py:196] - ✅ [115 Gateway] 网关返回结果: {"code":0,"message":"处理完成。成功: 5 个任务，失败: 0 个任务","data":{"total":5,"success_count":5,"failed_count":0,"failed_details":[],"wp_path":"/有码/明里つむぎ/中字有码/2026-08-12","wp_path_id":"3494031299948054405"}}
[2026-08-12 20:17:14] [INFO] [javdb_scraper.py:196] - 📝 [Push History] 记录番号 [ATID-495] 离线任务 (Hash: 0db2be7187b58d26d103ae4729a4cab008058961)
[2026-08-12 20:17:14] [INFO] [javdb_scraper.py:196] - ✅ [115 Smart Push] 番号 [ATID-495] 推送成功 (首次离线) -> [/有码/明里つむぎ/中字有码/2026-08-12]
[2026-08-12 20:17:14] [INFO] [javdb_scraper.py:196] - 📝 [Push History] 记录番号 [ATID-522] 离线任务 (Hash: 36acf60701ed500677e7c162fb806179e78f61de)
[2026-08-12 20:17:14] [INFO] [javdb_scraper.py:196] - ✅ [115 Smart Push] 番号 [ATID-522] 推送成功 (首次离线) -> [/有码/明里つむぎ/中字有码/2026-08-12]
[2026-08-12 20:17:14] [INFO] [javdb_scraper.py:196] - 📝 [Push History] 记录番号 [ATVR-020] 离线任务 (Hash: 1edadaff87e3e48763b072e889f1bba2c71118c7)
[2026-08-12 20:17:14] [INFO] [javdb_scraper.py:196] - ✅ [115 Smart Push] 番号 [ATVR-020] 推送成功 (首次离线) -> [/有码/明里つむぎ/中字有码/2026-08-12]
[2026-08-12 20:17:14] [INFO] [javdb_scraper.py:196] - 📝 [Push History] 记录番号 [FNS-207] 离线任务 (Hash: 51b06c4bb2105c62b7e8c0a526d0b75ade4a214a)
[2026-08-12 20:17:14] [INFO] [javdb_scraper.py:196] - ✅ [115 Smart Push] 番号 [FNS-207] 推送成功 (首次离线) -> [/有码/明里つむぎ/中字有码/2026-08-12]
[2026-08-12 20:17:14] [INFO] [javdb_scraper.py:196] - 📝 [Push History] 记录番号 [IPVR-070] 离线任务 (Hash: 962460a639e0463a701fc6cd2d1364e47f860b29)
[2026-08-12 20:17:14] [INFO] [javdb_scraper.py:196] - ✅ [115 Smart Push] 番号 [IPVR-070] 推送成功 (首次离线) -> [/有码/明里つむぎ/中字有码/2026-08-12]
[2026-08-12 20:17:21] [INFO] [javdb_scraper.py:196] - 🚀 [115 Gateway] 提交离线任务到 115 网关 | 保存路径: /有码/明里つむぎ/中字有码/2026-08-12
[2026-08-12 20:17:23] [INFO] [javdb_scraper.py:196] - ✅ [115 Gateway] 网关返回结果: {"code":0,"message":"处理完成。成功: 5 个任务，失败: 0 个任务","data":{"total":5,"success_count":5,"failed_count":0,"failed_details":[],"wp_path":"/有码/明里つむぎ/中字有码/2026-08-12","wp_path_id":"3494031299948054405"}}
[2026-08-12 20:17:23] [INFO] [javdb_scraper.py:196] - 📝 [Push History] 记录番号 [IPX-101] 离线任务 (Hash: d1347c3c2f180eb5fa9ee37faf528c11d8d66d2e)
[2026-08-12 20:17:23] [INFO] [javdb_scraper.py:196] - ✅ [115 Smart Push] 番号 [IPX-101] 推送成功 (首次离线) -> [/有码/明里つむぎ/中字有码/2026-08-12]
[2026-08-12 20:17:23] [INFO] [javdb_scraper.py:196] - 📝 [Push History] 记录番号 [IPX-113] 离线任务 (Hash: d11f612bcf7d5f9e7a017a0b6d3a199627c4b4d6)
[2026-08-12 20:17:23] [INFO] [javdb_scraper.py:196] - ✅ [115 Smart Push] 番号 [IPX-113] 推送成功 (首次离线) -> [/有码/明里つむぎ/中字有码/2026-08-12]
[2026-08-12 20:17:23] [INFO] [javdb_scraper.py:196] - 📝 [Push History] 记录番号 [IPX-142] 离线任务 (Hash: a0d225407fab16fdddd50972933bb7dd5980b93b)
[2026-08-12 20:17:23] [INFO] [javdb_scraper.py:196] - ✅ [115 Smart Push] 番号 [IPX-142] 推送成功 (首次离线) -> [/有码/明里つむぎ/中字有码/2026-08-12]
[2026-08-12 20:17:23] [INFO] [javdb_scraper.py:196] - 📝 [Push History] 记录番号 [IPX-175] 离线任务 (Hash: 69b475896e6c9645bec7286a6374c6e5e00eba3b)
[2026-08-12 20:17:23] [INFO] [javdb_scraper.py:196] - ✅ [115 Smart Push] 番号 [IPX-175] 推送成功 (首次离线) -> [/有码/明里つむぎ/中字有码/2026-08-12]
[2026-08-12 20:17:23] [INFO] [javdb_scraper.py:196] - 📝 [Push History] 记录番号 [IPX-191] 离线任务 (Hash: d08b873120490d7508148ee3bfff0c23e2c40bc4)
[2026-08-12 20:17:23] [INFO] [javdb_scraper.py:196] - ✅ [115 Smart Push] 番号 [IPX-191] 推送成功 (首次离线) -> [/有码/明里つむぎ/中字有码/2026-08-12]
[2026-08-12 20:17:31] [INFO] [javdb_scraper.py:196] - 🚀 [115 Gateway] 提交离线任务到 115 网关 | 保存路径: /有码/明里つむぎ/中字有码/2026-08-12
[2026-08-12 20:17:33] [INFO] [javdb_scraper.py:196] - ✅ [115 Gateway] 网关返回结果: {"code":0,"message":"处理完成。成功: 5 个任务，失败: 0 个任务","data":{"total":5,"success_count":5,"failed_count":0,"failed_details":[],"wp_path":"/有码/明里つむぎ/中字有码/2026-08-12","wp_path_id":"3494031299948054405"}}
[2026-08-12 20:17:33] [INFO] [javdb_scraper.py:196] - 📝 [Push History] 记录番号 [IPX-204] 离线任务 (Hash: b7dde0e262f552191d726969429fbf5adf69f09e)
[2026-08-12 20:17:33] [INFO] [javdb_scraper.py:196] - ✅ [115 Smart Push] 番号 [IPX-204] 推送成功 (首次离线) -> [/有码/明里つむぎ/中字有码/2026-08-12]
[2026-08-12 20:17:33] [INFO] [javdb_scraper.py:196] - 📝 [Push History] 记录番号 [IPX-316] 离线任务 (Hash: 14afcbca35d4486f79978772c03e7d97345b047a)
[2026-08-12 20:17:33] [INFO] [javdb_scraper.py:196] - ✅ [115 Smart Push] 番号 [IPX-316] 推送成功 (首次离线) -> [/有码/明里つむぎ/中字有码/2026-08-12]
[2026-08-12 20:17:33] [INFO] [javdb_scraper.py:196] - 📝 [Push History] 记录番号 [IPX-344] 离线任务 (Hash: 577b048048f6c20c6bfad877caa3883dc07a8dc3)
[2026-08-12 20:17:33] [INFO] [javdb_scraper.py:196] - ✅ [115 Smart Push] 番号 [IPX-344] 推送成功 (首次离线) -> [/有码/明里つむぎ/中字有码/2026-08-12]
[2026-08-12 20:17:33] [INFO] [javdb_scraper.py:196] - 📝 [Push History] 记录番号 [IPX-443] 离线任务 (Hash: 01ea9bd414d90a6e59afc54f11015773a6d94ac6)
[2026-08-12 20:17:33] [INFO] [javdb_scraper.py:196] - ✅ [115 Smart Push] 番号 [IPX-443] 推送成功 (首次离线) -> [/有码/明里つむぎ/中字有码/2026-08-12]
[2026-08-12 20:17:33] [INFO] [javdb_scraper.py:196] - 📝 [Push History] 记录番号 [IPX-530] 离线任务 (Hash: 1cfcd288e4c67f2c136dc88eedf7b9a3be140edb)
[2026-08-12 20:17:33] [INFO] [javdb_scraper.py:196] - ✅ [115 Smart Push] 番号 [IPX-530] 推送成功 (首次离线) -> [/有码/明里つむぎ/中字有码/2026-08-12]
[2026-08-12 20:17:40] [INFO] [javdb_scraper.py:196] - 🚀 [115 Gateway] 提交离线任务到 115 网关 | 保存路径: /有码/明里つむぎ/中字有码/2026-08-12
[2026-08-12 20:17:43] [INFO] [javdb_scraper.py:196] - ✅ [115 Gateway] 网关返回结果: {"code":0,"message":"处理完成。成功: 5 个任务，失败: 0 个任务","data":{"total":5,"success_count":5,"failed_count":0,"failed_details":[],"wp_path":"/有码/明里つむぎ/中字有码/2026-08-12","wp_path_id":"3494031299948054405"}}
[2026-08-12 20:17:43] [INFO] [javdb_scraper.py:196] - 📝 [Push History] 记录番号 [IPX-555] 离线任务 (Hash: fac27042f6e595ba7b4bcacb1e049b8c060117bb)
[2026-08-12 20:17:43] [INFO] [javdb_scraper.py:196] - ✅ [115 Smart Push] 番号 [IPX-555] 推送成功 (首次离线) -> [/有码/明里つむぎ/中字有码/2026-08-12]
[2026-08-12 20:17:43] [INFO] [javdb_scraper.py:196] - 📝 [Push History] 记录番号 [IPX-602] 离线任务 (Hash: b06eb67884d9b05e8d117ca2648162e92a56b6f8)
[2026-08-12 20:17:43] [INFO] [javdb_scraper.py:196] - ✅ [115 Smart Push] 番号 [IPX-602] 推送成功 (首次离线) -> [/有码/明里つむぎ/中字有码/2026-08-12]
[2026-08-12 20:17:43] [INFO] [javdb_scraper.py:196] - 📝 [Push History] 记录番号 [IPX-633] 离线任务 (Hash: f2a7e448ea518fa8dbe125c21a36fb4b6d7a1d39)
[2026-08-12 20:17:43] [INFO] [javdb_scraper.py:196] - ✅ [115 Smart Push] 番号 [IPX-633] 推送成功 (首次离线) -> [/有码/明里つむぎ/中字有码/2026-08-12]
[2026-08-12 20:17:43] [INFO] [javdb_scraper.py:196] - 📝 [Push History] 记录番号 [IPX-764] 离线任务 (Hash: be32437107e6cc9eb74378748f83b07ef107d05b)
[2026-08-12 20:17:43] [INFO] [javdb_scraper.py:196] - ✅ [115 Smart Push] 番号 [IPX-764] 推送成功 (首次离线) -> [/有码/明里つむぎ/中字有码/2026-08-12]
[2026-08-12 20:17:43] [INFO] [javdb_scraper.py:196] - 📝 [Push History] 记录番号 [IPX-904] 离线任务 (Hash: 1ffc2eaa5e96ea84b7b4150dbe1bba2f9fa75123)
[2026-08-12 20:17:43] [INFO] [javdb_scraper.py:196] - ✅ [115 Smart Push] 番号 [IPX-904] 推送成功 (首次离线) -> [/有码/明里つむぎ/中字有码/2026-08-12]
[2026-08-12 20:17:50] [INFO] [javdb_scraper.py:196] - 🚀 [115 Gateway] 提交离线任务到 115 网关 | 保存路径: /有码/明里つむぎ/中字有码/2026-08-12
[2026-08-12 20:17:52] [INFO] [javdb_scraper.py:196] - ✅ [115 Gateway] 网关返回结果: {"code":0,"message":"处理完成。成功: 5 个任务，失败: 0 个任务","data":{"total":5,"success_count":5,"failed_count":0,"failed_details":[],"wp_path":"/有码/明里つむぎ/中字有码/2026-08-12","wp_path_id":"3494031299948054405"}}
[2026-08-12 20:17:52] [INFO] [javdb_scraper.py:196] - 📝 [Push History] 记录番号 [IPX-991] 离线任务 (Hash: 12a69a740385095d26959a9f659f75e053e77d34)
[2026-08-12 20:17:52] [INFO] [javdb_scraper.py:196] - ✅ [115 Smart Push] 番号 [IPX-991] 推送成功 (首次离线) -> [/有码/明里つむぎ/中字有码/2026-08-12]
[2026-08-12 20:17:52] [INFO] [javdb_scraper.py:196] - 📝 [Push History] 记录番号 [IPZ-967] 离线任务 (Hash: be7045672db821c1f4c676c3933658d0925b4604)
[2026-08-12 20:17:52] [INFO] [javdb_scraper.py:196] - ✅ [115 Smart Push] 番号 [IPZ-967] 推送成功 (首次离线) -> [/有码/明里つむぎ/中字有码/2026-08-12]
[2026-08-12 20:17:52] [INFO] [javdb_scraper.py:196] - 📝 [Push History] 记录番号 [RBD-917] 离线任务 (Hash: c2a0aa41132733bf1039d0e979a74fb94c7f223e)
[2026-08-12 20:17:52] [INFO] [javdb_scraper.py:196] - ✅ [115 Smart Push] 番号 [RBD-917] 推送成功 (首次离线) -> [/有码/明里つむぎ/中字有码/2026-08-12]
[2026-08-12 20:17:52] [INFO] [javdb_scraper.py:196] - 📝 [Push History] 记录番号 [RBD-931] 离线任务 (Hash: 8fc216d832eb6031c64a4386d887f5941db70a18)
[2026-08-12 20:17:52] [INFO] [javdb_scraper.py:196] - ✅ [115 Smart Push] 番号 [RBD-931] 推送成功 (首次离线) -> [/有码/明里つむぎ/中字有码/2026-08-12]
[2026-08-12 20:17:52] [INFO] [javdb_scraper.py:196] - 📝 [Push History] 记录番号 [RBD-960] 离线任务 (Hash: 553adbe7d74ec1d74a6e42903b6292ce264f15da)
[2026-08-12 20:17:52] [INFO] [javdb_scraper.py:196] - ✅ [115 Smart Push] 番号 [RBD-960] 推送成功 (首次离线) -> [/有码/明里つむぎ/中字有码/2026-08-12]
[2026-08-12 20:17:58] [INFO] [javdb_scraper.py:196] - 🚀 [115 Gateway] 提交离线任务到 115 网关 | 保存路径: /有码/明里つむぎ/中字有码/2026-08-12
[2026-08-12 20:18:00] [INFO] [javdb_scraper.py:196] - ✅ [115 Gateway] 网关返回结果: {"code":0,"message":"处理完成。成功: 5 个任务，失败: 0 个任务","data":{"total":5,"success_count":5,"failed_count":0,"failed_details":[],"wp_path":"/有码/明里つむぎ/中字有码/2026-08-12","wp_path_id":"3494031299948054405"}}
[2026-08-12 20:18:00] [INFO] [javdb_scraper.py:196] - 📝 [Push History] 记录番号 [SAME-008] 离线任务 (Hash: 87e9788ced5285852b4ea1191e03a464e2a0d805)
[2026-08-12 20:18:00] [INFO] [javdb_scraper.py:196] - ✅ [115 Smart Push] 番号 [SAME-008] 推送成功 (首次离线) -> [/有码/明里つむぎ/中字有码/2026-08-12]
[2026-08-12 20:18:00] [INFO] [javdb_scraper.py:196] - 📝 [Push History] 记录番号 [SAME-016] 离线任务 (Hash: 1b8e0bbe5b7244503703444e2c7b77eee9932100)
[2026-08-12 20:18:00] [INFO] [javdb_scraper.py:196] - ✅ [115 Smart Push] 番号 [SAME-016] 推送成功 (首次离线) -> [/有码/明里つむぎ/中字有码/2026-08-12]
[2026-08-12 20:18:00] [INFO] [javdb_scraper.py:196] - 📝 [Push History] 记录番号 [SAME-020] 离线任务 (Hash: 75e651951f74422f72c1b4d0b3b783406773c7ba)
[2026-08-12 20:18:00] [INFO] [javdb_scraper.py:196] - ✅ [115 Smart Push] 番号 [SAME-020] 推送成功 (首次离线) -> [/有码/明里つむぎ/中字有码/2026-08-12]
[2026-08-12 20:18:00] [INFO] [javdb_scraper.py:196] - 📝 [Push History] 记录番号 [SHKD-821] 离线任务 (Hash: 6c5e4c58bfa99d2adee25f24ea164a250f079a9f)
[2026-08-12 20:18:00] [INFO] [javdb_scraper.py:196] - ✅ [115 Smart Push] 番号 [SHKD-821] 推送成功 (首次离线) -> [/有码/明里つむぎ/中字有码/2026-08-12]
[2026-08-12 20:18:00] [INFO] [javdb_scraper.py:196] - 📝 [Push History] 记录番号 [SHKD-856] 离线任务 (Hash: dfa233a3e70ac1d7ef3d887505b01706c26f80ef)
[2026-08-12 20:18:00] [INFO] [javdb_scraper.py:196] - ✅ [115 Smart Push] 番号 [SHKD-856] 推送成功 (首次离线) -> [/有码/明里つむぎ/中字有码/2026-08-12]
[2026-08-12 20:18:05] [INFO] [javdb_scraper.py:196] - 🚀 [115 Gateway] 提交离线任务到 115 网关 | 保存路径: /有码/明里つむぎ/中字有码/2026-08-12
[2026-08-12 20:18:07] [INFO] [javdb_scraper.py:196] - ✅ [115 Gateway] 网关返回结果: {"code":0,"message":"处理完成。成功: 5 个任务，失败: 0 个任务","data":{"total":5,"success_count":5,"failed_count":0,"failed_details":[],"wp_path":"/有码/明里つむぎ/中字有码/2026-08-12","wp_path_id":"3494031299948054405"}}
[2026-08-12 20:18:07] [INFO] [javdb_scraper.py:196] - 📝 [Push History] 记录番号 [SHKD-857] 离线任务 (Hash: 4caca48d516714a7a2851ea01faef4877e82d6f5)
[2026-08-12 20:18:07] [INFO] [javdb_scraper.py:196] - ✅ [115 Smart Push] 番号 [SHKD-857] 推送成功 (首次离线) -> [/有码/明里つむぎ/中字有码/2026-08-12]
[2026-08-12 20:18:07] [INFO] [javdb_scraper.py:196] - 📝 [Push History] 记录番号 [SHKD-869] 离线任务 (Hash: 693fdba6aac86dcde5eeb14b0595990d607f66d5)
[2026-08-12 20:18:07] [INFO] [javdb_scraper.py:196] - ✅ [115 Smart Push] 番号 [SHKD-869] 推送成功 (首次离线) -> [/有码/明里つむぎ/中字有码/2026-08-12]
[2026-08-12 20:18:07] [INFO] [javdb_scraper.py:196] - 📝 [Push History] 记录番号 [SHKD-883] 离线任务 (Hash: 642af38678032df283c4b75c38e95db484321293)
[2026-08-12 20:18:07] [INFO] [javdb_scraper.py:196] - ✅ [115 Smart Push] 番号 [SHKD-883] 推送成功 (首次离线) -> [/有码/明里つむぎ/中字有码/2026-08-12]
[2026-08-12 20:18:07] [INFO] [javdb_scraper.py:196] - 📝 [Push History] 记录番号 [SHKD-924] 离线任务 (Hash: 3977b8a5b6e953558f1fe69986d5ee9e0558ebb2)
[2026-08-12 20:18:07] [INFO] [javdb_scraper.py:196] - ✅ [115 Smart Push] 番号 [SHKD-924] 推送成功 (首次离线) -> [/有码/明里つむぎ/中字有码/2026-08-12]
[2026-08-12 20:18:07] [INFO] [javdb_scraper.py:196] - 📝 [Push History] 记录番号 [SHKD-950] 离线任务 (Hash: 77fdb1965b4d95cd3a75d00f97f5cd0333e3746d)
[2026-08-12 20:18:07] [INFO] [javdb_scraper.py:196] - ✅ [115 Smart Push] 番号 [SHKD-950] 推送成功 (首次离线) -> [/有码/明里つむぎ/中字有码/2026-08-12]
[2026-08-12 20:18:13] [INFO] [javdb_scraper.py:196] - 🚀 [115 Gateway] 提交离线任务到 115 网关 | 保存路径: /有码/明里つむぎ/中字有码/2026-08-12
[2026-08-12 20:18:14] [INFO] [javdb_scraper.py:196] - ✅ [115 Gateway] 网关返回结果: {"code":0,"message":"处理完成。成功: 2 个任务，失败: 0 个任务","data":{"total":2,"success_count":2,"failed_count":0,"failed_details":[],"wp_path":"/有码/明里つむぎ/中字有码/2026-08-12","wp_path_id":"3494031299948054405"}}
[2026-08-12 20:18:14] [INFO] [javdb_scraper.py:196] - 📝 [Push History] 记录番号 [SHKD-976] 离线任务 (Hash: c4c076f9004f1532718df2ec154ad84698b9de2a)
[2026-08-12 20:18:14] [INFO] [javdb_scraper.py:196] - ✅ [115 Smart Push] 番号 [SHKD-976] 推送成功 (首次离线) -> [/有码/明里つむぎ/中字有码/2026-08-12]
[2026-08-12 20:18:14] [INFO] [javdb_scraper.py:196] - 📝 [Push History] 记录番号 [SSPD-147] 离线任务 (Hash: 3d7fed6736d62fd2023a082ed502b2e33b8f037d)
[2026-08-12 20:18:14] [INFO] [javdb_scraper.py:196] - ✅ [115 Smart Push] 番号 [SSPD-147] 推送成功 (首次离线) -> [/有码/明里つむぎ/中字有码/2026-08-12]
[2026-08-12 20:18:14] [INFO] [javdb_scraper.py:196] - 🚀 [115 Gateway] 提交离线任务到 115 网关 | 保存路径: /有码/明里つむぎ/普通磁力/2026-08-12
[2026-08-12 20:18:22] [INFO] [javdb_scraper.py:196] - ✅ [115 Gateway] 网关返回结果: {"code":0,"message":"处理完成。成功: 5 个任务，失败: 0 个任务","data":{"total":5,"success_count":5,"failed_count":0,"failed_details":[],"wp_path":"/有码/明里つむぎ/普通磁力/2026-08-12","wp_path_id":"3494032225815496646"}}
[2026-08-12 20:18:22] [INFO] [javdb_scraper.py:196] - 📝 [Push History] 记录番号 [AP-019] 离线任务 (Hash: 0176841581dde0d08f12bb606553972cef0d58db)
[2026-08-12 20:18:22] [INFO] [javdb_scraper.py:196] - ✅ [115 Smart Push] 番号 [AP-019] 推送成功 (首次离线) -> [/有码/明里つむぎ/普通磁力/2026-08-12]
[2026-08-12 20:18:23] [INFO] [javdb_scraper.py:196] - 📝 [Push History] 记录番号 [AP-019b] 离线任务 (Hash: 340fa929673d299224e3cf5785a4eec132568dd9)
[2026-08-12 20:18:23] [INFO] [javdb_scraper.py:196] - ✅ [115 Smart Push] 番号 [AP-019b] 推送成功 (首次离线) -> [/有码/明里つむぎ/普通磁力/2026-08-12]
[2026-08-12 20:18:23] [INFO] [javdb_scraper.py:196] - 📝 [Push History] 记录番号 [ATAD-181] 离线任务 (Hash: dd8990ababd852ba0149ff4daae6e0ee2efcb73f)
[2026-08-12 20:18:23] [INFO] [javdb_scraper.py:196] - ✅ [115 Smart Push] 番号 [ATAD-181] 推送成功 (首次离线) -> [/有码/明里つむぎ/普通磁力/2026-08-12]
[2026-08-12 20:18:23] [INFO] [javdb_scraper.py:196] - 📝 [Push History] 记录番号 [ATKD-278] 离线任务 (Hash: 096f605ca140032c2b9b169a3db3045597a63aa2)
[2026-08-12 20:18:23] [INFO] [javdb_scraper.py:196] - ✅ [115 Smart Push] 番号 [ATKD-278] 推送成功 (首次离线) -> [/有码/明里つむぎ/普通磁力/2026-08-12]
[2026-08-12 20:18:23] [INFO] [javdb_scraper.py:196] - 📝 [Push History] 记录番号 [ATKD-290] 离线任务 (Hash: fdd777c06b74ead5ea83627946edc2ef8ce67145)
[2026-08-12 20:18:23] [INFO] [javdb_scraper.py:196] - ✅ [115 Smart Push] 番号 [ATKD-290] 推送成功 (首次离线) -> [/有码/明里つむぎ/普通磁力/2026-08-12]
[2026-08-12 20:18:29] [INFO] [javdb_scraper.py:196] - 🚀 [115 Gateway] 提交离线任务到 115 网关 | 保存路径: /有码/明里つむぎ/普通磁力/2026-08-12
[2026-08-12 20:18:32] [INFO] [javdb_scraper.py:196] - ✅ [115 Gateway] 网关返回结果: {"code":0,"message":"处理完成。成功: 5 个任务，失败: 0 个任务","data":{"total":5,"success_count":5,"failed_count":0,"failed_details":[],"wp_path":"/有码/明里つむぎ/普通磁力/2026-08-12","wp_path_id":"3494032225815496646"}}
[2026-08-12 20:18:32] [INFO] [javdb_scraper.py:196] - 📝 [Push History] 记录番号 [ATKD-357] 离线任务 (Hash: 26b8d91439409f90e0728245fd13ab9f2c1800a6)
[2026-08-12 20:18:32] [INFO] [javdb_scraper.py:196] - ✅ [115 Smart Push] 番号 [ATKD-357] 推送成功 (首次离线) -> [/有码/明里つむぎ/普通磁力/2026-08-12]
[2026-08-12 20:18:32] [INFO] [javdb_scraper.py:196] - 📝 [Push History] 记录番号 [ATKD-362] 离线任务 (Hash: 734b42814d05cbbb6468fc5ce9487978e8b17391)
[2026-08-12 20:18:32] [INFO] [javdb_scraper.py:196] - ✅ [115 Smart Push] 番号 [ATKD-362] 推送成功 (首次离线) -> [/有码/明里つむぎ/普通磁力/2026-08-12]
[2026-08-12 20:18:32] [INFO] [javdb_scraper.py:196] - 📝 [Push History] 记录番号 [ATVR-010] 离线任务 (Hash: b18e9d517b8dc887e105a4af98153ffc97a197bd)
[2026-08-12 20:18:32] [INFO] [javdb_scraper.py:196] - ✅ [115 Smart Push] 番号 [ATVR-010] 推送成功 (首次离线) -> [/有码/明里つむぎ/普通磁力/2026-08-12]
[2026-08-12 20:18:32] [INFO] [javdb_scraper.py:196] - 📝 [Push History] 记录番号 [ATVR-012] 离线任务 (Hash: 8ed9176a5dffc500eb7b1456e50e9b0cd7381e5f)
[2026-08-12 20:18:32] [INFO] [javdb_scraper.py:196] - ✅ [115 Smart Push] 番号 [ATVR-012] 推送成功 (首次离线) -> [/有码/明里つむぎ/普通磁力/2026-08-12]
[2026-08-12 20:18:32] [INFO] [javdb_scraper.py:196] - 📝 [Push History] 记录番号 [ATVR-022] 离线任务 (Hash: 3f4bf5d51fc4ca741cf8719ee7738f6bde997945)
[2026-08-12 20:18:32] [INFO] [javdb_scraper.py:196] - ✅ [115 Smart Push] 番号 [ATVR-022] 推送成功 (首次离线) -> [/有码/明里つむぎ/普通磁力/2026-08-12]
[2026-08-12 20:18:39] [INFO] [javdb_scraper.py:196] - 🚀 [115 Gateway] 提交离线任务到 115 网关 | 保存路径: /有码/明里つむぎ/普通磁力/2026-08-12
[2026-08-12 20:18:42] [INFO] [javdb_scraper.py:196] - ✅ [115 Gateway] 网关返回结果: {"code":0,"message":"处理完成。成功: 5 个任务，失败: 0 个任务","data":{"total":5,"success_count":5,"failed_count":0,"failed_details":[],"wp_path":"/有码/明里つむぎ/普通磁力/2026-08-12","wp_path_id":"3494032225815496646"}}
[2026-08-12 20:18:42] [INFO] [javdb_scraper.py:196] - 📝 [Push History] 记录番号 [ATVR-025] 离线任务 (Hash: 1ed5c076fae20aaa90e87373abbf067f009e61d9)
[2026-08-12 20:18:42] [INFO] [javdb_scraper.py:196] - ✅ [115 Smart Push] 番号 [ATVR-025] 推送成功 (首次离线) -> [/有码/明里つむぎ/普通磁力/2026-08-12]
[2026-08-12 20:18:42] [INFO] [javdb_scraper.py:196] - 📝 [Push History] 记录番号 [BAGBD-068] 离线任务 (Hash: c34d7fcc04b3d63a290295ccf61809b07a5ebd52)
[2026-08-12 20:18:42] [INFO] [javdb_scraper.py:196] - ✅ [115 Smart Push] 番号 [BAGBD-068] 推送成功 (首次离线) -> [/有码/明里つむぎ/普通磁力/2026-08-12]
[2026-08-12 20:18:42] [INFO] [javdb_scraper.py:196] - 📝 [Push History] 记录番号 [BGSD-388] 离线任务 (Hash: 7174783d9be65fca034a296bfcf5e0ab8b19c24f)
[2026-08-12 20:18:42] [INFO] [javdb_scraper.py:196] - ✅ [115 Smart Push] 番号 [BGSD-388] 推送成功 (首次离线) -> [/有码/明里つむぎ/普通磁力/2026-08-12]
[2026-08-12 20:18:42] [INFO] [javdb_scraper.py:196] - 📝 [Push History] 记录番号 [GTRP-001] 离线任务 (Hash: bccdcdb21fba1ef7affbd71d284db2c4db990f27)
[2026-08-12 20:18:42] [INFO] [javdb_scraper.py:196] - ✅ [115 Smart Push] 番号 [GTRP-001] 推送成功 (首次离线) -> [/有码/明里つむぎ/普通磁力/2026-08-12]
[2026-08-12 20:18:42] [INFO] [javdb_scraper.py:196] - 📝 [Push History] 记录番号 [IDBD-765] 离线任务 (Hash: f3963c34cbc9aab3acb3b8753e999a59c9ae96e1)
[2026-08-12 20:18:42] [INFO] [javdb_scraper.py:196] - ✅ [115 Smart Push] 番号 [IDBD-765] 推送成功 (首次离线) -> [/有码/明里つむぎ/普通磁力/2026-08-12]
[2026-08-12 20:18:48] [INFO] [javdb_scraper.py:196] - 🚀 [115 Gateway] 提交离线任务到 115 网关 | 保存路径: /有码/明里つむぎ/普通磁力/2026-08-12
[2026-08-12 20:18:51] [INFO] [javdb_scraper.py:196] - ✅ [115 Gateway] 网关返回结果: {"code":0,"message":"处理完成。成功: 5 个任务，失败: 0 个任务","data":{"total":5,"success_count":5,"failed_count":0,"failed_details":[],"wp_path":"/有码/明里つむぎ/普通磁力/2026-08-12","wp_path_id":"3494032225815496646"}}
[2026-08-12 20:18:51] [INFO] [javdb_scraper.py:196] - 📝 [Push History] 记录番号 [IDBD-794] 离线任务 (Hash: 6a0d042faf475d54701ab374a71f5eba1fd72526)
[2026-08-12 20:18:51] [INFO] [javdb_scraper.py:196] - ✅ [115 Smart Push] 番号 [IDBD-794] 推送成功 (首次离线) -> [/有码/明里つむぎ/普通磁力/2026-08-12]
[2026-08-12 20:18:51] [INFO] [javdb_scraper.py:196] - 📝 [Push History] 记录番号 [IDBD-809] 离线任务 (Hash: 6bc85978e127dd2c70340266b1b841f926f22f52)
[2026-08-12 20:18:51] [INFO] [javdb_scraper.py:196] - ✅ [115 Smart Push] 番号 [IDBD-809] 推送成功 (首次离线) -> [/有码/明里つむぎ/普通磁力/2026-08-12]
[2026-08-12 20:18:51] [INFO] [javdb_scraper.py:196] - 📝 [Push History] 记录番号 [IDBD-811] 离线任务 (Hash: 0095a5950c76886008202e71388337b410e07db8)
[2026-08-12 20:18:51] [INFO] [javdb_scraper.py:196] - ✅ [115 Smart Push] 番号 [IDBD-811] 推送成功 (首次离线) -> [/有码/明里つむぎ/普通磁力/2026-08-12]
[2026-08-12 20:18:51] [INFO] [javdb_scraper.py:196] - 📝 [Push History] 记录番号 [IDBD-817] 离线任务 (Hash: d37a71cb28661b4c5405caf28616e744de6474ff)
[2026-08-12 20:18:51] [INFO] [javdb_scraper.py:196] - ✅ [115 Smart Push] 番号 [IDBD-817] 推送成功 (首次离线) -> [/有码/明里つむぎ/普通磁力/2026-08-12]
[2026-08-12 20:18:51] [INFO] [javdb_scraper.py:196] - 📝 [Push History] 记录番号 [IDBD-939] 离线任务 (Hash: d92ccdc37e1add825b1525aa35fd3885c632a55c)
[2026-08-12 20:18:51] [INFO] [javdb_scraper.py:196] - ✅ [115 Smart Push] 番号 [IDBD-939] 推送成功 (首次离线) -> [/有码/明里つむぎ/普通磁力/2026-08-12]
[2026-08-12 20:18:57] [INFO] [javdb_scraper.py:196] - 🚀 [115 Gateway] 提交离线任务到 115 网关 | 保存路径: /有码/明里つむぎ/普通磁力/2026-08-12
[2026-08-12 20:19:00] [INFO] [javdb_scraper.py:196] - ✅ [115 Gateway] 网关返回结果: {"code":0,"message":"处理完成。成功: 5 个任务，失败: 0 个任务","data":{"total":5,"success_count":5,"failed_count":0,"failed_details":[],"wp_path":"/有码/明里つむぎ/普通磁力/2026-08-12","wp_path_id":"3494032225815496646"}}
[2026-08-12 20:19:00] [INFO] [javdb_scraper.py:196] - 📝 [Push History] 记录番号 [IPVR-011] 离线任务 (Hash: b03698170b5a29adafe9ba6bc5241fecb4e9dfd5)
[2026-08-12 20:19:00] [INFO] [javdb_scraper.py:196] - ✅ [115 Smart Push] 番号 [IPVR-011] 推送成功 (首次离线) -> [/有码/明里つむぎ/普通磁力/2026-08-12]
[2026-08-12 20:19:00] [INFO] [javdb_scraper.py:196] - 📝 [Push History] 记录番号 [IPVR-061] 离线任务 (Hash: 3c9ac9e01a60acb9fb05a4c75f84ea88f41a9637)
[2026-08-12 20:19:00] [INFO] [javdb_scraper.py:196] - ✅ [115 Smart Push] 番号 [IPVR-061] 推送成功 (首次离线) -> [/有码/明里つむぎ/普通磁力/2026-08-12]
[2026-08-12 20:19:00] [INFO] [javdb_scraper.py:196] - 📝 [Push History] 记录番号 [IPVR-067] 离线任务 (Hash: 13146c1f0371937c67e62be22142a51dda08c78f)
[2026-08-12 20:19:00] [INFO] [javdb_scraper.py:196] - ✅ [115 Smart Push] 番号 [IPVR-067] 推送成功 (首次离线) -> [/有码/明里つむぎ/普通磁力/2026-08-12]
[2026-08-12 20:19:00] [INFO] [javdb_scraper.py:196] - 📝 [Push History] 记录番号 [IPZZ-269] 离线任务 (Hash: c30021aa2a7a3d4be84287a5b0a614664903bd23)
[2026-08-12 20:19:00] [INFO] [javdb_scraper.py:196] - ✅ [115 Smart Push] 番号 [IPZZ-269] 推送成功 (首次离线) -> [/有码/明里つむぎ/普通磁力/2026-08-12]
[2026-08-12 20:19:00] [INFO] [javdb_scraper.py:196] - 📝 [Push History] 记录番号 [REBD-1019] 离线任务 (Hash: 45988ce9ad58051f7f086d74d05aa329d5573f96)
[2026-08-12 20:19:00] [INFO] [javdb_scraper.py:196] - ✅ [115 Smart Push] 番号 [REBD-1019] 推送成功 (首次离线) -> [/有码/明里つむぎ/普通磁力/2026-08-12]
[2026-08-12 20:19:08] [INFO] [javdb_scraper.py:196] - 🚀 [115 Gateway] 提交离线任务到 115 网关 | 保存路径: /有码/明里つむぎ/普通磁力/2026-08-12
[2026-08-12 20:19:10] [INFO] [javdb_scraper.py:196] - ✅ [115 Gateway] 网关返回结果: {"code":0,"message":"处理完成。成功: 5 个任务，失败: 0 个任务","data":{"total":5,"success_count":5,"failed_count":0,"failed_details":[],"wp_path":"/有码/明里つむぎ/普通磁力/2026-08-12","wp_path_id":"3494032225815496646"}}
[2026-08-12 20:19:10] [INFO] [javdb_scraper.py:196] - 📝 [Push History] 记录番号 [REBD-423] 离线任务 (Hash: e7a6f67c62e9ad4c49f78146a1355d2295e11eb2)
[2026-08-12 20:19:10] [INFO] [javdb_scraper.py:196] - ✅ [115 Smart Push] 番号 [REBD-423] 推送成功 (首次离线) -> [/有码/明里つむぎ/普通磁力/2026-08-12]
[2026-08-12 20:19:10] [INFO] [javdb_scraper.py:196] - 📝 [Push History] 记录番号 [REBD-497] 离线任务 (Hash: 0c4267f4dba4e5aa4359979aaaa04995c0077c97)
[2026-08-12 20:19:10] [INFO] [javdb_scraper.py:196] - ✅ [115 Smart Push] 番号 [REBD-497] 推送成功 (首次离线) -> [/有码/明里つむぎ/普通磁力/2026-08-12]
[2026-08-12 20:19:10] [INFO] [javdb_scraper.py:196] - 📝 [Push History] 记录番号 [REBD-619] 离线任务 (Hash: bb84c0b4d51aaf50d5c2e13cc7c86f618a1c7dbd)
[2026-08-12 20:19:10] [INFO] [javdb_scraper.py:196] - ✅ [115 Smart Push] 番号 [REBD-619] 推送成功 (首次离线) -> [/有码/明里つむぎ/普通磁力/2026-08-12]
[2026-08-12 20:19:10] [INFO] [javdb_scraper.py:196] - 📝 [Push History] 记录番号 [REBD-756] 离线任务 (Hash: 6725a182313dac86a18ad346a3af283a74a7c497)
[2026-08-12 20:19:10] [INFO] [javdb_scraper.py:196] - ✅ [115 Smart Push] 番号 [REBD-756] 推送成功 (首次离线) -> [/有码/明里つむぎ/普通磁力/2026-08-12]
[2026-08-12 20:19:10] [INFO] [javdb_scraper.py:196] - 📝 [Push History] 记录番号 [REBD-814] 离线任务 (Hash: d37e53651a72aa035cd3b763ac5d1a2ddb610ea9)
[2026-08-12 20:19:10] [INFO] [javdb_scraper.py:196] - ✅ [115 Smart Push] 番号 [REBD-814] 推送成功 (首次离线) -> [/有码/明里つむぎ/普通磁力/2026-08-12]
[2026-08-12 20:19:18] [INFO] [javdb_scraper.py:196] - 🚀 [115 Gateway] 提交离线任务到 115 网关 | 保存路径: /有码/明里つむぎ/普通磁力/2026-08-12
[2026-08-12 20:19:20] [INFO] [javdb_scraper.py:196] - ✅ [115 Gateway] 网关返回结果: {"code":0,"message":"处理完成。成功: 5 个任务，失败: 0 个任务","data":{"total":5,"success_count":5,"failed_count":0,"failed_details":[],"wp_path":"/有码/明里つむぎ/普通磁力/2026-08-12","wp_path_id":"3494032225815496646"}}
[2026-08-12 20:19:20] [INFO] [javdb_scraper.py:196] - 📝 [Push History] 记录番号 [REBD-929] 离线任务 (Hash: b70d66c0d3e61dd505f94623d287a9483c0b6f00)
[2026-08-12 20:19:20] [INFO] [javdb_scraper.py:196] - ✅ [115 Smart Push] 番号 [REBD-929] 推送成功 (首次离线) -> [/有码/明里つむぎ/普通磁力/2026-08-12]
[2026-08-12 20:19:21] [INFO] [javdb_scraper.py:196] - 📝 [Push History] 记录番号 [REBDB-1004] 离线任务 (Hash: 61e6977007e26ccf1f754a7b3a8d4cf764a6b4d0)
[2026-08-12 20:19:21] [INFO] [javdb_scraper.py:196] - ✅ [115 Smart Push] 番号 [REBDB-1004] 推送成功 (首次离线) -> [/有码/明里つむぎ/普通磁力/2026-08-12]
[2026-08-12 20:19:21] [INFO] [javdb_scraper.py:196] - 📝 [Push History] 记录番号 [REBDB-483] 离线任务 (Hash: 9fda0a3832d0459c5faf4012c38ce39834827378)
[2026-08-12 20:19:21] [INFO] [javdb_scraper.py:196] - ✅ [115 Smart Push] 番号 [REBDB-483] 推送成功 (首次离线) -> [/有码/明里つむぎ/普通磁力/2026-08-12]
[2026-08-12 20:19:21] [INFO] [javdb_scraper.py:196] - 📝 [Push History] 记录番号 [REBDB-605] 离线任务 (Hash: 8edbd81aa00307ec15704adcbd345d083cb10163)
[2026-08-12 20:19:21] [INFO] [javdb_scraper.py:196] - ✅ [115 Smart Push] 番号 [REBDB-605] 推送成功 (首次离线) -> [/有码/明里つむぎ/普通磁力/2026-08-12]
[2026-08-12 20:19:21] [INFO] [javdb_scraper.py:196] - 📝 [Push History] 记录番号 [REBDB-799] 离线任务 (Hash: cca5ae07efff17faf3d81fdc3756c6de012c7966)
[2026-08-12 20:19:21] [INFO] [javdb_scraper.py:196] - ✅ [115 Smart Push] 番号 [REBDB-799] 推送成功 (首次离线) -> [/有码/明里つむぎ/普通磁力/2026-08-12]
[2026-08-12 20:19:25] [INFO] [javdb_scraper.py:196] - 🚀 [115 Gateway] 提交离线任务到 115 网关 | 保存路径: /有码/明里つむぎ/普通磁力/2026-08-12
[2026-08-12 20:19:26] [INFO] [javdb_scraper.py:196] - ✅ [115 Gateway] 网关返回结果: {"code":0,"message":"处理完成。成功: 1 个任务，失败: 0 个任务","data":{"total":1,"success_count":1,"failed_count":0,"failed_details":[],"wp_path":"/有码/明里つむぎ/普通磁力/2026-08-12","wp_path_id":"3494032225815496646"}}
[2026-08-12 20:19:26] [INFO] [javdb_scraper.py:196] - 📝 [Push History] 记录番号 [REBDB-914] 离线任务 (Hash: 0b0f367fabaa59b532c64551bae451da8fc75705)
[2026-08-12 20:19:26] [INFO] [javdb_scraper.py:196] - ✅ [115 Smart Push] 番号 [REBDB-914] 推送成功 (首次离线) -> [/有码/明里つむぎ/普通磁力/2026-08-12]
[2026-08-12 20:19:26] [INFO] [javdb_scraper.py:196] - 🚀 [115 Gateway] 提交离线任务到 115 网关 | 保存路径: /有码/二宮ひかり/普通磁力/2026-08-12
[2026-08-12 20:19:34] [INFO] [javdb_scraper.py:196] - ✅ [115 Gateway] 网关返回结果: {"code":0,"message":"处理完成。成功: 1 个任务，失败: 0 个任务","data":{"total":1,"success_count":1,"failed_count":0,"failed_details":[],"wp_path":"/有码/二宮ひかり/普通磁力/2026-08-12","wp_path_id":"3494032839349896671"}}
[2026-08-12 20:19:34] [INFO] [javdb_scraper.py:196] - 📝 [Push History] 记录番号 [ATAD-147] 离线任务 (Hash: 9cc260a1080d2d106499fb328524c24f7d3495fb)
[2026-08-12 20:19:34] [INFO] [javdb_scraper.py:196] - ✅ [115 Smart Push] 番号 [ATAD-147] 推送成功 (首次离线) -> [/有码/二宮ひかり/普通磁力/2026-08-12]
[2026-08-12 20:19:34] [INFO] [javdb_scraper.py:196] - 🚀 [115 Gateway] 提交离线任务到 115 网关 | 保存路径: /有码/夏目彩春/普通磁力/2026-08-12
[2026-08-12 20:19:41] [INFO] [javdb_scraper.py:196] - ✅ [115 Gateway] 网关返回结果: {"code":0,"message":"处理完成。成功: 1 个任务，失败: 0 个任务","data":{"total":1,"success_count":1,"failed_count":0,"failed_details":[],"wp_path":"/有码/夏目彩春/普通磁力/2026-08-12","wp_path_id":"3494032905804448923"}}
[2026-08-12 20:19:41] [INFO] [javdb_scraper.py:196] - 📝 [Push History] 记录番号 [ATKD-289] 离线任务 (Hash: 9cead2ca10012436dbe73b5a17d803f7f9e3129d)
[2026-08-12 20:19:41] [INFO] [javdb_scraper.py:196] - ✅ [115 Smart Push] 番号 [ATKD-289] 推送成功 (首次离线) -> [/有码/夏目彩春/普通磁力/2026-08-12]
[2026-08-12 20:19:41] [INFO] [javdb_scraper.py:196] - 🚀 [115 Gateway] 提交离线任务到 115 网关 | 保存路径: /有码/遥あやね/普通磁力/2026-08-12
[2026-08-12 20:20:24] [INFO] [server.py:316] - 🔑 user.db 数据库安全结构校验完成
[2026-08-12 20:20:24] [INFO] [server.py:319] - ⏰ APScheduler 定时任务引擎已启动
[2026-08-12 20:20:24] [INFO] [server.py:332] - 🔄 [Lifespan] 自动成功恢复了 2 个持久化 Cron 定时任务！
[2026-08-12 20:20:24] [INFO] [server.py:335] - 📥 异步任务队列 Consumer 已就绪
[2026-08-12 20:20:29] [INFO] [javdb_scraper.py:1642] - 📊 [115 Quota] 离线配额 -> 总量: 1500, 已用: 337, 剩余可用: 1163
[2026-08-12 20:26:13] [INFO] [javdb_scraper.py:1642] - 📊 [115 Quota] 离线配额 -> 总量: 1500, 已用: 337, 剩余可用: 1163
[2026-08-12 20:30:10] [INFO] [server.py:316] - 🔑 user.db 数据库安全结构校验完成
[2026-08-12 20:30:10] [INFO] [server.py:319] - ⏰ APScheduler 定时任务引擎已启动
[2026-08-12 20:30:10] [INFO] [server.py:332] - 🔄 [Lifespan] 自动成功恢复了 2 个持久化 Cron 定时任务！
[2026-08-12 20:30:10] [INFO] [server.py:335] - 📥 异步任务队列 Consumer 已就绪
[2026-08-12 20:30:41] [INFO] [javdb_scraper.py:1640] - 📊 [115 Quota] 离线配额 -> 总量: 1500, 已用: 337, 剩余可用: 1163
[2026-08-12 20:32:59] [INFO] [server.py:157] - ▶️ [Queue] 开始执行队列任务 [1173a0d2] | 演员 [明裏紬] - 智能增量更新
[2026-08-12 20:32:59] [INFO] [javdb_scraper.py:196] - 📄 [Scrape] 正在抓取索引页 [1]: https://javdb.com/actors/M4Q7
[2026-08-12 20:33:02] [INFO] [javdb_scraper.py:743] - 📥 [DB] 索引记录批量存库成功 (40 条)
[2026-08-12 20:33:02] [INFO] [javdb_scraper.py:196] - 📥 [DB] 索引记录批量存库成功 (40 条)
[2026-08-12 20:33:02] [INFO] [javdb_scraper.py:196] - 🛑 [Smart Incremental] 检测到本页有 33 部影片在 演员 [M4Q7] 的历史记录中已存在且详情完整，智能判定已接轨历史，终止后续翻页！
[2026-08-12 20:33:02] [INFO] [javdb_scraper.py:196] - 🚀 [Scrape] 筛选出 23 部待更新/追踪巡检影片
[2026-08-12 20:33:02] [INFO] [javdb_scraper.py:196] - 🔎 [1/23] 抓取详情: ATKD-409 (https://javdb.com/v/3nE8g9)
[2026-08-12 20:33:04] [INFO] [javdb_scraper.py:196] - 🔍 [DB] 番号 [ATKD-409] 详情已存库 (网页暂无可用磁力，已开启 30 天新片追查模式)
[2026-08-12 20:33:04] [INFO] [javdb_scraper.py:196] - 🔎 [2/23] 抓取详情: ATKD-411 (https://javdb.com/v/829Vw9)
[2026-08-12 20:33:06] [INFO] [javdb_scraper.py:196] - 🔍 [DB] 番号 [ATKD-411] 详情已存库 (网页暂无可用磁力，已开启 30 天新片追查模式)
[2026-08-12 20:33:06] [INFO] [javdb_scraper.py:196] - 🔎 [3/23] 抓取详情: ATKD-422 (https://javdb.com/v/z4b9pb)
[2026-08-12 20:33:09] [INFO] [javdb_scraper.py:196] - 🔍 [DB] 番号 [ATKD-422] 详情已存库 (网页暂无可用磁力，已开启 30 天新片追查模式)
[2026-08-12 20:33:09] [INFO] [javdb_scraper.py:196] - 🔎 [4/23] 抓取详情: ATKD-429 (https://javdb.com/v/Yw3y2x)
[2026-08-12 20:33:11] [INFO] [javdb_scraper.py:196] - 🔍 [DB] 番号 [ATKD-429] 详情已存库 (网页暂无可用磁力，已开启 30 天新片追查模式)
[2026-08-12 20:33:11] [INFO] [javdb_scraper.py:196] - 🔎 [5/23] 抓取详情: ATKD-434 (https://javdb.com/v/Rk6x5K)
[2026-08-12 20:33:14] [INFO] [javdb_scraper.py:196] - 🔍 [DB] 番号 [ATKD-434] 详情已存库 (网页暂无可用磁力，已开启 30 天新片追查模式)
[2026-08-12 20:33:14] [INFO] [javdb_scraper.py:196] - 🔎 [6/23] 抓取详情: ATKD-435 (https://javdb.com/v/deq4n8)
[2026-08-12 20:33:17] [INFO] [javdb_scraper.py:196] - 🔍 [DB] 番号 [ATKD-435] 详情已存库 (网页暂无可用磁力，已开启 30 天新片追查模式)
[2026-08-12 20:33:17] [INFO] [javdb_scraper.py:196] - 🔎 [7/23] 抓取详情: FNS-227 (https://javdb.com/v/P9m6nr)
[2026-08-12 20:33:19] [INFO] [javdb_scraper.py:196] - 💾 [DB] 番号 [FNS-227] 详情与磁力存库成功 (已获取 12 条磁力 | 无码中字: ❌)
[2026-08-12 20:33:19] [INFO] [javdb_scraper.py:196] - 🔎 [8/23] 抓取详情: IDBD-973 (https://javdb.com/v/Xe4nQ5)
[2026-08-12 20:33:23] [INFO] [javdb_scraper.py:196] - 🔍 [DB] 番号 [IDBD-973] 详情已存库 (网页暂无可用磁力，已开启 30 天新片追查模式)
[2026-08-12 20:33:23] [INFO] [javdb_scraper.py:196] - 🔎 [9/23] 抓取详情: IDBD-983 (https://javdb.com/v/2m2wOm)
[2026-08-12 20:33:25] [INFO] [javdb_scraper.py:196] - 🔍 [DB] 番号 [IDBD-983] 详情已存库 (网页暂无可用磁力，已开启 30 天新片追查模式)
[2026-08-12 20:33:25] [INFO] [javdb_scraper.py:196] - 🔎 [10/23] 抓取详情: IPOK-008 (https://javdb.com/v/4DxEWv)
[2026-08-12 20:33:27] [INFO] [javdb_scraper.py:196] - 🔍 [DB] 番号 [IPOK-008] 详情已存库 (网页暂无可用磁力，已开启 30 天新片追查模式)
[2026-08-12 20:33:27] [INFO] [javdb_scraper.py:196] - 🔎 [11/23] 抓取详情: IPOK-011 (https://javdb.com/v/V4VkKn)
[2026-08-12 20:33:30] [INFO] [javdb_scraper.py:196] - 🔍 [DB] 番号 [IPOK-011] 详情已存库 (网页暂无可用磁力，已开启 30 天新片追查模式)
[2026-08-12 20:33:30] [INFO] [javdb_scraper.py:196] - 🔎 [12/23] 抓取详情: IPOK-016 (https://javdb.com/v/7yY7GJ)
[2026-08-12 20:33:33] [INFO] [javdb_scraper.py:196] - 🔍 [DB] 番号 [IPOK-016] 详情已存库 (网页暂无可用磁力，已开启 30 天新片追查模式)
[2026-08-12 20:33:33] [INFO] [javdb_scraper.py:196] - 🔎 [13/23] 抓取详情: IPOK-020 (https://javdb.com/v/mObMVv)
[2026-08-12 20:33:36] [INFO] [javdb_scraper.py:196] - 🔍 [DB] 番号 [IPOK-020] 详情已存库 (网页暂无可用磁力，已开启 30 天新片追查模式)
[2026-08-12 20:33:36] [INFO] [javdb_scraper.py:196] - 🔎 [14/23] 抓取详情: IPOK-024 (https://javdb.com/v/pkzAwb)
[2026-08-12 20:33:38] [INFO] [javdb_scraper.py:196] - 🔍 [DB] 番号 [IPOK-024] 详情已存库 (网页暂无可用磁力，已开启 30 天新片追查模式)
[2026-08-12 20:33:38] [INFO] [javdb_scraper.py:196] - 🔎 [15/23] 抓取详情: IPOK-034 (https://javdb.com/v/pk7Z99)
[2026-08-12 20:33:41] [INFO] [javdb_scraper.py:196] - 🔍 [DB] 番号 [IPOK-034] 详情已存库 (网页暂无可用磁力，已开启 30 天新片追查模式)
[2026-08-12 20:33:41] [INFO] [javdb_scraper.py:196] - 🔎 [16/23] 抓取详情: IPVR-342 (https://javdb.com/v/e8Ekap)
[2026-08-12 20:33:44] [INFO] [javdb_scraper.py:196] - 🔍 [DB] 番号 [IPVR-342] 详情已存库 (网页暂无可用磁力，已开启 30 天新片追查模式)
[2026-08-12 20:33:44] [INFO] [javdb_scraper.py:196] - 🔎 [17/23] 抓取详情: JUMS-146 (https://javdb.com/v/xA4MdB)
[2026-08-12 20:33:47] [INFO] [javdb_scraper.py:196] - 🔍 [DB] 番号 [JUMS-146] 详情已存库 (网页暂无可用磁力，已开启 30 天新片追查模式)
[2026-08-12 20:33:47] [INFO] [javdb_scraper.py:196] - 🔎 [18/23] 抓取详情: JUMS-153 (https://javdb.com/v/6dRep9)
[2026-08-12 20:33:49] [INFO] [javdb_scraper.py:196] - 🔍 [DB] 番号 [JUMS-153] 详情已存库 (网页暂无可用磁力，已开启 30 天新片追查模式)
[2026-08-12 20:33:49] [INFO] [javdb_scraper.py:196] - 🔎 [19/23] 抓取详情: OVVR-560 (https://javdb.com/v/yxd6BA)
[2026-08-12 20:33:52] [INFO] [javdb_scraper.py:196] - 🔍 [DB] 番号 [OVVR-560] 详情已存库 (网页暂无可用磁力，已开启 30 天新片追查模式)
[2026-08-12 20:33:52] [INFO] [javdb_scraper.py:196] - 🔎 [20/23] 抓取详情: PBD-515 (https://javdb.com/v/Aqng9K)
[2026-08-12 20:33:55] [INFO] [javdb_scraper.py:196] - 🔍 [DB] 番号 [PBD-515] 详情已存库 (网页暂无可用磁力，已开启 30 天新片追查模式)
[2026-08-12 20:33:55] [INFO] [javdb_scraper.py:196] - 🔎 [21/23] 抓取详情: PBD-521 (https://javdb.com/v/qAqww3)
[2026-08-12 20:33:57] [INFO] [javdb_scraper.py:196] - 💾 [DB] 番号 [PBD-521] 详情与磁力存库成功 (已获取 6 条磁力 | 无码中字: ❌)
[2026-08-12 20:33:57] [INFO] [javdb_scraper.py:196] - 🔎 [22/23] 抓取详情: PBD-522 (https://javdb.com/v/e8D00x)
[2026-08-12 20:33:59] [INFO] [javdb_scraper.py:196] - 🔍 [DB] 番号 [PBD-522] 详情已存库 (网页暂无可用磁力，已开启 30 天新片追查模式)
[2026-08-12 20:33:59] [INFO] [javdb_scraper.py:196] - 🔎 [23/23] 抓取详情: PBD-524 (https://javdb.com/v/EbOOPA)
[2026-08-12 20:34:02] [INFO] [javdb_scraper.py:196] - 🔍 [DB] 番号 [PBD-524] 详情已存库 (网页暂无可用磁力，已开启 30 天新片追查模式)
[2026-08-12 20:37:23] [INFO] [javdb_scraper.py:1640] - 📊 [115 Quota] 离线配额 -> 总量: 1500, 已用: 337, 剩余可用: 1163
[2026-08-12 20:42:52] [INFO] [javdb_scraper.py:1640] - 📊 [115 Quota] 离线配额 -> 总量: 1500, 已用: 337, 剩余可用: 1163
[2026-08-12 20:57:05] [INFO] [javdb_scraper.py:1640] - 📊 [115 Quota] 离线配额 -> 总量: 1500, 已用: 337, 剩余可用: 1163
[2026-08-12 21:04:45] [INFO] [javdb_scraper.py:1640] - 📊 [115 Quota] 离线配额 -> 总量: 1500, 已用: 337, 剩余可用: 1163
[2026-08-12 21:05:00] [INFO] [javdb_scraper.py:402] - 📋 [User] 正在拉取用户清单目录 (类型: mine)...
[2026-08-12 21:05:17] [WARNING] [javdb_scraper.py:312] - ⚠️ 网络请求异常 (第 1/3 次): HTTPSConnectionPool(host='javdb.com', port=443): Max retries exceeded with url: /users/lists (Caused by SSLError(SSLEOFError(8, '[SSL: UNEXPECTED_EOF_WHILE_READING] EOF occurred in violation of protocol (_ssl.c:1082)')))
[2026-08-12 21:05:34] [INFO] [javdb_scraper.py:463] - ✅ [User] 成功拉取到 3 个 [mine] 清单
[2026-08-12 21:06:15] [INFO] [server.py:316] - 🔑 user.db 数据库安全结构校验完成
[2026-08-12 21:06:15] [INFO] [server.py:319] - ⏰ APScheduler 定时任务引擎已启动
[2026-08-12 21:06:15] [INFO] [server.py:332] - 🔄 [Lifespan] 自动成功恢复了 2 个持久化 Cron 定时任务！
[2026-08-12 21:06:15] [INFO] [server.py:335] - 📥 异步任务队列 Consumer 已就绪
[2026-08-12 21:09:52] [INFO] [javdb_scraper.py:1640] - 📊 [115 Quota] 离线配额 -> 总量: 1500, 已用: 337, 剩余可用: 1163
[2026-08-12 21:16:23] [INFO] [javdb_scraper.py:1640] - 📊 [115 Quota] 离线配额 -> 总量: 1500, 已用: 337, 剩余可用: 1163
[2026-08-12 21:21:35] [INFO] [javdb_scraper.py:1640] - 📊 [115 Quota] 离线配额 -> 总量: 1500, 已用: 337, 剩余可用: 1163
[2026-08-12 21:23:22] [INFO] [javdb_scraper.py:366] - 🔍 [User] 正在请求个人中心校验 Cookie 权限...
[2026-08-12 21:23:27] [INFO] [javdb_scraper.py:366] - 🔍 [User] 正在请求个人中心校验 Cookie 权限...
[2026-08-12 21:23:36] [INFO] [javdb_scraper.py:379] - 🎭 [User] 正在拉取用户订阅演员...
[2026-08-12 21:23:39] [INFO] [javdb_scraper.py:397] - ✅ [User] 成功拉取到 3 位已订阅演员
[2026-08-12 21:23:45] [INFO] [javdb_scraper.py:379] - 🎭 [User] 正在拉取用户订阅演员...
[2026-08-12 21:23:48] [INFO] [javdb_scraper.py:397] - ✅ [User] 成功拉取到 3 位已订阅演员
[2026-08-12 21:23:51] [INFO] [server.py:157] - ▶️ [Queue] 开始执行队列任务 [5a8bbf77] | 任务 [5a8bbf77]
[2026-08-12 21:23:51] [INFO] [javdb_scraper.py:907] - 🔍 [Search] 精准搜索番号 [IPZ-914] -> URL: https://javdb.com/search?q=IPZ-914&sb=0
[2026-08-12 21:23:54] [INFO] [javdb_scraper.py:925] - 🔗 [Search] 匹配到番号 [IPZ-914] 目标链接: https://javdb.com/v/8VOQW
[2026-08-12 21:23:57] [INFO] [javdb_scraper.py:366] - 🔍 [User] 正在请求个人中心校验 Cookie 权限...
[2026-08-12 21:23:57] [INFO] [javdb_scraper.py:936] - 📥 [DB] 番号 [IPZ-914] 存库成功
[2026-08-12 21:24:04] [INFO] [javdb_scraper.py:49] - 🔑 [Auth] 正在请求 JavDB 登录页面获取 CSRF Token: https://javdb.com/login
[2026-08-12 21:24:05] [INFO] [javdb_scraper.py:73] - 🧩 [Auth] 识别到图形验证码，正在获取验证码图片...
[2026-08-12 21:24:05] [INFO] [javdb_scraper.py:78] - ✅ [Auth] 验证码图片 Base64 解析成功
[2026-08-12 21:24:05] [INFO] [javdb_scraper.py:90] - 💡 [Auth] 成功创建登录临时会话, Session ID: 954c27ec22a947089bfce0e0e35be10a
[2026-08-12 21:24:37] [INFO] [javdb_scraper.py:106] - 🔄 [Auth] 正在为会话 [954c27ec22a947089bfce0e0e35be10a] 重新获取验证码...
[2026-08-12 21:24:37] [INFO] [javdb_scraper.py:111] - ✅ [Auth] 验证码刷新成功
[2026-08-12 21:24:42] [INFO] [javdb_scraper.py:135] - 🚀 [Auth] 正在提交登录表单 (账号: ghsyxll@outlook.com)...
[2026-08-12 21:24:43] [INFO] [javdb_scraper.py:156] - 🎉 [Auth] JavDB 模拟直登成功！Cookie 凭证提取完毕
[2026-08-12 21:24:43] [INFO] [server.py:652] - 🔑 模拟登录成功，新 Cookie 已更新写入 config.ini！
[2026-08-12 21:24:46] [INFO] [javdb_scraper.py:366] - 🔍 [User] 正在请求个人中心校验 Cookie 权限...
[2026-08-12 21:24:48] [INFO] [javdb_scraper.py:374] - ✅ [User] Cookie 验证有效！
[2026-08-12 21:27:45] [INFO] [javdb_scraper.py:1640] - 📊 [115 Quota] 离线配额 -> 总量: 1500, 已用: 337, 剩余可用: 1163
[2026-08-12 21:28:44] [INFO] [javdb_scraper.py:196] - 🔄 [115 Sync] 正在单次请求拉取 115 网关全量离线任务 (不带 URL Query)...
[2026-08-12 21:29:00] [INFO] [javdb_scraper.py:196] - 📊 [115 Sync] 成功获取到 115 网关 329 条远端全量离线任务
[2026-08-12 21:29:00] [INFO] [javdb_scraper.py:196] - 🔄 [115 Sync] 番号 [SONE-499] 状态对齐: 1 -> -1 (离线失败 ❌)
[2026-08-12 21:29:00] [INFO] [javdb_scraper.py:196] - 🔄 [115 Sync] 番号 [ADN-188] 状态对齐: 0 -> 2 (离线成功 🎉)
[2026-08-12 21:29:00] [INFO] [javdb_scraper.py:196] - 🔄 [115 Sync] 番号 [ADN-210] 状态对齐: 0 -> 2 (离线成功 🎉)
[2026-08-12 21:29:00] [INFO] [javdb_scraper.py:196] - 🔄 [115 Sync] 番号 [ADN-243] 状态对齐: 0 -> 2 (离线成功 🎉)
[2026-08-12 21:29:00] [INFO] [javdb_scraper.py:196] - 🔄 [115 Sync] 番号 [ADN-251] 状态对齐: 0 -> 2 (离线成功 🎉)
[2026-08-12 21:29:00] [INFO] [javdb_scraper.py:196] - 🔄 [115 Sync] 番号 [ADN-256] 状态对齐: 0 -> 2 (离线成功 🎉)
[2026-08-12 21:29:00] [INFO] [javdb_scraper.py:196] - 🔄 [115 Sync] 番号 [ADN-262] 状态对齐: 0 -> 2 (离线成功 🎉)
[2026-08-12 21:29:00] [INFO] [javdb_scraper.py:196] - 🔄 [115 Sync] 番号 [ADN-267] 状态对齐: 0 -> 2 (离线成功 🎉)
[2026-08-12 21:29:00] [INFO] [javdb_scraper.py:196] - 🔄 [115 Sync] 番号 [ADN-277] 状态对齐: 0 -> 2 (离线成功 🎉)
[2026-08-12 21:29:00] [INFO] [javdb_scraper.py:196] - 🔄 [115 Sync] 番号 [ADN-298] 状态对齐: 0 -> 2 (离线成功 🎉)
[2026-08-12 21:29:00] [INFO] [javdb_scraper.py:196] - 🔄 [115 Sync] 番号 [ADN-302] 状态对齐: 0 -> 2 (离线成功 🎉)
[2026-08-12 21:29:00] [INFO] [javdb_scraper.py:196] - 🔄 [115 Sync] 番号 [ADN-314] 状态对齐: 0 -> 2 (离线成功 🎉)
[2026-08-12 21:29:00] [INFO] [javdb_scraper.py:196] - 🔄 [115 Sync] 番号 [ADN-328] 状态对齐: 0 -> 2 (离线成功 🎉)
[2026-08-12 21:29:00] [INFO] [javdb_scraper.py:196] - 🔄 [115 Sync] 番号 [ADN-341] 状态对齐: 0 -> 2 (离线成功 🎉)
[2026-08-12 21:29:00] [INFO] [javdb_scraper.py:196] - 🔄 [115 Sync] 番号 [ADN-347] 状态对齐: 0 -> 2 (离线成功 🎉)
[2026-08-12 21:29:00] [INFO] [javdb_scraper.py:196] - 🔄 [115 Sync] 番号 [ADN-366] 状态对齐: 0 -> 2 (离线成功 🎉)
[2026-08-12 21:29:00] [INFO] [javdb_scraper.py:196] - 🔄 [115 Sync] 番号 [ADN-381] 状态对齐: 0 -> 2 (离线成功 🎉)
[2026-08-12 21:29:00] [INFO] [javdb_scraper.py:196] - 🔄 [115 Sync] 番号 [ADN-400] 状态对齐: 0 -> 2 (离线成功 🎉)
[2026-08-12 21:29:00] [INFO] [javdb_scraper.py:196] - 🔄 [115 Sync] 番号 [ATID-318] 状态对齐: 0 -> -1 (离线失败 ❌)
[2026-08-12 21:29:00] [INFO] [javdb_scraper.py:196] - 🔄 [115 Sync] 番号 [ATID-368] 状态对齐: 0 -> 2 (离线成功 🎉)
[2026-08-12 21:29:00] [INFO] [javdb_scraper.py:196] - 🔄 [115 Sync] 番号 [ATID-379] 状态对齐: 0 -> 2 (离线成功 🎉)
[2026-08-12 21:29:00] [INFO] [javdb_scraper.py:196] - 🔄 [115 Sync] 番号 [ATID-394] 状态对齐: 0 -> 2 (离线成功 🎉)
[2026-08-12 21:29:00] [INFO] [javdb_scraper.py:196] - 🔄 [115 Sync] 番号 [ATID-421] 状态对齐: 0 -> 2 (离线成功 🎉)
[2026-08-12 21:29:00] [INFO] [javdb_scraper.py:196] - 🔄 [115 Sync] 番号 [ATID-431] 状态对齐: 0 -> 2 (离线成功 🎉)
[2026-08-12 21:29:00] [INFO] [javdb_scraper.py:196] - 🔄 [115 Sync] 番号 [ATID-456] 状态对齐: 0 -> 2 (离线成功 🎉)
[2026-08-12 21:29:00] [INFO] [javdb_scraper.py:196] - 🔄 [115 Sync] 番号 [ATID-489] 状态对齐: 0 -> 2 (离线成功 🎉)
[2026-08-12 21:29:00] [INFO] [javdb_scraper.py:196] - 🔄 [115 Sync] 番号 [ATID-495] 状态对齐: 0 -> 2 (离线成功 🎉)
[2026-08-12 21:29:00] [INFO] [javdb_scraper.py:196] - 🔄 [115 Sync] 番号 [ATID-522] 状态对齐: 0 -> 2 (离线成功 🎉)
[2026-08-12 21:29:00] [INFO] [javdb_scraper.py:196] - 🔄 [115 Sync] 番号 [ATVR-020] 状态对齐: 0 -> 1 (下载中 📥)
[2026-08-12 21:29:00] [INFO] [javdb_scraper.py:196] - 🔄 [115 Sync] 番号 [FNS-207] 状态对齐: 0 -> 2 (离线成功 🎉)
[2026-08-12 21:29:00] [INFO] [javdb_scraper.py:196] - 🔄 [115 Sync] 番号 [IPVR-070] 状态对齐: 0 -> 2 (离线成功 🎉)
[2026-08-12 21:29:00] [INFO] [javdb_scraper.py:196] - 🔄 [115 Sync] 番号 [IPX-101] 状态对齐: 0 -> 2 (离线成功 🎉)
[2026-08-12 21:29:00] [INFO] [javdb_scraper.py:196] - 🔄 [115 Sync] 番号 [IPX-113] 状态对齐: 0 -> 2 (离线成功 🎉)
[2026-08-12 21:29:00] [INFO] [javdb_scraper.py:196] - 🔄 [115 Sync] 番号 [IPX-142] 状态对齐: 0 -> 2 (离线成功 🎉)
[2026-08-12 21:29:00] [INFO] [javdb_scraper.py:196] - 🔄 [115 Sync] 番号 [IPX-175] 状态对齐: 0 -> 2 (离线成功 🎉)
[2026-08-12 21:29:00] [INFO] [javdb_scraper.py:196] - 🔄 [115 Sync] 番号 [IPX-191] 状态对齐: 0 -> 2 (离线成功 🎉)
[2026-08-12 21:29:00] [INFO] [javdb_scraper.py:196] - 🔄 [115 Sync] 番号 [IPX-204] 状态对齐: 0 -> 2 (离线成功 🎉)
[2026-08-12 21:29:00] [INFO] [javdb_scraper.py:196] - 🔄 [115 Sync] 番号 [IPX-316] 状态对齐: 0 -> 2 (离线成功 🎉)
[2026-08-12 21:29:00] [INFO] [javdb_scraper.py:196] - 🔄 [115 Sync] 番号 [IPX-344] 状态对齐: 0 -> 2 (离线成功 🎉)
[2026-08-12 21:29:00] [INFO] [javdb_scraper.py:196] - 🔄 [115 Sync] 番号 [IPX-443] 状态对齐: 0 -> 2 (离线成功 🎉)
[2026-08-12 21:29:00] [INFO] [javdb_scraper.py:196] - 🔄 [115 Sync] 番号 [IPX-530] 状态对齐: 0 -> 2 (离线成功 🎉)
[2026-08-12 21:29:00] [INFO] [javdb_scraper.py:196] - 🔄 [115 Sync] 番号 [IPX-555] 状态对齐: 0 -> 2 (离线成功 🎉)
[2026-08-12 21:29:00] [INFO] [javdb_scraper.py:196] - 🔄 [115 Sync] 番号 [IPX-602] 状态对齐: 0 -> 2 (离线成功 🎉)
[2026-08-12 21:29:00] [INFO] [javdb_scraper.py:196] - 🔄 [115 Sync] 番号 [IPX-633] 状态对齐: 0 -> 2 (离线成功 🎉)
[2026-08-12 21:29:00] [INFO] [javdb_scraper.py:196] - 🔄 [115 Sync] 番号 [IPX-764] 状态对齐: 0 -> 2 (离线成功 🎉)
[2026-08-12 21:29:00] [INFO] [javdb_scraper.py:196] - 🔄 [115 Sync] 番号 [IPX-904] 状态对齐: 0 -> 2 (离线成功 🎉)
[2026-08-12 21:29:00] [INFO] [javdb_scraper.py:196] - 🔄 [115 Sync] 番号 [IPX-991] 状态对齐: 0 -> 2 (离线成功 🎉)
[2026-08-12 21:29:00] [INFO] [javdb_scraper.py:196] - 🔄 [115 Sync] 番号 [IPZ-967] 状态对齐: 0 -> 2 (离线成功 🎉)
[2026-08-12 21:29:00] [INFO] [javdb_scraper.py:196] - 🔄 [115 Sync] 番号 [RBD-917] 状态对齐: 0 -> 2 (离线成功 🎉)
[2026-08-12 21:29:00] [INFO] [javdb_scraper.py:196] - 🔄 [115 Sync] 番号 [RBD-931] 状态对齐: 0 -> 2 (离线成功 🎉)
[2026-08-12 21:29:00] [INFO] [javdb_scraper.py:196] - 🔄 [115 Sync] 番号 [RBD-960] 状态对齐: 0 -> 2 (离线成功 🎉)
[2026-08-12 21:29:00] [INFO] [javdb_scraper.py:196] - 🔄 [115 Sync] 番号 [SAME-008] 状态对齐: 0 -> 2 (离线成功 🎉)
[2026-08-12 21:29:00] [INFO] [javdb_scraper.py:196] - 🔄 [115 Sync] 番号 [SAME-016] 状态对齐: 0 -> 2 (离线成功 🎉)
[2026-08-12 21:29:00] [INFO] [javdb_scraper.py:196] - 🔄 [115 Sync] 番号 [SAME-020] 状态对齐: 0 -> 2 (离线成功 🎉)
[2026-08-12 21:29:00] [INFO] [javdb_scraper.py:196] - 🔄 [115 Sync] 番号 [SHKD-821] 状态对齐: 0 -> 2 (离线成功 🎉)
[2026-08-12 21:29:00] [INFO] [javdb_scraper.py:196] - 🔄 [115 Sync] 番号 [SHKD-856] 状态对齐: 0 -> 2 (离线成功 🎉)
[2026-08-12 21:29:00] [INFO] [javdb_scraper.py:196] - 🔄 [115 Sync] 番号 [SHKD-857] 状态对齐: 0 -> 2 (离线成功 🎉)
[2026-08-12 21:29:00] [INFO] [javdb_scraper.py:196] - 🔄 [115 Sync] 番号 [SHKD-869] 状态对齐: 0 -> 2 (离线成功 🎉)
[2026-08-12 21:29:00] [INFO] [javdb_scraper.py:196] - 🔄 [115 Sync] 番号 [SHKD-883] 状态对齐: 0 -> 2 (离线成功 🎉)
[2026-08-12 21:29:00] [INFO] [javdb_scraper.py:196] - 🔄 [115 Sync] 番号 [SHKD-924] 状态对齐: 0 -> 2 (离线成功 🎉)
[2026-08-12 21:29:00] [INFO] [javdb_scraper.py:196] - 🔄 [115 Sync] 番号 [SHKD-950] 状态对齐: 0 -> 2 (离线成功 🎉)
[2026-08-12 21:29:00] [INFO] [javdb_scraper.py:196] - 🔄 [115 Sync] 番号 [SHKD-976] 状态对齐: 0 -> 2 (离线成功 🎉)
[2026-08-12 21:29:00] [INFO] [javdb_scraper.py:196] - 🔄 [115 Sync] 番号 [SSPD-147] 状态对齐: 0 -> 2 (离线成功 🎉)
[2026-08-12 21:29:00] [INFO] [javdb_scraper.py:196] - 🔄 [115 Sync] 番号 [AP-019] 状态对齐: 0 -> 2 (离线成功 🎉)
[2026-08-12 21:29:00] [INFO] [javdb_scraper.py:196] - 🔄 [115 Sync] 番号 [AP-019b] 状态对齐: 0 -> 2 (离线成功 🎉)
[2026-08-12 21:29:00] [INFO] [javdb_scraper.py:196] - 🔄 [115 Sync] 番号 [ATAD-181] 状态对齐: 0 -> 2 (离线成功 🎉)
[2026-08-12 21:29:00] [INFO] [javdb_scraper.py:196] - 🔄 [115 Sync] 番号 [ATKD-278] 状态对齐: 0 -> 2 (离线成功 🎉)
[2026-08-12 21:29:00] [INFO] [javdb_scraper.py:196] - 🔄 [115 Sync] 番号 [ATKD-290] 状态对齐: 0 -> 2 (离线成功 🎉)
[2026-08-12 21:29:00] [INFO] [javdb_scraper.py:196] - 🔄 [115 Sync] 番号 [ATKD-357] 状态对齐: 0 -> 2 (离线成功 🎉)
[2026-08-12 21:29:00] [INFO] [javdb_scraper.py:196] - 🔄 [115 Sync] 番号 [ATKD-362] 状态对齐: 0 -> 2 (离线成功 🎉)
[2026-08-12 21:29:00] [INFO] [javdb_scraper.py:196] - 🔄 [115 Sync] 番号 [ATVR-010] 状态对齐: 0 -> 2 (离线成功 🎉)
[2026-08-12 21:29:00] [INFO] [javdb_scraper.py:196] - 🔄 [115 Sync] 番号 [ATVR-012] 状态对齐: 0 -> 2 (离线成功 🎉)
[2026-08-12 21:29:00] [INFO] [javdb_scraper.py:196] - 🔄 [115 Sync] 番号 [ATVR-022] 状态对齐: 0 -> 2 (离线成功 🎉)
[2026-08-12 21:29:00] [INFO] [javdb_scraper.py:196] - 🔄 [115 Sync] 番号 [ATVR-025] 状态对齐: 0 -> 2 (离线成功 🎉)
[2026-08-12 21:29:00] [INFO] [javdb_scraper.py:196] - 🔄 [115 Sync] 番号 [BAGBD-068] 状态对齐: 0 -> -1 (离线失败 ❌)
[2026-08-12 21:29:00] [INFO] [javdb_scraper.py:196] - 🔄 [115 Sync] 番号 [BGSD-388] 状态对齐: 0 -> 2 (离线成功 🎉)
[2026-08-12 21:29:00] [INFO] [javdb_scraper.py:196] - 🔄 [115 Sync] 番号 [GTRP-001] 状态对齐: 0 -> 2 (离线成功 🎉)
[2026-08-12 21:29:00] [INFO] [javdb_scraper.py:196] - 🔄 [115 Sync] 番号 [IDBD-765] 状态对齐: 0 -> 2 (离线成功 🎉)
[2026-08-12 21:29:00] [INFO] [javdb_scraper.py:196] - 🔄 [115 Sync] 番号 [IDBD-794] 状态对齐: 0 -> 2 (离线成功 🎉)
[2026-08-12 21:29:00] [INFO] [javdb_scraper.py:196] - 🔄 [115 Sync] 番号 [IDBD-809] 状态对齐: 0 -> 2 (离线成功 🎉)
[2026-08-12 21:29:00] [INFO] [javdb_scraper.py:196] - 🔄 [115 Sync] 番号 [IDBD-811] 状态对齐: 0 -> 2 (离线成功 🎉)
[2026-08-12 21:29:00] [INFO] [javdb_scraper.py:196] - 🔄 [115 Sync] 番号 [IDBD-817] 状态对齐: 0 -> 2 (离线成功 🎉)
[2026-08-12 21:29:00] [INFO] [javdb_scraper.py:196] - 🔄 [115 Sync] 番号 [IDBD-939] 状态对齐: 0 -> 2 (离线成功 🎉)
[2026-08-12 21:29:00] [INFO] [javdb_scraper.py:196] - 🔄 [115 Sync] 番号 [IPVR-011] 状态对齐: 0 -> 2 (离线成功 🎉)
[2026-08-12 21:29:00] [INFO] [javdb_scraper.py:196] - 🔄 [115 Sync] 番号 [IPVR-061] 状态对齐: 0 -> 1 (下载中 📥)
[2026-08-12 21:29:00] [INFO] [javdb_scraper.py:196] - 🔄 [115 Sync] 番号 [IPVR-067] 状态对齐: 0 -> 2 (离线成功 🎉)
[2026-08-12 21:29:00] [INFO] [javdb_scraper.py:196] - 🔄 [115 Sync] 番号 [IPZZ-269] 状态对齐: 0 -> 2 (离线成功 🎉)
[2026-08-12 21:29:00] [INFO] [javdb_scraper.py:196] - 🔄 [115 Sync] 番号 [REBD-1019] 状态对齐: 0 -> 2 (离线成功 🎉)
[2026-08-12 21:29:00] [INFO] [javdb_scraper.py:196] - 🔄 [115 Sync] 番号 [REBD-423] 状态对齐: 0 -> 2 (离线成功 🎉)
[2026-08-12 21:29:00] [INFO] [javdb_scraper.py:196] - 🔄 [115 Sync] 番号 [REBD-497] 状态对齐: 0 -> 2 (离线成功 🎉)
[2026-08-12 21:29:00] [INFO] [javdb_scraper.py:196] - 🔄 [115 Sync] 番号 [REBD-619] 状态对齐: 0 -> 2 (离线成功 🎉)
[2026-08-12 21:29:00] [INFO] [javdb_scraper.py:196] - 🔄 [115 Sync] 番号 [REBD-756] 状态对齐: 0 -> 2 (离线成功 🎉)
[2026-08-12 21:29:00] [INFO] [javdb_scraper.py:196] - 🔄 [115 Sync] 番号 [REBD-814] 状态对齐: 0 -> 2 (离线成功 🎉)
[2026-08-12 21:29:00] [INFO] [javdb_scraper.py:196] - 🔄 [115 Sync] 番号 [REBD-929] 状态对齐: 0 -> 2 (离线成功 🎉)
[2026-08-12 21:29:00] [INFO] [javdb_scraper.py:196] - 🔄 [115 Sync] 番号 [REBDB-1004] 状态对齐: 0 -> 2 (离线成功 🎉)
[2026-08-12 21:29:00] [INFO] [javdb_scraper.py:196] - 🔄 [115 Sync] 番号 [REBDB-483] 状态对齐: 0 -> 2 (离线成功 🎉)
[2026-08-12 21:29:00] [INFO] [javdb_scraper.py:196] - 🔄 [115 Sync] 番号 [REBDB-605] 状态对齐: 0 -> 2 (离线成功 🎉)
[2026-08-12 21:29:00] [INFO] [javdb_scraper.py:196] - 🔄 [115 Sync] 番号 [REBDB-799] 状态对齐: 0 -> 2 (离线成功 🎉)
[2026-08-12 21:29:00] [INFO] [javdb_scraper.py:196] - 🔄 [115 Sync] 番号 [REBDB-914] 状态对齐: 0 -> 2 (离线成功 🎉)
[2026-08-12 21:29:00] [INFO] [javdb_scraper.py:196] - 🔄 [115 Sync] 番号 [ATAD-147] 状态对齐: 0 -> 2 (离线成功 🎉)
[2026-08-12 21:29:00] [INFO] [javdb_scraper.py:196] - 🔄 [115 Sync] 番号 [ATKD-289] 状态对齐: 0 -> 2 (离线成功 🎉)
[2026-08-12 21:29:00] [INFO] [javdb_scraper.py:196] - ✅ [115 Sync] 任务状态比对对齐完成，更新了 101 条离线记录
[2026-08-12 21:31:47] [INFO] [server.py:1496] - ⚙️ [Config] 配置修改成功！已更新 ['BASE_URL', 'API_HOST', 'API_PORT', 'DEFAULT_DB_PATH', 'SECURITY_CLEAR_KEY', 'DEFAULT_USER_AGENT', 'DEFAULT_COOKIES', 'REQUEST_DELAY_MIN', 'REQUEST_DELAY_MAX', 'MAX_RETRIES', 'RETRY_WAIT_BASE', 'REQUEST_TIMEOUT', 'HTTP_PROXY', 'HTTPS_PROXY', 'AUTH_SESSION_TTL', 'AUTH_HTTP_TIMEOUT', 'QUEUE_WORKER_CONCURRENCY', 'MAX_QUEUE_SIZE', 'ENABLE_SCHEDULER', 'DEFAULT_CRON_MAX_PAGES', 'INCREMENTAL_THRESHOLD', 'OLD_MOVIE_DAYS', 'DB_BUSY_TIMEOUT', 'ENABLE_WAL_MODE', 'REGEX_4K', 'REGEX_TAG_UC', 'REGEX_TAG_C', 'REGEX_TAG_U', 'REGEX_SUBTITLE', 'REGEX_UNCENSORED', 'GATEWAY_115_URL', 'GATEWAY_115_API_KEY', 'PUSH_BATCH_SIZE', 'PUSH_INTERVAL_MIN', 'PUSH_INTERVAL_MAX'] 并同步写回 config.ini
[2026-08-12 21:32:35] [INFO] [server.py:1496] - ⚙️ [Config] 配置修改成功！已更新 ['BASE_URL', 'API_HOST', 'API_PORT', 'DEFAULT_DB_PATH', 'SECURITY_CLEAR_KEY', 'DEFAULT_USER_AGENT', 'DEFAULT_COOKIES', 'REQUEST_DELAY_MIN', 'REQUEST_DELAY_MAX', 'MAX_RETRIES', 'RETRY_WAIT_BASE', 'REQUEST_TIMEOUT', 'HTTP_PROXY', 'HTTPS_PROXY', 'AUTH_SESSION_TTL', 'AUTH_HTTP_TIMEOUT', 'QUEUE_WORKER_CONCURRENCY', 'MAX_QUEUE_SIZE', 'ENABLE_SCHEDULER', 'DEFAULT_CRON_MAX_PAGES', 'INCREMENTAL_THRESHOLD', 'OLD_MOVIE_DAYS', 'DB_BUSY_TIMEOUT', 'ENABLE_WAL_MODE', 'REGEX_4K', 'REGEX_TAG_UC', 'REGEX_TAG_C', 'REGEX_TAG_U', 'REGEX_SUBTITLE', 'REGEX_UNCENSORED', 'GATEWAY_115_URL', 'GATEWAY_115_API_KEY', 'PUSH_BATCH_SIZE', 'PUSH_INTERVAL_MIN', 'PUSH_INTERVAL_MAX'] 并同步写回 config.ini
[2026-08-12 21:33:22] [INFO] [javdb_scraper.py:1640] - 📊 [115 Quota] 离线配额 -> 总量: 1500, 已用: 337, 剩余可用: 1163
[2026-08-12 21:33:22] [INFO] [server.py:1496] - ⚙️ [Config] 配置修改成功！已更新 ['BASE_URL', 'API_HOST', 'API_PORT', 'DEFAULT_DB_PATH', 'SECURITY_CLEAR_KEY', 'DEFAULT_USER_AGENT', 'DEFAULT_COOKIES', 'REQUEST_DELAY_MIN', 'REQUEST_DELAY_MAX', 'MAX_RETRIES', 'RETRY_WAIT_BASE', 'REQUEST_TIMEOUT', 'HTTP_PROXY', 'HTTPS_PROXY', 'AUTH_SESSION_TTL', 'AUTH_HTTP_TIMEOUT', 'QUEUE_WORKER_CONCURRENCY', 'MAX_QUEUE_SIZE', 'ENABLE_SCHEDULER', 'DEFAULT_CRON_MAX_PAGES', 'INCREMENTAL_THRESHOLD', 'OLD_MOVIE_DAYS', 'DB_BUSY_TIMEOUT', 'ENABLE_WAL_MODE', 'REGEX_4K', 'REGEX_TAG_UC', 'REGEX_TAG_C', 'REGEX_TAG_U', 'REGEX_SUBTITLE', 'REGEX_UNCENSORED', 'GATEWAY_115_URL', 'GATEWAY_115_API_KEY', 'PUSH_BATCH_SIZE', 'PUSH_INTERVAL_MIN', 'PUSH_INTERVAL_MAX'] 并同步写回 config.ini
[2026-08-12 21:33:31] [INFO] [server.py:1496] - ⚙️ [Config] 配置修改成功！已更新 ['BASE_URL', 'API_HOST', 'API_PORT', 'DEFAULT_DB_PATH', 'SECURITY_CLEAR_KEY', 'DEFAULT_USER_AGENT', 'DEFAULT_COOKIES', 'REQUEST_DELAY_MIN', 'REQUEST_DELAY_MAX', 'MAX_RETRIES', 'RETRY_WAIT_BASE', 'REQUEST_TIMEOUT', 'HTTP_PROXY', 'HTTPS_PROXY', 'AUTH_SESSION_TTL', 'AUTH_HTTP_TIMEOUT', 'QUEUE_WORKER_CONCURRENCY', 'MAX_QUEUE_SIZE', 'ENABLE_SCHEDULER', 'DEFAULT_CRON_MAX_PAGES', 'INCREMENTAL_THRESHOLD', 'OLD_MOVIE_DAYS', 'DB_BUSY_TIMEOUT', 'ENABLE_WAL_MODE', 'REGEX_4K', 'REGEX_TAG_UC', 'REGEX_TAG_C', 'REGEX_TAG_U', 'REGEX_SUBTITLE', 'REGEX_UNCENSORED', 'GATEWAY_115_URL', 'GATEWAY_115_API_KEY', 'PUSH_BATCH_SIZE', 'PUSH_INTERVAL_MIN', 'PUSH_INTERVAL_MAX'] 并同步写回 config.ini
[2026-08-12 21:34:29] [INFO] [server.py:1496] - ⚙️ [Config] 配置修改成功！已更新 ['BASE_URL', 'API_HOST', 'API_PORT', 'DEFAULT_DB_PATH', 'SECURITY_CLEAR_KEY', 'DEFAULT_USER_AGENT', 'DEFAULT_COOKIES', 'REQUEST_DELAY_MIN', 'REQUEST_DELAY_MAX', 'MAX_RETRIES', 'RETRY_WAIT_BASE', 'REQUEST_TIMEOUT', 'HTTP_PROXY', 'HTTPS_PROXY', 'AUTH_SESSION_TTL', 'AUTH_HTTP_TIMEOUT', 'QUEUE_WORKER_CONCURRENCY', 'MAX_QUEUE_SIZE', 'ENABLE_SCHEDULER', 'DEFAULT_CRON_MAX_PAGES', 'INCREMENTAL_THRESHOLD', 'OLD_MOVIE_DAYS', 'DB_BUSY_TIMEOUT', 'ENABLE_WAL_MODE', 'REGEX_4K', 'REGEX_TAG_UC', 'REGEX_TAG_C', 'REGEX_TAG_U', 'REGEX_SUBTITLE', 'REGEX_UNCENSORED', 'GATEWAY_115_URL', 'GATEWAY_115_API_KEY', 'PUSH_BATCH_SIZE', 'PUSH_INTERVAL_MIN', 'PUSH_INTERVAL_MAX'] 并同步写回 config.ini
[2026-08-12 21:34:42] [INFO] [javdb_scraper.py:366] - 🔍 [User] 正在请求个人中心校验 Cookie 权限...
[2026-08-12 21:34:46] [INFO] [javdb_scraper.py:374] - ✅ [User] Cookie 验证有效！
[2026-08-13 22:35:00] [INFO] [server.py:316] - 🔑 user.db 数据库安全结构校验完成
[2026-08-13 22:35:00] [INFO] [server.py:319] - ⏰ APScheduler 定时任务引擎已启动
[2026-08-13 22:35:00] [INFO] [server.py:332] - 🔄 [Lifespan] 自动成功恢复了 2 个持久化 Cron 定时任务！
[2026-08-13 22:35:00] [INFO] [server.py:335] - 📥 异步任务队列 Consumer 已就绪
[2026-08-13 22:35:36] [INFO] [javdb_scraper.py:1640] - 📊 [115 Quota] 离线配额 -> 总量: 1500, 已用: 335, 剩余可用: 1165
[2026-08-13 22:40:50] [INFO] [javdb_scraper.py:1640] - 📊 [115 Quota] 离线配额 -> 总量: 1500, 已用: 335, 剩余可用: 1165
[2026-08-13 22:42:47] [INFO] [server.py:316] - 🔑 user.db 数据库安全结构校验完成
[2026-08-13 22:42:47] [INFO] [server.py:319] - ⏰ APScheduler 定时任务引擎已启动
[2026-08-13 22:42:47] [INFO] [server.py:332] - 🔄 [Lifespan] 自动成功恢复了 2 个持久化 Cron 定时任务！
[2026-08-13 22:42:47] [INFO] [server.py:335] - 📥 异步任务队列 Consumer 已就绪
[2026-08-13 22:42:57] [INFO] [server.py:316] - 🔑 user.db 数据库安全结构校验完成
[2026-08-13 22:42:57] [INFO] [server.py:319] - ⏰ APScheduler 定时任务引擎已启动
[2026-08-13 22:42:57] [INFO] [server.py:332] - 🔄 [Lifespan] 自动成功恢复了 2 个持久化 Cron 定时任务！
[2026-08-13 22:42:57] [INFO] [server.py:335] - 📥 异步任务队列 Consumer 已就绪
[2026-08-13 22:53:13] [INFO] [server.py:316] - 🔑 user.db 数据库安全结构校验完成
[2026-08-13 22:53:13] [INFO] [server.py:319] - ⏰ APScheduler 定时任务引擎已启动
[2026-08-13 22:53:13] [INFO] [server.py:332] - 🔄 [Lifespan] 自动成功恢复了 2 个持久化 Cron 定时任务！
[2026-08-13 22:53:13] [INFO] [server.py:335] - 📥 异步任务队列 Consumer 已就绪
[2026-08-13 22:54:33] [INFO] [javdb_scraper.py:1640] - 📊 [115 Quota] 离线配额 -> 总量: 1500, 已用: 335, 剩余可用: 1165
[2026-08-13 22:54:46] [INFO] [server.py:157] - ▶️ [Queue] 开始执行队列任务 [d65610d8] | 任务 [d65610d8]
[2026-08-13 22:54:46] [INFO] [javdb_scraper.py:907] - 🔍 [Search] 精准搜索番号 [IPZ-914] -> URL: https://javdb.com/search?q=IPZ-914&sb=0
[2026-08-13 22:54:50] [WARNING] [javdb_scraper.py:308] - ⚠️ HTTP 请求返回状态码: 451 | URL: https://javdb.com/search?q=IPZ-914&sb=0
[2026-08-13 22:54:50] [WARNING] [javdb_scraper.py:922] - ⚠️ [Search] 未找到番号 [IPZ-914]
[2026-08-13 22:54:52] [INFO] [server.py:157] - ▶️ [Queue] 开始执行队列任务 [c3343919] | 任务 [c3343919]
[2026-08-13 22:54:52] [INFO] [javdb_scraper.py:907] - 🔍 [Search] 精准搜索番号 [BGSD-388] -> URL: https://javdb.com/search?q=BGSD-388&sb=0
[2026-08-13 22:54:56] [WARNING] [javdb_scraper.py:308] - ⚠️ HTTP 请求返回状态码: 451 | URL: https://javdb.com/search?q=BGSD-388&sb=0
[2026-08-13 22:54:56] [WARNING] [javdb_scraper.py:922] - ⚠️ [Search] 未找到番号 [BGSD-388]
[2026-08-13 22:55:30] [INFO] [server.py:157] - ▶️ [Queue] 开始执行队列任务 [5335fcbb] | 任务 [5335fcbb]
[2026-08-13 22:55:30] [INFO] [javdb_scraper.py:907] - 🔍 [Search] 精准搜索番号 [IPZ-914] -> URL: https://javdb.com/search?q=IPZ-914&sb=0
[2026-08-13 22:55:33] [WARNING] [javdb_scraper.py:922] - ⚠️ [Search] 未找到番号 [IPZ-914]
[2026-08-13 22:56:45] [INFO] [server.py:157] - ▶️ [Queue] 开始执行队列任务 [211266fb] | 任务 [211266fb]
[2026-08-13 22:56:45] [INFO] [javdb_scraper.py:907] - 🔍 [Search] 精准搜索番号 [REBDB-270] -> URL: https://javdb.com/search?q=REBDB-270&sb=0
[2026-08-13 22:56:48] [WARNING] [javdb_scraper.py:922] - ⚠️ [Search] 未找到番号 [REBDB-270]
[2026-08-13 22:57:13] [INFO] [server.py:157] - ▶️ [Queue] 开始执行队列任务 [39121999] | 演员 [瀬戸環奈] - 智能增量更新
[2026-08-13 22:57:13] [INFO] [javdb_scraper.py:196] - 📄 [Scrape] 正在抓取索引页 [1]: https://javdb.com/actors/neRNX
[2026-08-13 22:57:17] [INFO] [javdb_scraper.py:196] - 🔚 [Scrape] 抓取至末页
[2026-08-13 22:57:50] [INFO] [javdb_scraper.py:908] - 🔍 [Search] 精准搜索番号 [REBDB-270] -> URL: https://javdb.com/search?q=REBDB-270&sb=0
[2026-08-13 22:57:53] [INFO] [javdb_scraper.py:955] - 🔗 [Search] 匹配到番号 [REBDB-270] 目标链接: https://javdb.com/v/5EOvM
[2026-08-13 22:57:57] [INFO] [javdb_scraper.py:966] - 📥 [DB] 番号 [REBDB-270] 存库成功
[2026-08-13 22:58:13] [INFO] [server.py:157] - ▶️ [Queue] 开始执行队列任务 [d812e589] | 任务 [d812e589]
[2026-08-13 22:58:13] [INFO] [javdb_scraper.py:907] - 🔍 [Search] 精准搜索番号 [DGRP-024] -> URL: https://javdb.com/search?q=DGRP-024&sb=0
[2026-08-13 22:58:16] [WARNING] [javdb_scraper.py:922] - ⚠️ [Search] 未找到番号 [DGRP-024]
[2026-08-13 22:58:30] [INFO] [server.py:157] - ▶️ [Queue] 开始执行队列任务 [90c5523a] | 任务 [90c5523a]
[2026-08-13 22:58:30] [INFO] [javdb_scraper.py:907] - 🔍 [Search] 精准搜索番号 [IPX-101] -> URL: https://javdb.com/search?q=IPX-101&sb=0
[2026-08-13 22:58:33] [WARNING] [javdb_scraper.py:922] - ⚠️ [Search] 未找到番号 [IPX-101]
[2026-08-13 22:59:20] [INFO] [server.py:316] - 🔑 user.db 数据库安全结构校验完成
[2026-08-13 22:59:20] [INFO] [server.py:319] - ⏰ APScheduler 定时任务引擎已启动
[2026-08-13 22:59:20] [INFO] [server.py:332] - 🔄 [Lifespan] 自动成功恢复了 2 个持久化 Cron 定时任务！
[2026-08-13 22:59:20] [INFO] [server.py:335] - 📥 异步任务队列 Consumer 已就绪
[2026-08-13 22:59:39] [INFO] [javdb_scraper.py:1640] - 📊 [115 Quota] 离线配额 -> 总量: 1500, 已用: 335, 剩余可用: 1165
[2026-08-13 22:59:45] [INFO] [server.py:157] - ▶️ [Queue] 开始执行队列任务 [68fd9cac] | 演员 [河北彩花] - 智能增量更新
[2026-08-13 22:59:45] [INFO] [javdb_scraper.py:196] - 📄 [Scrape] 正在抓取索引页 [1]: https://javdb.com/actors/EvkJ
[2026-08-13 22:59:49] [INFO] [javdb_scraper.py:196] - 🔚 [Scrape] 抓取至末页
[2026-08-13 22:59:57] [INFO] [server.py:157] - ▶️ [Queue] 开始执行队列任务 [8b0737e8] | 任务 [8b0737e8]
[2026-08-13 22:59:57] [INFO] [javdb_scraper.py:907] - 🔍 [Search] 精准搜索番号 [IPZ-933] -> URL: https://javdb.com/search?q=IPZ-933&sb=0
[2026-08-13 23:00:00] [WARNING] [javdb_scraper.py:922] - ⚠️ [Search] 未找到番号 [IPZ-933]
[2026-08-13 23:00:44] [INFO] [javdb_scraper.py:366] - 🔍 [User] 正在请求个人中心校验 Cookie 权限...
[2026-08-13 23:00:48] [WARNING] [javdb_scraper.py:371] - ⚠️ [User] Cookie 已失效 (重定向至登录页)
[2026-08-13 23:00:54] [INFO] [javdb_scraper.py:49] - 🔑 [Auth] 正在请求 JavDB 登录页面获取 CSRF Token: https://javdb.com/login
[2026-08-13 23:00:55] [INFO] [javdb_scraper.py:73] - 🧩 [Auth] 识别到图形验证码，正在获取验证码图片...
[2026-08-13 23:00:55] [INFO] [javdb_scraper.py:78] - ✅ [Auth] 验证码图片 Base64 解析成功
[2026-08-13 23:00:55] [INFO] [javdb_scraper.py:90] - 💡 [Auth] 成功创建登录临时会话, Session ID: 2d7d4ef985de497382d4a6e5c442441f
[2026-08-13 23:01:14] [INFO] [javdb_scraper.py:135] - 🚀 [Auth] 正在提交登录表单 (账号: ghsyxll@outlook.com)...
[2026-08-13 23:01:15] [INFO] [javdb_scraper.py:156] - 🎉 [Auth] JavDB 模拟直登成功！Cookie 凭证提取完毕
[2026-08-13 23:01:15] [INFO] [server.py:660] - 🔑 模拟登录成功，新 Cookie 已更新写入 config.ini！
[2026-08-13 23:01:19] [INFO] [server.py:157] - ▶️ [Queue] 开始执行队列任务 [46a1b258] | 任务 [46a1b258]
[2026-08-13 23:01:19] [INFO] [javdb_scraper.py:907] - 🔍 [Search] 精准搜索番号 [BGSD-388] -> URL: https://javdb.com/search?q=BGSD-388&sb=0
[2026-08-13 23:01:21] [INFO] [javdb_scraper.py:925] - 🔗 [Search] 匹配到番号 [BGSD-388] 目标链接: https://javdb.com/v/RdZe8
[2026-08-13 23:01:25] [INFO] [javdb_scraper.py:936] - 📥 [DB] 番号 [BGSD-388] 存库成功
[2026-08-13 23:01:53] [INFO] [javdb_scraper.py:196] - 🗑️ [DB] 成功从数据库删除番号 [LUXU-1893] 的影片记录
[2026-08-13 23:01:57] [INFO] [server.py:157] - ▶️ [Queue] 开始执行队列任务 [52957f6e] | 清单 [测试测试] - 全量抓取
[2026-08-13 23:01:57] [INFO] [javdb_scraper.py:196] - 📄 [Scrape] 正在抓取索引页 [1]: https://javdb.com/lists/VwKbrn?lst=0
[2026-08-13 23:02:00] [INFO] [javdb_scraper.py:743] - 📥 [DB] 索引记录批量存库成功 (1 条)
[2026-08-13 23:02:00] [INFO] [javdb_scraper.py:196] - 📥 [DB] 索引记录批量存库成功 (1 条)
[2026-08-13 23:02:00] [INFO] [javdb_scraper.py:196] - 🔚 [Scrape] 抓取至末页
[2026-08-13 23:02:00] [INFO] [javdb_scraper.py:196] - 🚀 [Scrape] 筛选出 1 部待更新/追踪巡检影片
[2026-08-13 23:02:00] [INFO] [javdb_scraper.py:196] - 🔎 [1/1] 抓取详情: LUXU-1893 (https://javdb.com/v/EbOJaQ)
[2026-08-13 23:02:03] [INFO] [javdb_scraper.py:196] - 💾 [DB] 番号 [LUXU-1893] 详情与磁力存库成功 (已获取 6 条磁力 | 无码中字: ❌)
[2026-08-13 23:03:31] [INFO] [javdb_scraper.py:910] - 🔍 [Search] 精准搜索番号 [IPX-101] -> URL: https://javdb.com/search?q=IPX-101&sb=0
[2026-08-13 23:03:34] [WARNING] [javdb_scraper.py:941] - ⚠️ [Search] 未找到番号 [IPX-101]
[2026-08-13 23:03:34] [INFO] [javdb_scraper.py:196] - 🚀 [Scrape] 筛选出 1 部待更新/追踪巡检影片
[2026-08-13 23:03:34] [INFO] [javdb_scraper.py:196] - 🔎 [1/1] 抓取详情: IPX-101 (https://javdb.com/v/VwkZW)
[2026-08-13 23:03:36] [INFO] [javdb_scraper.py:196] - 💾 [DB] 番号 [IPX-101] 详情与磁力存库成功 (已获取 28 条磁力 | 无码中字: ❌)
[2026-08-13 23:04:12] [INFO] [javdb_scraper.py:910] - 🔍 [Search] 精准搜索番号 [IPX-101] -> URL: https://javdb.com/search?q=IPX-101&sb=0
[2026-08-13 23:04:16] [INFO] [javdb_scraper.py:954] - 🔗 [Search] 匹配到番号 [IPX-101] 目标链接: https://javdb.com/v/VwkZW
[2026-08-13 23:04:19] [INFO] [javdb_scraper.py:965] - 📥 [DB] 番号 [IPX-101] 存库成功
[2026-08-13 23:04:24] [INFO] [server.py:316] - 🔑 user.db 数据库安全结构校验完成
[2026-08-13 23:04:24] [INFO] [server.py:319] - ⏰ APScheduler 定时任务引擎已启动
[2026-08-13 23:04:24] [INFO] [server.py:332] - 🔄 [Lifespan] 自动成功恢复了 2 个持久化 Cron 定时任务！
[2026-08-13 23:04:24] [INFO] [server.py:335] - 📥 异步任务队列 Consumer 已就绪
[2026-08-13 23:05:08] [INFO] [server.py:316] - 🔑 user.db 数据库安全结构校验完成
[2026-08-13 23:05:08] [INFO] [server.py:319] - ⏰ APScheduler 定时任务引擎已启动
[2026-08-13 23:05:08] [INFO] [server.py:332] - 🔄 [Lifespan] 自动成功恢复了 2 个持久化 Cron 定时任务！
[2026-08-13 23:05:08] [INFO] [server.py:335] - 📥 异步任务队列 Consumer 已就绪
[2026-08-13 23:05:39] [INFO] [javdb_scraper.py:1640] - 📊 [115 Quota] 离线配额 -> 总量: 1500, 已用: 335, 剩余可用: 1165
[2026-08-13 23:05:55] [INFO] [javdb_scraper.py:196] - 🗑️ [DB] 成功从数据库删除番号 [LUXU-1893] 的影片记录
[2026-08-13 23:05:59] [INFO] [server.py:157] - ▶️ [Queue] 开始执行队列任务 [1a88021f] | 清单 [测试测试] - 全量抓取
[2026-08-13 23:05:59] [INFO] [javdb_scraper.py:196] - 📄 [Scrape] 正在抓取索引页 [1]: https://javdb.com/lists/VwKbrn?lst=0
[2026-08-13 23:06:02] [INFO] [javdb_scraper.py:743] - 📥 [DB] 索引记录批量存库成功 (1 条)
[2026-08-13 23:06:02] [INFO] [javdb_scraper.py:196] - 📥 [DB] 索引记录批量存库成功 (1 条)
[2026-08-13 23:06:02] [INFO] [javdb_scraper.py:196] - 🔚 [Scrape] 抓取至末页
[2026-08-13 23:06:02] [INFO] [javdb_scraper.py:196] - 🚀 [Scrape] 筛选出 1 部待更新/追踪巡检影片
[2026-08-13 23:06:02] [INFO] [javdb_scraper.py:196] - 🔎 [1/1] 抓取详情: LUXU-1893 (https://javdb.com/v/EbOJaQ)
[2026-08-13 23:06:05] [INFO] [javdb_scraper.py:196] - 💾 [DB] 番号 [LUXU-1893] 详情与磁力存库成功 (已获取 6 条磁力 | 无码中字: ❌)
[2026-08-13 23:06:29] [INFO] [server.py:157] - ▶️ [Queue] 开始执行队列任务 [0953710d] | 任务 [0953710d]
[2026-08-13 23:06:29] [INFO] [javdb_scraper.py:907] - 🔍 [Search] 精准搜索番号 [IDBD-767] -> URL: https://javdb.com/search?q=IDBD-767&sb=0
[2026-08-13 23:06:32] [INFO] [javdb_scraper.py:925] - 🔗 [Search] 匹配到番号 [IDBD-767] 目标链接: https://javdb.com/v/w20Y
[2026-08-13 23:06:35] [INFO] [javdb_scraper.py:936] - 📥 [DB] 番号 [IDBD-767] 存库成功
[2026-08-13 23:11:05] [INFO] [server.py:316] - 🔑 user.db 数据库安全结构校验完成
[2026-08-13 23:11:05] [INFO] [server.py:319] - ⏰ APScheduler 定时任务引擎已启动
[2026-08-13 23:11:05] [INFO] [server.py:332] - 🔄 [Lifespan] 自动成功恢复了 2 个持久化 Cron 定时任务！
[2026-08-13 23:11:05] [INFO] [server.py:335] - 📥 异步任务队列 Consumer 已就绪
[2026-08-13 23:12:15] [INFO] [server.py:610] - 🔑 [System Auth] 用户 [root] 验证成功，已颁发 Session Token
[2026-08-13 23:12:15] [INFO] [javdb_scraper.py:1640] - 📊 [115 Quota] 离线配额 -> 总量: 1500, 已用: 335, 剩余可用: 1165
[2026-08-13 23:13:04] [INFO] [javdb_scraper.py:379] - 🎭 [User] 正在拉取用户订阅演员...
[2026-08-13 23:13:08] [WARNING] [javdb_scraper.py:382] - ⚠️ [User] 拉取订阅演员失败：Cookie 已失效，需重新登录或设置 Cookie
[2026-08-13 23:14:41] [INFO] [server.py:610] - 🔑 [System Auth] 用户 [root] 验证成功，已颁发 Session Token
